Site Name,Longitude,Latitude,Township,Region,Azimuth,Beamwidth,Radius
"Site 1,95.150863,18.468472,Yankin,Bago,97,60,2.2"
"Site 2,96.560232,19.569852,South Okkalapa,Mandalay,305,45,1.5"
"Site 3,94.836778,19.419242,Pazundaung,Magway,103,60,4.1"
"Site 4,97.653138,18.686395,Shwepyitha,Mandalay,60,60,4.8"
"Site 5,98.320536,18.073070,Mayangone,Magway,198,120,2.8"
"Site 6,97.168330,16.628929,Insein,Shan,28,180,7.7"
"Site 7,96.030586,17.237655,Mingalar Taung Nyunt,Kayin,8,120,5.6"
"Site 8,97.408243,20.761991,Hlaingthaya,Bago,232,180,5.3"
"Site 9,98.105576,16.539450,Kyauktada,Magway,336,90,7.2"
"Site 10,97.994372,15.279143,Botahtaung,Sagaing,176,180,7.5"
"Site 11,93.060840,16.598620,North Okkalapa,Ayeyarwady,150,45,2.6"
"Site 12,97.391065,18.561778,Mingaladon,Mandalay,287,45,3.1"
"Site 13,93.324441,19.222270,Insein,Magway,198,120,2.4"
"Site 14,96.814386,20.161591,Hlaingthaya,Mandalay,167,65,5.7"
"Site 15,95.386682,15.145002,Dala,Mandalay,241,90,7.6"
"Site 16,98.661851,20.367617,North Okkalapa,Mon,56,60,7.0"
"Site 17,96.584805,19.393305,Botahtaung,Mandalay,105,60,3.2"
"Site 18,93.873907,18.101346,Hlaing,Yangon,188,60,7.3"
"Site 19,98.759973,17.939860,Hlaingthaya,Kayin,150,180,2.6"
"Site 20,96.559591,19.269952,Dagon,Ayeyarwady,254,60,4.1"
"Site 21,96.701269,21.220836,Mingaladon,Mandalay,303,180,6.3"
"Site 22,97.589473,15.686654,Shwepyitha,Yangon,150,60,2.0"
"Site 23,96.907198,16.429907,Hlaing,Mon,345,180,6.7"
"Site 24,94.207545,19.374625,Mingalar Taung Nyunt,Ayeyarwady,218,90,7.8"
"Site 25,97.288883,16.317411,Pazundaung,Mon,96,65,6.4"
"Site 26,97.419051,16.839417,Pazundaung,Kayin,287,65,4.8"
"Site 27,94.470612,15.017591,South Okkalapa,Bago,4,60,6.8"
"Site 28,96.063913,15.457108,South Okkalapa,Shan,0,120,1.5"
"Site 29,93.370735,21.710240,South Okkalapa,Mon,346,120,0.8"
"Site 30,97.031616,17.388483,Dagon,Yangon,84,45,6.8"
"Site 31,96.272478,19.807190,Dala,Bago,190,180,5.6"
"Site 32,98.004662,18.421512,Dala,Ayeyarwady,176,65,7.7"
"Site 33,95.091980,16.885831,Dala,Shan,297,120,4.7"
"Site 34,94.120578,18.881494,Kamayut,Sagaing,60,120,4.2"
"Site 35,95.216767,16.308859,Kyauktada,Yangon,153,60,7.6"
"Site 36,94.756722,17.888939,Hlaing,Magway,16,90,6.0"
"Site 37,94.674300,19.988681,Hlaingthaya,Bago,234,60,5.0"
"Site 38,95.301843,21.367584,South Okkalapa,Bago,311,45,3.5"
"Site 39,94.024391,16.548201,Dagon,Kayin,42,45,6.9"
"Site 40,97.534538,17.729056,Dagon,Bago,269,90,2.4"
"Site 41,96.189213,21.782594,South Okkalapa,Yangon,78,180,7.5"
"Site 42,93.838376,15.582531,Seikkan,Mandalay,141,65,6.8"
"Site 43,98.117257,17.996872,Yankin,Ayeyarwady,319,180,5.5"
"Site 44,97.394690,16.992514,Seikkan,Kayin,254,45,5.0"
"Site 45,93.736692,17.493956,Mayangone,Naypyidaw,239,120,0.5"
"Site 46,94.754670,21.147371,Yankin,Bago,249,90,3.2"
"Site 47,93.717414,17.921708,North Okkalapa,Mon,76,45,5.4"
"Site 48,98.052288,16.383224,Seikkan,Ayeyarwady,135,120,1.5"
"Site 49,96.426485,20.952545,Botahtaung,Kayin,318,180,5.0"
"Site 50,94.281476,16.030090,Yankin,Mandalay,302,120,5.8"
"Site 51,93.575585,18.724346,Yankin,Mandalay,72,90,6.6"
"Site 52,93.376202,21.779338,South Okkalapa,Kayin,31,65,4.8"
"Site 53,93.097683,19.715181,Seikkan,Sagaing,166,90,4.5"
"Site 54,97.562246,17.676898,Pazundaung,Yangon,90,120,3.8"
"Site 55,98.069439,20.647908,Seikkan,Naypyidaw,76,45,5.4"
"Site 56,96.824852,16.535570,South Okkalapa,Mon,312,60,5.9"
"Site 57,93.134467,18.016510,Dagon,Yangon,3,45,0.8"
"Site 58,98.088774,15.117740,Kyauktada,Magway,97,180,3.6"
"Site 59,94.711005,21.415044,Mingalar Taung Nyunt,Sagaing,131,120,4.0"
"Site 60,96.174610,16.897472,North Okkalapa,Sagaing,66,45,7.8"
"Site 61,93.804828,17.234001,Mingalar Taung Nyunt,Mandalay,184,65,7.8"
"Site 62,97.455005,17.537896,Insein,Bago,197,45,1.6"
"Site 63,97.049929,20.061290,Yankin,Shan,146,90,1.6"
"Site 64,97.841438,21.397574,Botahtaung,Sagaing,224,180,6.3"
"Site 65,97.909728,18.275869,Seikkan,Kayin,246,60,4.6"
"Site 66,98.107927,16.533077,Mingalar Taung Nyunt,Yangon,322,60,7.7"
"Site 67,93.329293,16.741952,Insein,Mon,301,120,5.3"
"Site 68,94.393630,21.663100,Pazundaung,Shan,218,90,7.7"
"Site 69,96.626038,17.005231,Botahtaung,Mandalay,167,45,3.6"
"Site 70,96.737887,20.474941,South Okkalapa,Magway,148,120,7.8"
"Site 71,97.814884,16.702116,Hlaing,Mandalay,26,65,1.9"
"Site 72,93.919628,16.931566,Seikkan,Kayin,279,120,1.6"
"Site 73,94.339486,15.821987,Mingaladon,Mon,309,60,6.6"
"Site 74,94.981873,17.831732,Botahtaung,Ayeyarwady,166,45,2.8"
"Site 75,95.383752,20.159542,Pazundaung,Kayin,162,65,7.3"
"Site 76,93.667985,17.817679,Insein,Shan,207,45,4.1"
"Site 77,97.795483,15.207440,Hlaing,Mon,347,60,0.7"
"Site 78,96.751467,21.417362,Insein,Mon,197,180,1.7"
"Site 79,95.153052,21.008925,South Okkalapa,Yangon,118,180,6.3"
"Site 80,98.657625,15.125713,Pazundaung,Yangon,175,60,7.7"
"Site 81,96.541006,20.853131,Yankin,Mandalay,293,60,1.6"
"Site 82,96.688172,19.388667,Kamayut,Mandalay,19,45,1.9"
"Site 83,93.249359,18.755048,Kyauktada,Bago,122,120,1.1"
"Site 84,95.996328,16.134479,Thingangyun,Mon,49,65,0.6"
"Site 85,94.086067,15.558858,Hlaing,Bago,210,90,7.7"
"Site 86,95.641382,15.881816,South Okkalapa,Shan,305,180,4.0"
"Site 87,96.299371,20.935065,South Okkalapa,Shan,290,120,4.2"
"Site 88,97.653770,15.515487,Mingalar Taung Nyunt,Bago,336,90,7.0"
"Site 89,96.407716,21.029118,Kamayut,Naypyidaw,316,45,4.3"
"Site 90,94.991192,21.020924,Insein,Mandalay,239,120,5.6"
"Site 91,94.862001,15.148893,Insein,Naypyidaw,125,180,3.7"
"Site 92,96.788309,15.665126,Thingangyun,Kayin,189,180,6.1"
"Site 93,98.282459,19.532451,Yankin,Kayin,101,120,5.4"
"Site 94,93.478134,21.731324,Hlaingthaya,Shan,14,180,1.4"
"Site 95,96.775882,16.018906,Insein,Bago,14,45,5.8"
"Site 96,98.075419,16.332300,Kamayut,Sagaing,288,65,5.3"
"Site 97,94.980686,19.465126,Kyauktada,Shan,92,45,1.6"
"Site 98,96.307883,15.805193,Mingalar Taung Nyunt,Kayin,159,180,2.1"
"Site 99,96.406548,18.887639,Shwepyitha,Magway,325,90,2.6"
"Site 100,93.697205,21.355885,Yankin,Bago,24,60,7.9"
"Site 101,95.191451,15.133934,Botahtaung,Kayin,115,90,1.1"
"Site 102,96.638914,17.282729,Dala,Shan,342,180,4.0"
"Site 103,96.805042,20.876448,Pazundaung,Naypyidaw,227,90,1.7"
"Site 104,94.109369,18.568789,Pazundaung,Kayin,6,45,3.6"
"Site 105,98.175604,15.537295,Mayangone,Naypyidaw,256,90,3.9"
"Site 106,98.445557,21.827994,Thingangyun,Mandalay,115,120,2.4"
"Site 107,96.607621,17.285357,North Okkalapa,Kayin,200,180,5.8"
"Site 108,94.927570,18.710327,Mayangone,Ayeyarwady,313,90,7.0"
"Site 109,94.285467,20.021808,Thingangyun,Magway,171,120,5.3"
"Site 110,97.429782,21.557324,Mayangone,Magway,326,90,2.0"
"Site 111,95.520148,19.574550,Seikkan,Shan,120,180,4.7"
"Site 112,96.745160,18.846083,Dala,Magway,11,45,5.0"
"Site 113,95.280827,17.378952,Thingangyun,Mon,87,60,0.9"
"Site 114,95.734897,18.084061,South Okkalapa,Mandalay,20,45,3.6"
"Site 115,97.082720,20.651010,Kyauktada,Shan,197,45,1.9"
"Site 116,95.579556,21.010292,Insein,Mandalay,197,60,7.0"
"Site 117,98.485220,19.988103,Seikkan,Mon,139,180,5.6"
"Site 118,94.701997,15.779016,Yankin,Sagaing,29,180,4.9"
"Site 119,97.052123,18.564645,Mingaladon,Mandalay,46,60,0.7"
"Site 120,94.305471,16.740828,Insein,Naypyidaw,359,180,1.1"
"Site 121,95.219564,17.510983,Hlaingthaya,Mandalay,299,120,4.6"
"Site 122,93.671510,20.419974,Botahtaung,Sagaing,0,180,5.9"
"Site 123,98.682524,15.725012,Thingangyun,Bago,55,60,3.8"
"Site 124,95.461647,21.137382,Dagon,Mon,345,180,4.3"
"Site 125,95.059787,18.645710,Kamayut,Magway,117,120,1.7"
"Site 126,94.518329,19.864638,Dagon,Kayin,47,45,1.5"
"Site 127,93.798157,19.902636,Yankin,Shan,59,180,3.2"
"Site 128,94.364359,21.815019,Botahtaung,Mon,98,65,1.9"
"Site 129,94.391989,20.116745,South Okkalapa,Bago,113,90,4.5"
"Site 130,97.093985,17.619114,Yankin,Bago,204,60,3.9"
"Site 131,97.601028,18.146991,Insein,Yangon,288,60,1.9"
"Site 132,96.113182,19.026817,Yankin,Kayin,77,90,5.7"
"Site 133,97.845628,15.358543,Pazundaung,Ayeyarwady,274,120,7.4"
"Site 134,93.333217,18.110672,North Okkalapa,Mon,224,120,5.8"
"Site 135,94.490863,16.066436,Dagon,Ayeyarwady,91,45,4.7"
"Site 136,95.858609,17.883161,South Okkalapa,Shan,241,90,1.9"
"Site 137,98.679396,15.099549,Dala,Mandalay,353,45,1.2"
"Site 138,96.211920,19.031357,Hlaingthaya,Magway,3,60,3.2"
"Site 139,94.685251,16.408690,Insein,Bago,352,120,0.8"
"Site 140,98.811636,17.291498,Kyauktada,Sagaing,54,90,6.9"
"Site 141,98.969028,19.150378,Hlaingthaya,Yangon,50,60,3.1"
"Site 142,94.223029,16.983396,Insein,Yangon,39,60,4.8"
"Site 143,97.528198,19.403334,Mingalar Taung Nyunt,Mandalay,38,45,7.8"
"Site 144,94.564354,15.951982,Mingalar Taung Nyunt,Naypyidaw,288,120,2.5"
"Site 145,98.101372,21.532562,Botahtaung,Mandalay,213,120,1.4"
"Site 146,97.318704,19.598685,Kyauktada,Magway,262,120,0.9"
"Site 147,98.034170,20.965851,Yankin,Mandalay,197,45,3.2"
"Site 148,98.027447,17.986828,Yankin,Yangon,332,180,3.9"
"Site 149,96.806963,18.168588,Hlaing,Sagaing,250,180,5.7"
"Site 150,93.206325,21.524013,Kamayut,Sagaing,172,90,0.9"
"Site 151,95.050272,16.176413,Insein,Sagaing,323,45,5.8"
"Site 152,94.348057,16.245578,Dagon,Shan,63,45,7.5"
"Site 153,94.549535,21.893937,North Okkalapa,Shan,272,65,2.1"
"Site 154,96.774673,16.906348,Yankin,Mon,34,180,7.2"
"Site 155,95.427152,16.426038,Botahtaung,Mandalay,90,180,1.0"
"Site 156,97.119645,21.551390,North Okkalapa,Bago,107,65,3.5"
"Site 157,94.212688,21.661965,South Okkalapa,Magway,66,120,5.8"
"Site 158,93.069343,19.457944,Hlaingthaya,Yangon,43,45,7.9"
"Site 159,93.516355,17.440895,Thingangyun,Magway,125,60,3.0"
"Site 160,97.483198,21.071504,Botahtaung,Bago,2,90,5.5"
"Site 161,93.743410,19.380825,Shwepyitha,Mandalay,10,45,7.9"
"Site 162,96.871024,15.532887,Botahtaung,Magway,244,65,3.7"
"Site 163,93.221762,21.760832,Shwepyitha,Naypyidaw,186,90,5.4"
"Site 164,98.137046,21.030123,Hlaingthaya,Ayeyarwady,157,120,2.5"
"Site 165,97.734346,16.007696,Botahtaung,Bago,296,120,1.7"
"Site 166,94.815155,19.449649,North Okkalapa,Bago,35,65,1.4"
"Site 167,97.486479,17.499459,Dagon,Naypyidaw,212,45,3.7"
"Site 168,98.390667,21.360974,Mingalar Taung Nyunt,Bago,219,90,5.4"
"Site 169,93.971951,19.733002,Kamayut,Magway,287,60,3.3"
"Site 170,96.401012,15.177414,Thingangyun,Mon,194,60,6.3"
"Site 171,94.637286,21.860008,Kyauktada,Kayin,67,120,3.3"
"Site 172,97.198112,20.947824,Seikkan,Ayeyarwady,166,90,3.0"
"Site 173,95.844800,15.362082,South Okkalapa,Shan,239,180,4.5"
"Site 174,94.350100,18.337854,Botahtaung,Sagaing,55,65,7.8"
"Site 175,96.130085,15.354058,Dagon,Mandalay,81,65,4.9"
"Site 176,93.854318,17.584993,Hlaing,Ayeyarwady,279,90,0.9"
"Site 177,97.164965,20.842776,Hlaing,Yangon,214,60,1.2"
"Site 178,97.163607,17.546663,Seikkan,Mandalay,84,60,6.2"
"Site 179,93.063776,15.884722,Seikkan,Sagaing,42,120,1.2"
"Site 180,95.194973,21.249878,Botahtaung,Mandalay,279,180,6.5"
"Site 181,98.936866,16.741652,North Okkalapa,Mon,58,45,4.0"
"Site 182,94.607857,18.270008,Thingangyun,Mandalay,230,65,1.5"
"Site 183,93.866928,19.399024,Botahtaung,Kayin,164,60,2.7"
"Site 184,95.487092,21.640132,North Okkalapa,Kayin,237,45,3.3"
"Site 185,94.268491,21.356947,Mayangone,Ayeyarwady,257,65,3.1"
"Site 186,94.462452,17.744433,North Okkalapa,Naypyidaw,114,180,1.8"
"Site 187,97.457375,15.377134,Shwepyitha,Ayeyarwady,297,90,2.8"
"Site 188,95.446544,16.564025,Pazundaung,Naypyidaw,157,45,5.9"
"Site 189,95.382231,21.148700,South Okkalapa,Kayin,245,45,4.7"
"Site 190,94.860677,17.989217,Mingalar Taung Nyunt,Mandalay,184,180,3.8"
"Site 191,93.087028,16.268294,Mingalar Taung Nyunt,Mandalay,66,65,6.5"
"Site 192,97.592164,19.923883,Hlaingthaya,Ayeyarwady,323,60,6.2"
"Site 193,98.751233,18.541051,Pazundaung,Bago,303,45,6.4"
"Site 194,93.359170,16.907097,Kamayut,Shan,0,60,2.6"
"Site 195,93.621703,16.802189,South Okkalapa,Kayin,114,180,7.0"
"Site 196,93.069838,16.920616,Yankin,Shan,54,65,4.5"
"Site 197,93.847488,16.574642,Hlaing,Yangon,47,120,4.2"
"Site 198,97.903492,21.211253,Dagon,Sagaing,79,65,7.9"
"Site 199,93.895875,20.765226,Hlaingthaya,Magway,326,90,1.2"
"Site 200,96.596476,18.267986,Mayangone,Magway,17,90,2.5"
"Site 201,94.775130,16.967497,Shwepyitha,Mandalay,277,65,3.9"
"Site 202,94.172840,16.996379,Dagon,Kayin,282,65,2.0"
"Site 203,98.687367,19.137513,North Okkalapa,Magway,244,65,4.9"
"Site 204,97.699551,15.061194,Dala,Magway,80,60,4.7"
"Site 205,93.566955,21.785407,Hlaingthaya,Shan,335,45,4.4"
"Site 206,97.221840,20.467254,Hlaing,Mandalay,16,90,7.4"
"Site 207,94.077831,18.314878,Mayangone,Bago,161,90,4.8"
"Site 208,96.352761,20.435551,Mingalar Taung Nyunt,Yangon,319,45,4.5"
"Site 209,96.744109,16.557421,Insein,Mon,21,120,4.3"
"Site 210,96.583429,20.372443,Botahtaung,Mon,328,60,2.7"
"Site 211,96.414491,15.099162,Dagon,Mandalay,156,45,4.7"
"Site 212,97.722743,18.476548,Dagon,Mon,102,60,3.1"
"Site 213,98.744894,17.684409,Hlaing,Sagaing,61,90,6.9"
"Site 214,98.497095,19.717013,Hlaingthaya,Ayeyarwady,265,90,3.1"
"Site 215,93.424246,21.265089,Shwepyitha,Bago,199,60,0.8"
"Site 216,95.069992,17.489936,Mingalar Taung Nyunt,Yangon,73,45,3.3"
"Site 217,97.975068,21.325363,Thingangyun,Naypyidaw,98,120,5.0"
"Site 218,96.105033,15.507051,Mayangone,Naypyidaw,106,60,1.2"
"Site 219,98.707433,20.232185,Seikkan,Kayin,163,180,2.8"
"Site 220,98.080713,18.469023,Kyauktada,Ayeyarwady,296,120,2.6"
"Site 221,95.964379,16.841267,Botahtaung,Kayin,222,60,5.2"
"Site 222,95.734340,15.708521,Hlaingthaya,Kayin,15,45,5.3"
"Site 223,93.217856,21.457299,Mingaladon,Magway,333,90,2.3"
"Site 224,96.350422,20.216361,Botahtaung,Shan,250,45,5.7"
"Site 225,97.169384,21.637410,Kamayut,Mon,227,45,6.6"
"Site 226,97.979660,21.612708,South Okkalapa,Yangon,151,120,3.8"
"Site 227,95.567736,19.638060,Seikkan,Kayin,281,45,2.3"
"Site 228,96.791480,17.201983,Kamayut,Naypyidaw,55,90,0.9"
"Site 229,93.488548,15.057907,Mayangone,Yangon,98,180,7.2"
"Site 230,94.757409,15.049130,Shwepyitha,Naypyidaw,350,45,0.5"
"Site 231,93.963726,20.569736,Mingalar Taung Nyunt,Kayin,143,180,2.6"
"Site 232,94.548585,20.244679,Kyauktada,Naypyidaw,326,60,2.2"
"Site 233,94.969725,16.530493,South Okkalapa,Sagaing,156,120,5.5"
"Site 234,93.137445,18.841522,Mingaladon,Mon,188,65,3.1"
"Site 235,97.339867,19.780956,Insein,Mandalay,157,45,1.7"
"Site 236,98.511234,16.963135,Insein,Sagaing,156,45,3.3"
"Site 237,98.202782,16.851538,Kyauktada,Magway,131,45,3.2"
"Site 238,95.369756,17.060889,South Okkalapa,Naypyidaw,342,120,2.9"
"Site 239,95.199419,20.241394,Kamayut,Naypyidaw,91,120,5.3"
"Site 240,98.293150,15.384893,Yankin,Mandalay,264,65,5.3"
"Site 241,97.799944,18.026611,Mayangone,Yangon,2,45,6.7"
"Site 242,98.583651,21.658004,North Okkalapa,Sagaing,201,45,3.5"
"Site 243,93.800643,16.080628,Yankin,Shan,107,45,6.4"
"Site 244,95.531253,17.421740,Hlaingthaya,Naypyidaw,194,65,0.7"
"Site 245,93.238116,19.020901,Insein,Mandalay,98,45,6.7"
"Site 246,98.849937,19.995287,South Okkalapa,Yangon,105,180,6.0"
"Site 247,95.158550,16.898967,Mayangone,Mon,289,45,4.6"
"Site 248,94.403068,21.652339,Mayangone,Magway,344,45,6.1"
"Site 249,93.553963,18.153338,Hlaingthaya,Mon,113,60,1.2"
"Site 250,96.232164,19.106162,Dagon,Yangon,118,120,1.5"
"Site 251,93.137920,20.252274,Kyauktada,Mon,343,90,0.8"
"Site 252,96.387986,15.179821,Kamayut,Sagaing,121,60,4.5"
"Site 253,93.108991,15.866657,Yankin,Magway,40,120,0.7"
"Site 254,97.775082,19.491610,Insein,Sagaing,266,60,3.9"
"Site 255,93.242138,16.622144,Mingalar Taung Nyunt,Kayin,313,180,4.7"
"Site 256,93.865523,17.258473,Seikkan,Magway,247,90,4.2"
"Site 257,94.581572,19.716409,Thingangyun,Shan,20,90,7.8"
"Site 258,94.005926,16.529648,Shwepyitha,Yangon,318,65,3.5"
"Site 259,96.665615,17.665395,South Okkalapa,Shan,274,65,2.5"
"Site 260,95.372601,21.095979,Yankin,Kayin,299,90,4.8"
"Site 261,98.584203,21.338884,Insein,Magway,158,60,2.2"
"Site 262,97.016862,15.224759,Insein,Mandalay,74,120,2.3"
"Site 263,94.133547,18.158194,Kamayut,Mon,97,120,5.3"
"Site 264,93.154516,19.382206,Hlaing,Mandalay,248,120,4.6"
"Site 265,98.992608,21.177790,Pazundaung,Kayin,72,60,4.7"
"Site 266,94.796803,16.579393,Pazundaung,Ayeyarwady,117,90,4.3"
"Site 267,94.074734,19.309594,North Okkalapa,Yangon,163,180,6.2"
"Site 268,94.473904,15.287613,Kyauktada,Bago,49,60,1.7"
"Site 269,93.333182,17.928821,Mingaladon,Ayeyarwady,36,60,6.0"
"Site 270,98.909626,20.863460,Botahtaung,Naypyidaw,329,60,2.9"
"Site 271,94.107761,16.058207,Botahtaung,Mandalay,43,65,7.2"
"Site 272,95.936223,15.878840,Kyauktada,Kayin,32,90,1.5"
"Site 273,96.160495,16.802231,Seikkan,Ayeyarwady,21,120,0.9"
"Site 274,93.734391,17.235427,Kyauktada,Mon,231,60,1.9"
"Site 275,96.753054,21.781876,Kamayut,Mandalay,83,180,1.7"
"Site 276,95.352336,21.359156,Seikkan,Naypyidaw,76,180,2.6"
"Site 277,93.225604,17.049152,Hlaingthaya,Sagaing,177,60,7.9"
"Site 278,94.416747,16.741495,Yankin,Sagaing,39,120,1.1"
"Site 279,98.073075,20.691441,Insein,Yangon,172,180,4.5"
"Site 280,93.404546,15.543524,South Okkalapa,Kayin,288,120,2.0"
"Site 281,96.051252,17.903153,Mingaladon,Yangon,241,180,4.4"
"Site 282,97.634569,16.453011,Mingalar Taung Nyunt,Shan,109,120,7.6"
"Site 283,98.305644,20.054542,Yankin,Kayin,198,120,3.6"
"Site 284,98.315542,21.275656,Mingaladon,Mandalay,329,120,7.9"
"Site 285,96.697681,16.768020,Shwepyitha,Kayin,245,90,2.8"
"Site 286,97.791823,19.521694,South Okkalapa,Mon,292,60,4.6"
"Site 287,98.857220,18.800965,Insein,Bago,242,120,3.4"
"Site 288,94.009322,17.439611,Seikkan,Magway,256,65,3.9"
"Site 289,95.588009,20.048226,South Okkalapa,Naypyidaw,47,65,7.1"
"Site 290,93.825453,19.860271,Kyauktada,Bago,234,90,4.1"
"Site 291,93.308736,15.671633,Mayangone,Naypyidaw,33,45,3.2"
"Site 292,97.431036,16.061356,Hlaingthaya,Magway,249,180,0.5"
"Site 293,93.571907,17.402928,Seikkan,Mon,324,65,2.8"
"Site 294,95.040960,16.113237,Thingangyun,Kayin,202,65,7.6"
"Site 295,94.527094,21.774985,Mingalar Taung Nyunt,Bago,65,120,2.1"
"Site 296,94.110682,20.899441,Kamayut,Kayin,336,60,1.3"
"Site 297,94.994848,17.950220,Botahtaung,Naypyidaw,130,120,4.8"
"Site 298,97.567585,16.291245,Yankin,Bago,213,90,7.5"
"Site 299,97.038053,15.809228,Mayangone,Naypyidaw,303,90,7.3"
"Site 300,94.974479,16.008800,North Okkalapa,Ayeyarwady,13,65,1.5"
"Site 301,96.459223,18.673795,Yankin,Mon,73,45,4.7"
"Site 302,93.137229,21.523740,Yankin,Mon,106,60,5.5"
"Site 303,97.244928,15.156239,Shwepyitha,Yangon,313,60,1.1"
"Site 304,95.963390,16.301130,Hlaingthaya,Magway,157,180,5.4"
"Site 305,97.615005,18.503409,Yankin,Shan,340,45,1.2"
"Site 306,98.724735,20.667809,Hlaingthaya,Ayeyarwady,220,45,4.9"
"Site 307,97.534616,20.339358,Dagon,Ayeyarwady,294,60,5.2"
"Site 308,94.506512,19.793882,Kyauktada,Bago,91,180,4.1"
"Site 309,95.071702,19.284237,Yankin,Sagaing,350,45,6.2"
"Site 310,94.777349,20.972619,Mingaladon,Ayeyarwady,94,180,3.3"
"Site 311,93.558501,15.680440,Shwepyitha,Kayin,176,45,7.6"
"Site 312,98.398897,18.850794,Insein,Shan,19,60,7.1"
"Site 313,96.796126,19.622678,Kamayut,Kayin,173,60,7.5"
"Site 314,94.052145,17.469901,Kyauktada,Sagaing,71,65,3.5"
"Site 315,96.238768,21.892156,Mingaladon,Mon,206,120,3.8"
"Site 316,95.941047,18.826187,Hlaingthaya,Sagaing,184,180,6.3"
"Site 317,98.743611,21.987809,Shwepyitha,Kayin,55,65,7.1"
"Site 318,95.363041,18.240961,Thingangyun,Bago,174,60,3.5"
"Site 319,98.593470,20.152619,North Okkalapa,Shan,107,90,6.2"
"Site 320,96.029949,20.536089,Kyauktada,Magway,220,65,1.3"
"Site 321,95.873031,20.970140,Shwepyitha,Naypyidaw,215,120,2.4"
"Site 322,96.277258,16.829609,Hlaingthaya,Naypyidaw,91,120,7.4"
"Site 323,98.610546,19.981933,Thingangyun,Mandalay,240,180,3.1"
"Site 324,93.546021,18.780214,Dagon,Bago,316,180,4.9"
"Site 325,94.461026,21.831361,Botahtaung,Sagaing,53,180,1.7"
"Site 326,95.456857,16.295171,Shwepyitha,Ayeyarwady,65,180,6.0"
"Site 327,97.266960,17.683116,Pazundaung,Yangon,293,65,5.5"
"Site 328,98.565991,20.800639,Kyauktada,Mon,24,180,1.7"
"Site 329,98.165097,20.083835,Dagon,Bago,247,65,5.6"
"Site 330,95.599666,18.623485,Yankin,Naypyidaw,125,90,5.1"
"Site 331,97.765104,17.704675,Kamayut,Ayeyarwady,158,65,2.2"
"Site 332,94.638411,19.247451,Kyauktada,Shan,184,180,4.5"
"Site 333,94.469396,16.042454,Dala,Shan,205,60,5.9"
"Site 334,98.204722,16.450746,Yankin,Kayin,21,90,4.6"
"Site 335,94.036018,21.465836,Shwepyitha,Shan,235,180,4.6"
"Site 336,96.463394,21.469449,Hlaing,Magway,220,45,3.2"
"Site 337,94.760831,15.788568,Botahtaung,Yangon,141,60,0.9"
"Site 338,95.015193,21.352319,Yankin,Mandalay,175,180,6.7"
"Site 339,94.883014,19.101431,Shwepyitha,Shan,313,120,3.6"
"Site 340,96.256844,19.528753,Hlaing,Naypyidaw,34,45,6.5"
"Site 341,98.800790,20.960752,Mayangone,Kayin,43,90,1.1"
"Site 342,94.752255,16.549352,Kyauktada,Kayin,287,120,3.3"
"Site 343,96.063108,15.717703,Dala,Yangon,271,60,7.3"
"Site 344,98.914487,18.518060,Dagon,Kayin,135,180,5.5"
"Site 345,97.536982,18.050966,South Okkalapa,Magway,175,60,4.6"
"Site 346,98.063663,18.754761,Hlaing,Kayin,25,60,5.1"
"Site 347,95.573341,19.295541,Insein,Yangon,49,120,0.5"
"Site 348,96.464217,15.337743,Dala,Yangon,73,60,4.0"
"Site 349,96.402852,18.055608,Botahtaung,Shan,131,180,2.8"
"Site 350,93.126532,21.095232,Botahtaung,Kayin,320,120,5.6"
"Site 351,98.447690,19.355449,Kamayut,Kayin,271,45,4.0"
"Site 352,97.446799,18.502764,Hlaing,Bago,355,60,7.9"
"Site 353,97.514862,16.427131,Botahtaung,Naypyidaw,81,120,2.4"
"Site 354,93.933088,21.294822,Kamayut,Naypyidaw,117,90,3.9"
"Site 355,96.761581,19.025592,Shwepyitha,Magway,121,65,3.1"
"Site 356,96.564240,19.158730,South Okkalapa,Kayin,348,120,4.7"
"Site 357,97.612653,21.859282,Botahtaung,Bago,267,120,4.9"
"Site 358,95.680079,19.020787,Shwepyitha,Kayin,280,60,1.5"
"Site 359,94.151728,21.584536,Dala,Mon,341,120,5.6"
"Site 360,97.728623,17.931336,Mingalar Taung Nyunt,Naypyidaw,357,60,5.7"
"Site 361,96.153123,15.503697,Kamayut,Bago,49,90,0.6"
"Site 362,93.575469,18.994273,South Okkalapa,Ayeyarwady,127,90,3.9"
"Site 363,95.035317,19.461945,Mayangone,Magway,268,65,0.8"
"Site 364,97.856364,18.128404,Thingangyun,Mon,314,65,4.5"
"Site 365,94.484841,17.324350,Mingaladon,Mandalay,22,120,5.3"
"Site 366,96.673269,16.189108,Mayangone,Mandalay,301,65,3.0"
"Site 367,96.173859,21.306379,Botahtaung,Shan,45,45,2.0"
"Site 368,95.848547,17.375339,Insein,Kayin,313,120,7.8"
"Site 369,97.980888,17.301254,Kyauktada,Magway,220,180,4.6"
"Site 370,95.430569,16.395458,Mingaladon,Shan,3,45,1.3"
"Site 371,98.153831,16.830743,Botahtaung,Shan,292,90,7.9"
"Site 372,96.759879,15.605236,Dagon,Ayeyarwady,266,90,6.9"
"Site 373,98.441308,20.825140,Shwepyitha,Magway,25,65,4.9"
"Site 374,95.625264,15.835347,South Okkalapa,Ayeyarwady,283,90,3.2"
"Site 375,96.870326,21.612318,Dala,Sagaing,231,60,1.1"
"Site 376,96.586511,17.132513,Shwepyitha,Shan,121,180,3.2"
"Site 377,96.351181,18.947796,Mayangone,Magway,244,180,4.3"
"Site 378,97.620540,16.360046,Kamayut,Sagaing,211,65,4.8"
"Site 379,96.827443,17.491555,Mayangone,Yangon,62,180,7.6"
"Site 380,94.381653,20.629888,Dagon,Mandalay,9,180,7.8"
"Site 381,95.167398,20.561933,Dala,Magway,65,60,4.6"
"Site 382,97.127010,19.049214,Hlaing,Naypyidaw,180,60,3.5"
"Site 383,93.674866,20.456577,Hlaing,Mon,130,65,3.3"
"Site 384,95.757698,17.206788,Shwepyitha,Kayin,336,65,0.8"
"Site 385,94.302924,18.158025,Kyauktada,Naypyidaw,305,90,1.0"
"Site 386,97.504853,18.477173,Dagon,Bago,73,180,2.5"
"Site 387,97.812937,15.159596,Hlaing,Kayin,57,90,2.3"
"Site 388,97.843399,19.630366,Hlaing,Ayeyarwady,121,90,1.5"
"Site 389,94.696149,16.546372,Shwepyitha,Yangon,281,180,5.9"
"Site 390,93.909899,20.413450,Kamayut,Kayin,147,180,3.1"
"Site 391,98.339610,16.501492,Insein,Ayeyarwady,324,90,1.6"
"Site 392,96.903921,18.651813,Thingangyun,Kayin,22,120,3.5"
"Site 393,96.695853,16.148649,Mingalar Taung Nyunt,Shan,301,90,3.3"
"Site 394,96.482317,15.220814,Mingaladon,Mon,122,65,3.7"
"Site 395,93.008569,15.940728,Mingalar Taung Nyunt,Sagaing,242,120,1.2"
"Site 396,96.333629,20.470042,Botahtaung,Mon,95,65,3.4"
"Site 397,96.822935,21.157314,Dala,Kayin,316,120,1.9"
"Site 398,93.623910,21.053223,Pazundaung,Yangon,303,60,1.4"
"Site 399,98.614682,19.002093,Mayangone,Yangon,165,90,5.9"
"Site 400,98.977441,16.766699,Mingaladon,Bago,52,90,2.3"
"Site 401,93.855968,21.127234,Thingangyun,Sagaing,142,120,6.7"
"Site 402,93.463298,19.459541,Hlaingthaya,Mandalay,67,45,6.2"
"Site 403,98.047237,15.663108,North Okkalapa,Shan,257,90,5.1"
"Site 404,97.977327,15.118717,Pazundaung,Naypyidaw,131,45,6.6"
"Site 405,93.011546,17.750445,Shwepyitha,Mon,56,60,4.6"
"Site 406,93.092158,21.700108,Thingangyun,Naypyidaw,283,180,5.5"
"Site 407,94.498112,19.769308,Dala,Mon,114,65,4.7"
"Site 408,95.558722,21.232564,Hlaingthaya,Ayeyarwady,69,60,1.3"
"Site 409,94.332704,17.863879,Pazundaung,Sagaing,94,180,2.1"
"Site 410,98.216971,17.116418,Yankin,Magway,218,45,3.2"
"Site 411,98.199674,17.503685,Insein,Yangon,47,45,3.8"
"Site 412,97.869074,20.249901,Dala,Mandalay,85,90,6.3"
"Site 413,97.279330,15.012772,Thingangyun,Mandalay,147,45,1.6"
"Site 414,95.012736,21.022219,Seikkan,Magway,89,180,1.5"
"Site 415,94.836935,18.639266,Seikkan,Ayeyarwady,120,65,4.8"
"Site 416,94.856679,19.857775,Yankin,Magway,122,65,4.3"
"Site 417,97.986419,21.143880,Mingalar Taung Nyunt,Naypyidaw,342,45,6.8"
"Site 418,97.910883,15.268687,Hlaingthaya,Mandalay,220,45,3.4"
"Site 419,95.188461,18.479794,Insein,Kayin,173,60,4.7"
"Site 420,96.753152,20.513347,South Okkalapa,Mon,206,90,4.2"
"Site 421,98.646533,17.403533,Insein,Yangon,7,45,4.9"
"Site 422,95.812057,15.070649,South Okkalapa,Naypyidaw,69,180,4.7"
"Site 423,98.019181,19.539551,Hlaing,Kayin,18,45,7.0"
"Site 424,93.579668,15.430713,Dala,Magway,283,90,6.4"
"Site 425,96.535368,18.849356,Kamayut,Naypyidaw,324,65,4.4"
"Site 426,97.189584,17.548930,Seikkan,Kayin,197,120,5.3"
"Site 427,95.737085,17.137230,Mayangone,Sagaing,66,65,6.8"
"Site 428,94.945229,21.079491,Hlaingthaya,Ayeyarwady,335,120,6.0"
"Site 429,96.029898,15.198142,Shwepyitha,Sagaing,216,90,4.6"
"Site 430,98.743945,15.275710,Mingalar Taung Nyunt,Sagaing,25,120,7.9"
"Site 431,93.859946,18.460372,Kamayut,Mandalay,132,90,2.5"
"Site 432,95.710706,19.412221,Mayangone,Magway,113,180,0.5"
"Site 433,97.764570,16.908323,Seikkan,Bago,346,120,4.0"
"Site 434,94.659290,17.868499,Thingangyun,Naypyidaw,92,180,3.8"
"Site 435,93.172316,18.673942,Seikkan,Mon,192,45,2.9"
"Site 436,93.200604,19.593914,Pazundaung,Shan,3,90,3.2"
"Site 437,94.550268,17.197718,Shwepyitha,Magway,16,65,3.9"
"Site 438,94.586862,20.501568,Kamayut,Naypyidaw,314,60,4.0"
"Site 439,94.491700,15.198177,Shwepyitha,Naypyidaw,116,45,4.6"
"Site 440,98.130259,18.900973,Hlaingthaya,Magway,216,90,0.7"
"Site 441,98.127628,15.057846,Shwepyitha,Magway,257,45,3.9"
"Site 442,97.013156,16.107131,Hlaingthaya,Mon,331,60,7.3"
"Site 443,93.268700,21.233701,Dala,Magway,341,65,2.0"
"Site 444,95.249406,15.952437,Thingangyun,Kayin,203,120,5.6"
"Site 445,97.886116,16.710411,Mayangone,Mandalay,232,90,7.1"
"Site 446,93.324000,21.516004,Pazundaung,Mon,300,65,6.8"
"Site 447,96.791102,20.012012,Hlaing,Magway,256,65,8.0"
"Site 448,94.679825,20.599560,Hlaingthaya,Mandalay,321,90,6.8"
"Site 449,98.638050,19.695338,North Okkalapa,Magway,261,65,6.7"
"Site 450,95.116331,15.779685,South Okkalapa,Ayeyarwady,191,45,4.4"
"Site 451,98.030439,15.957730,Hlaing,Yangon,342,65,4.7"
"Site 452,97.190857,21.229876,Dala,Shan,28,90,6.8"
"Site 453,93.560958,17.614345,Shwepyitha,Shan,359,180,5.3"
"Site 454,95.536844,18.912117,Yankin,Yangon,77,60,1.4"
"Site 455,98.548912,21.587253,Dagon,Shan,316,45,1.2"
"Site 456,96.843845,18.310128,Mingalar Taung Nyunt,Mon,177,45,2.1"
"Site 457,93.726586,19.076515,Mayangone,Naypyidaw,71,65,1.8"
"Site 458,95.095363,21.181844,Mingalar Taung Nyunt,Magway,206,45,7.3"
"Site 459,95.671587,18.761672,Dala,Sagaing,22,60,5.3"
"Site 460,94.875567,15.670174,Seikkan,Shan,288,90,2.7"
"Site 461,94.407839,20.480088,Mayangone,Magway,297,65,4.0"
"Site 462,97.552052,16.236607,Hlaingthaya,Bago,121,45,1.1"
"Site 463,96.712746,16.675640,Kyauktada,Naypyidaw,154,45,1.6"
"Site 464,93.345329,19.452679,Mingalar Taung Nyunt,Kayin,279,45,2.3"
"Site 465,93.938398,19.864235,Shwepyitha,Ayeyarwady,2,65,2.4"
"Site 466,96.961932,15.659582,Shwepyitha,Ayeyarwady,294,45,3.8"
"Site 467,98.107310,19.131874,Shwepyitha,Sagaing,292,90,2.3"
"Site 468,96.205353,18.331198,Insein,Sagaing,72,180,1.6"
"Site 469,94.526132,20.112706,Mayangone,Sagaing,254,180,4.9"
"Site 470,96.307295,17.275227,South Okkalapa,Bago,193,120,4.8"
"Site 471,93.463018,20.100791,Seikkan,Ayeyarwady,175,45,6.7"
"Site 472,95.133848,17.694557,Hlaing,Sagaing,297,45,2.0"
"Site 473,93.239656,16.534865,Mingaladon,Yangon,125,65,6.9"
"Site 474,94.041691,15.191541,Seikkan,Ayeyarwady,5,120,5.1"
"Site 475,97.511748,20.086360,Kyauktada,Mon,340,180,0.8"
"Site 476,97.410994,19.244088,Dagon,Kayin,336,65,6.3"
"Site 477,93.434314,21.248143,Botahtaung,Yangon,181,90,3.4"
"Site 478,93.282811,18.075114,Mayangone,Naypyidaw,96,45,2.9"
"Site 479,93.347234,21.250068,Thingangyun,Shan,145,65,6.7"
"Site 480,95.392598,21.301436,Thingangyun,Mandalay,341,180,3.4"
"Site 481,98.627591,20.562177,Seikkan,Ayeyarwady,118,60,6.7"
"Site 482,95.452802,16.059546,Hlaing,Yangon,7,120,3.3"
"Site 483,93.374719,17.710495,Mingaladon,Kayin,36,90,7.1"
"Site 484,97.418397,20.221301,Hlaingthaya,Sagaing,177,90,5.3"
"Site 485,98.544911,17.610485,Kamayut,Naypyidaw,270,60,7.0"
"Site 486,98.205199,19.983213,South Okkalapa,Kayin,200,90,2.7"
"Site 487,93.235241,16.436115,Thingangyun,Magway,206,90,1.7"
"Site 488,97.593087,17.326950,Thingangyun,Ayeyarwady,116,180,5.9"
"Site 489,93.039130,21.771674,Mingalar Taung Nyunt,Mon,182,120,1.1"
"Site 490,95.917852,17.650532,Botahtaung,Naypyidaw,290,45,3.0"
"Site 491,93.940289,20.354344,Dala,Ayeyarwady,234,60,7.2"
"Site 492,95.786734,19.304652,Hlaing,Bago,334,120,6.9"
"Site 493,96.348919,17.720313,Pazundaung,Naypyidaw,315,60,0.6"
"Site 494,95.414254,15.859230,Thingangyun,Naypyidaw,342,120,0.8"
"Site 495,96.921307,16.014854,Botahtaung,Magway,27,90,3.5"
"Site 496,95.355469,17.991622,Thingangyun,Mandalay,23,120,2.5"
"Site 497,98.110851,17.128560,Mingalar Taung Nyunt,Bago,147,45,4.0"
"Site 498,98.135977,15.845047,Yankin,Ayeyarwady,119,180,6.9"
"Site 499,95.597141,20.187206,North Okkalapa,Mandalay,99,120,7.0"
"Site 500,96.837362,18.607884,Insein,Mandalay,78,120,1.6"
"Site 501,95.557111,16.908405,Mingalar Taung Nyunt,Shan,70,65,3.8"
"Site 502,95.518068,20.694596,Botahtaung,Magway,220,45,2.2"
"Site 503,97.037001,18.270796,Dala,Magway,128,60,6.2"
"Site 504,93.023192,16.338061,North Okkalapa,Yangon,275,65,5.7"
"Site 505,98.259686,20.222816,Hlaing,Mon,20,45,6.8"
"Site 506,96.805849,17.950299,Hlaing,Kayin,251,120,8.0"
"Site 507,93.397898,16.232031,Insein,Mandalay,151,65,3.5"
"Site 508,93.116147,19.975293,Pazundaung,Ayeyarwady,177,90,5.5"
"Site 509,94.717109,15.830933,Seikkan,Mandalay,86,45,5.3"
"Site 510,94.811122,16.599972,South Okkalapa,Magway,126,45,7.2"
"Site 511,93.853456,16.261330,Insein,Ayeyarwady,78,65,4.5"
"Site 512,94.157752,19.158722,Mingalar Taung Nyunt,Mandalay,6,65,4.4"
"Site 513,93.959086,16.893013,Hlaingthaya,Naypyidaw,224,65,7.6"
"Site 514,98.066266,15.196370,Insein,Sagaing,79,120,7.4"
"Site 515,93.783918,16.827382,Dala,Sagaing,162,180,2.9"
"Site 516,94.428420,18.234012,Thingangyun,Mandalay,158,65,1.4"
"Site 517,95.489089,20.628094,Dala,Ayeyarwady,317,45,3.7"
"Site 518,93.213833,21.296255,South Okkalapa,Magway,25,60,4.7"
"Site 519,97.521669,20.002002,South Okkalapa,Sagaing,147,60,0.7"
"Site 520,98.650622,21.616773,Insein,Sagaing,152,180,2.7"
"Site 521,96.323169,17.383773,Yankin,Mandalay,187,45,0.6"
"Site 522,97.001917,15.572092,Shwepyitha,Ayeyarwady,87,60,4.2"
"Site 523,94.331995,17.164658,Hlaingthaya,Mandalay,21,180,5.8"
"Site 524,94.748498,21.814198,Dala,Sagaing,19,45,4.3"
"Site 525,96.127079,15.145679,Insein,Kayin,255,45,3.0"
"Site 526,94.860911,19.244635,Dala,Kayin,96,45,3.6"
"Site 527,93.191181,20.621358,Botahtaung,Magway,36,65,2.1"
"Site 528,95.717139,16.865269,Hlaing,Mon,241,60,1.6"
"Site 529,94.613500,21.522070,Insein,Mon,236,45,4.7"
"Site 530,95.540860,21.633267,Botahtaung,Naypyidaw,21,60,1.2"
"Site 531,94.051232,16.847012,Dagon,Mandalay,183,65,4.5"
"Site 532,98.050213,20.998636,Hlaing,Naypyidaw,65,45,1.2"
"Site 533,94.736966,21.643627,Dala,Shan,264,180,0.6"
"Site 534,93.073864,18.775395,Hlaing,Magway,1,65,1.9"
"Site 535,97.442315,17.705663,South Okkalapa,Sagaing,24,90,2.4"
"Site 536,93.828229,21.756353,Shwepyitha,Kayin,48,90,0.7"
"Site 537,98.699411,19.285246,Kamayut,Mon,123,120,7.7"
"Site 538,95.086716,17.916449,North Okkalapa,Naypyidaw,128,60,0.8"
"Site 539,96.504198,20.970793,Mingalar Taung Nyunt,Yangon,327,180,2.2"
"Site 540,94.759982,19.517934,Kyauktada,Shan,41,120,6.0"
"Site 541,94.905741,20.623888,Thingangyun,Ayeyarwady,63,120,3.8"
"Site 542,96.367852,16.500072,Botahtaung,Mandalay,63,180,4.2"
"Site 543,94.685674,15.930887,Insein,Bago,307,90,6.0"
"Site 544,96.952739,21.269964,Hlaing,Magway,343,65,7.9"
"Site 545,94.266062,17.669708,Kyauktada,Ayeyarwady,6,90,7.5"
"Site 546,97.696609,15.181279,Yankin,Naypyidaw,279,45,5.9"
"Site 547,98.235702,21.114920,Shwepyitha,Kayin,120,90,4.3"
"Site 548,95.259041,17.491026,Mingalar Taung Nyunt,Sagaing,134,120,2.0"
"Site 549,96.536378,17.810926,North Okkalapa,Kayin,21,65,4.6"
"Site 550,98.750244,18.664510,Kamayut,Yangon,1,90,0.6"
"Site 551,98.120457,15.363482,Dala,Bago,176,120,3.5"
"Site 552,94.781915,16.439961,Insein,Sagaing,256,60,7.6"
"Site 553,95.335603,20.921828,Yankin,Mon,276,90,7.3"
"Site 554,93.551045,18.471514,Mayangone,Bago,59,45,7.1"
"Site 555,96.587122,18.408024,Dala,Kayin,344,60,1.5"
"Site 556,95.323966,17.496980,Kyauktada,Naypyidaw,341,180,7.2"
"Site 557,96.521775,21.220693,Pazundaung,Mandalay,92,45,0.9"
"Site 558,98.127693,17.618131,Yankin,Shan,225,45,6.5"
"Site 559,95.651818,20.118345,Yankin,Ayeyarwady,65,120,4.7"
"Site 560,97.502509,19.345526,Mingalar Taung Nyunt,Shan,101,90,1.2"
"Site 561,93.506810,19.764287,North Okkalapa,Shan,140,90,7.6"
"Site 562,98.412321,20.431036,North Okkalapa,Naypyidaw,14,65,3.5"
"Site 563,93.115222,18.402753,Kamayut,Kayin,10,45,2.1"
"Site 564,96.601988,16.332431,Pazundaung,Yangon,323,60,2.7"
"Site 565,98.858602,17.449218,Kamayut,Shan,322,65,2.1"
"Site 566,95.875745,19.364514,Seikkan,Magway,272,65,2.3"
"Site 567,96.618480,16.498224,Yankin,Shan,53,45,0.8"
"Site 568,98.599521,18.867995,Hlaingthaya,Bago,56,180,4.6"
"Site 569,95.557813,20.396134,Mingaladon,Shan,281,90,0.9"
"Site 570,97.777374,17.168174,Botahtaung,Ayeyarwady,12,90,5.1"
"Site 571,95.495082,17.348781,Mingalar Taung Nyunt,Naypyidaw,107,45,1.3"
"Site 572,94.817043,20.559501,Mingalar Taung Nyunt,Yangon,22,180,7.7"
"Site 573,97.293992,16.006037,South Okkalapa,Kayin,18,90,3.3"
"Site 574,95.972488,21.480665,Seikkan,Shan,65,65,4.2"
"Site 575,95.543300,16.485597,Dagon,Sagaing,351,60,7.6"
"Site 576,94.899782,21.806789,Hlaingthaya,Kayin,45,65,2.6"
"Site 577,95.585455,18.114694,Seikkan,Yangon,339,65,6.1"
"Site 578,96.687369,21.004785,Mayangone,Mandalay,174,60,1.8"
"Site 579,97.744335,16.606512,Shwepyitha,Yangon,110,180,3.9"
"Site 580,95.795034,18.778208,Shwepyitha,Sagaing,217,60,2.9"
"Site 581,98.763327,20.314175,Shwepyitha,Sagaing,5,65,7.2"
"Site 582,96.114706,19.399611,Thingangyun,Bago,128,60,1.3"
"Site 583,97.055291,18.137153,Dala,Naypyidaw,342,180,2.5"
"Site 584,96.368451,18.650690,Mingaladon,Sagaing,145,120,1.7"
"Site 585,94.145717,21.141558,Yankin,Naypyidaw,155,180,4.6"
"Site 586,94.470320,17.006791,Mingaladon,Mon,205,90,6.7"
"Site 587,98.747509,19.453791,Thingangyun,Sagaing,292,90,2.0"
"Site 588,98.542829,17.053216,Pazundaung,Magway,165,60,2.0"
"Site 589,96.546000,18.935450,Shwepyitha,Shan,27,60,7.6"
"Site 590,97.736361,17.839059,South Okkalapa,Yangon,190,180,2.0"
"Site 591,95.780965,16.195571,Thingangyun,Bago,248,45,3.8"
"Site 592,98.309754,15.432658,South Okkalapa,Naypyidaw,116,45,5.0"
"Site 593,98.559284,16.293938,Yankin,Kayin,144,180,7.5"
"Site 594,95.563818,19.085159,Kyauktada,Bago,251,120,6.9"
"Site 595,94.892385,20.370058,Hlaing,Bago,358,180,4.2"
"Site 596,98.702884,21.352045,Yankin,Sagaing,277,60,5.6"
"Site 597,98.220745,15.260616,South Okkalapa,Naypyidaw,129,65,7.1"
"Site 598,98.974937,17.967162,Yankin,Mandalay,177,45,7.4"
"Site 599,98.021332,16.164257,Mayangone,Shan,324,90,4.9"
"Site 600,97.799592,17.207667,South Okkalapa,Magway,247,60,7.0"
"Site 601,96.476318,16.062329,Hlaing,Shan,282,60,4.4"
"Site 602,94.404466,21.618268,Mingaladon,Mon,3,45,1.4"
"Site 603,94.943697,16.178167,Botahtaung,Shan,354,60,4.7"
"Site 604,96.432185,21.156922,Shwepyitha,Mon,149,90,6.2"
"Site 605,94.222488,19.203441,Dala,Magway,329,65,5.9"
"Site 606,95.920917,19.859151,Mingaladon,Magway,65,120,0.7"
"Site 607,96.912765,18.583072,Kamayut,Mon,55,45,6.8"
"Site 608,93.577093,19.533912,Mingaladon,Naypyidaw,327,60,4.2"
"Site 609,95.584615,16.204313,Dagon,Naypyidaw,171,90,4.5"
"Site 610,93.719295,15.110571,Pazundaung,Naypyidaw,171,180,2.3"
"Site 611,97.819104,19.793169,Botahtaung,Yangon,169,180,4.2"
"Site 612,98.966677,18.139581,Hlaingthaya,Naypyidaw,188,180,4.7"
"Site 613,93.800167,19.187734,Seikkan,Naypyidaw,95,90,2.1"
"Site 614,94.276549,19.149409,Hlaing,Mandalay,222,65,2.0"
"Site 615,98.254266,15.883350,Dagon,Mandalay,331,65,7.8"
"Site 616,93.943360,16.273492,Yankin,Sagaing,9,65,6.0"
"Site 617,96.249584,19.626499,Seikkan,Sagaing,359,65,5.5"
"Site 618,98.579534,15.779577,South Okkalapa,Mandalay,39,180,3.7"
"Site 619,96.243781,21.712931,Pazundaung,Naypyidaw,250,65,2.1"
"Site 620,98.502231,16.237132,Mingalar Taung Nyunt,Shan,305,120,4.1"
"Site 621,96.261879,20.738020,Botahtaung,Sagaing,246,65,3.6"
"Site 622,96.302407,16.681136,Pazundaung,Ayeyarwady,236,90,0.6"
"Site 623,95.194905,18.622110,South Okkalapa,Ayeyarwady,118,65,5.7"
"Site 624,93.954399,18.825190,Hlaingthaya,Bago,349,60,1.3"
"Site 625,93.840640,16.704190,Dagon,Ayeyarwady,85,180,6.1"
"Site 626,97.406321,16.554220,Kamayut,Mon,59,180,2.0"
"Site 627,94.871189,20.531479,Yankin,Mandalay,250,90,1.1"
"Site 628,95.109648,16.033072,Kamayut,Mon,27,60,4.7"
"Site 629,96.994739,21.322775,Hlaing,Kayin,272,120,7.8"
"Site 630,95.683706,19.664632,Dala,Sagaing,297,45,8.0"
"Site 631,98.181244,18.876003,Seikkan,Yangon,312,180,4.5"
"Site 632,98.081548,18.922419,Mingaladon,Mandalay,317,60,4.7"
"Site 633,94.701174,20.461434,Kamayut,Magway,177,45,2.6"
"Site 634,94.704960,20.662560,Dala,Mandalay,48,120,0.8"
"Site 635,96.683017,15.532091,Insein,Ayeyarwady,84,90,0.8"
"Site 636,95.377279,15.315116,Kamayut,Naypyidaw,141,45,0.8"
"Site 637,97.290656,19.071313,Dagon,Magway,22,180,6.0"
"Site 638,96.487274,19.945008,Pazundaung,Sagaing,244,90,7.7"
"Site 639,97.032417,16.908461,Hlaingthaya,Mon,232,90,6.5"
"Site 640,94.969487,17.254205,Yankin,Mon,92,180,6.7"
"Site 641,93.508925,18.727201,Hlaingthaya,Bago,153,180,2.3"
"Site 642,93.738715,20.768253,Mayangone,Magway,214,120,1.9"
"Site 643,97.866902,20.472628,South Okkalapa,Naypyidaw,106,90,3.9"
"Site 644,98.241233,17.113164,Kamayut,Mon,346,180,4.2"
"Site 645,96.362399,19.011855,Kyauktada,Bago,160,65,6.0"
"Site 646,95.625481,17.673394,Thingangyun,Yangon,118,60,8.0"
"Site 647,98.901810,17.601807,Yankin,Magway,216,65,5.1"
"Site 648,98.980039,20.539527,Mingalar Taung Nyunt,Mandalay,219,45,6.2"
"Site 649,93.821438,17.854551,Thingangyun,Sagaing,310,120,2.9"
"Site 650,98.472637,20.502910,Botahtaung,Kayin,270,90,4.4"
"Site 651,95.709912,16.415467,Mayangone,Kayin,282,60,2.2"
"Site 652,98.435767,21.744293,Kyauktada,Bago,352,45,7.4"
"Site 653,94.798760,17.867724,Pazundaung,Naypyidaw,149,120,3.7"
"Site 654,94.232795,17.848427,Hlaing,Kayin,134,45,7.6"
"Site 655,94.587133,16.077183,Dala,Mandalay,105,60,1.7"
"Site 656,95.094251,21.964833,Shwepyitha,Naypyidaw,264,65,4.3"
"Site 657,94.690314,17.952871,Shwepyitha,Naypyidaw,107,60,2.5"
"Site 658,98.867699,19.582891,Hlaing,Ayeyarwady,130,180,0.6"
"Site 659,95.919663,18.521552,Shwepyitha,Kayin,14,120,6.9"
"Site 660,98.775644,18.247530,Mingalar Taung Nyunt,Mandalay,104,65,4.8"
"Site 661,98.750111,16.107393,Shwepyitha,Shan,23,60,6.9"
"Site 662,95.389462,16.980752,Yankin,Naypyidaw,307,180,6.4"
"Site 663,95.384006,20.249932,Kamayut,Bago,89,180,7.1"
"Site 664,93.241426,15.997040,Insein,Ayeyarwady,143,60,3.4"
"Site 665,97.543761,15.957130,Kyauktada,Sagaing,251,45,4.9"
"Site 666,97.008848,19.149829,Kamayut,Ayeyarwady,249,90,6.9"
"Site 667,98.876757,19.729765,South Okkalapa,Sagaing,88,90,4.6"
"Site 668,94.324350,15.347636,Hlaingthaya,Magway,156,180,1.3"
"Site 669,95.313848,21.404386,Hlaingthaya,Naypyidaw,311,120,4.8"
"Site 670,98.792438,19.979735,Shwepyitha,Naypyidaw,298,90,3.6"
"Site 671,94.554401,21.366578,Kyauktada,Ayeyarwady,165,180,2.6"
"Site 672,98.470733,18.334123,Pazundaung,Kayin,90,65,1.0"
"Site 673,98.871453,15.894686,Hlaingthaya,Naypyidaw,37,180,4.9"
"Site 674,95.871853,21.928077,Kyauktada,Magway,84,45,6.8"
"Site 675,96.837919,18.048482,South Okkalapa,Kayin,140,120,2.2"
"Site 676,95.860509,17.993725,Shwepyitha,Shan,309,65,2.0"
"Site 677,97.628804,19.210990,Shwepyitha,Ayeyarwady,284,120,5.8"
"Site 678,93.421245,20.930159,Seikkan,Mon,331,120,6.2"
"Site 679,96.363521,16.221195,Insein,Mon,157,65,7.4"
"Site 680,94.094757,21.979871,Yankin,Naypyidaw,36,180,4.7"
"Site 681,95.636501,16.111246,Botahtaung,Ayeyarwady,135,120,0.9"
"Site 682,93.872197,15.751287,Dala,Sagaing,32,90,1.9"
"Site 683,96.968380,21.952964,Botahtaung,Magway,332,45,1.6"
"Site 684,94.536832,19.572920,Dagon,Bago,132,180,4.0"
"Site 685,94.406738,17.353658,Botahtaung,Sagaing,341,180,5.5"
"Site 686,95.658323,15.297894,Shwepyitha,Magway,140,180,7.5"
"Site 687,93.883116,20.274138,Dala,Naypyidaw,249,45,2.3"
"Site 688,93.735085,20.251971,Thingangyun,Shan,132,120,1.6"
"Site 689,93.891101,18.249205,Mingaladon,Kayin,170,45,3.0"
"Site 690,97.031767,19.301168,Hlaingthaya,Magway,33,60,7.3"
"Site 691,97.465529,17.058244,Botahtaung,Mon,7,45,5.6"
"Site 692,93.581547,18.512268,Yankin,Mandalay,133,120,3.1"
"Site 693,94.273160,19.068058,Seikkan,Kayin,52,65,7.8"
"Site 694,97.359072,15.997520,Shwepyitha,Naypyidaw,238,60,2.1"
"Site 695,93.860928,17.964044,Pazundaung,Sagaing,330,120,4.1"
"Site 696,94.142314,18.942966,Yankin,Bago,172,60,7.1"
"Site 697,95.696873,15.782292,South Okkalapa,Mon,338,180,5.8"
"Site 698,94.928372,19.317503,Seikkan,Yangon,313,65,6.8"
"Site 699,93.217938,21.910643,Kamayut,Mon,146,90,3.4"
"Site 700,95.883134,18.121625,Hlaing,Mandalay,140,45,7.4"
"Site 701,95.889394,19.910658,South Okkalapa,Kayin,1,120,4.2"
"Site 702,95.908441,15.338852,South Okkalapa,Ayeyarwady,240,65,3.7"
"Site 703,94.410167,18.178331,Yankin,Mandalay,323,180,7.9"
"Site 704,98.576788,18.581730,Dagon,Shan,145,60,4.2"
"Site 705,94.517682,18.285410,Hlaingthaya,Bago,324,90,7.4"
"Site 706,95.375477,19.728596,Thingangyun,Naypyidaw,231,45,3.8"
"Site 707,97.935996,18.018405,Kyauktada,Sagaing,276,60,4.1"
"Site 708,96.456453,18.489714,Pazundaung,Mon,125,90,5.1"
"Site 709,98.454935,17.160874,Dagon,Ayeyarwady,108,180,5.1"
"Site 710,95.309691,17.353324,Mayangone,Kayin,39,120,4.2"
"Site 711,93.771746,20.301061,Kyauktada,Mon,61,120,4.0"
"Site 712,94.384022,21.547162,Dala,Ayeyarwady,221,65,7.9"
"Site 713,97.233848,19.413730,Kyauktada,Shan,299,120,1.0"
"Site 714,95.231252,20.895187,Hlaing,Kayin,319,60,0.6"
"Site 715,95.965644,15.971792,Kamayut,Shan,246,65,4.4"
"Site 716,96.595582,16.090147,Shwepyitha,Mon,167,45,1.4"
"Site 717,97.112492,19.718539,Hlaingthaya,Mon,355,180,2.8"
"Site 718,96.895990,17.023115,Seikkan,Magway,6,90,3.7"
"Site 719,93.170821,18.370594,Mayangone,Yangon,254,90,2.3"
"Site 720,98.374599,17.791388,Kamayut,Naypyidaw,251,60,3.4"
"Site 721,94.099591,15.015881,Mayangone,Mandalay,330,65,5.1"
"Site 722,98.533667,17.437885,Hlaing,Shan,62,180,6.2"
"Site 723,97.682103,17.420409,South Okkalapa,Sagaing,89,45,2.0"
"Site 724,97.879319,19.806047,Yankin,Ayeyarwady,285,45,2.9"
"Site 725,93.237925,19.547679,Mayangone,Kayin,207,60,7.7"
"Site 726,96.728937,16.060143,Botahtaung,Mon,4,90,2.5"
"Site 727,94.732974,17.096332,Dala,Yangon,202,65,2.7"
"Site 728,96.815508,16.015986,Botahtaung,Yangon,40,90,7.9"
"Site 729,97.711144,21.780372,Hlaingthaya,Mon,290,90,3.2"
"Site 730,95.544828,21.256666,Kamayut,Ayeyarwady,278,180,2.1"
"Site 731,95.983243,20.024079,Dagon,Sagaing,289,65,7.4"
"Site 732,94.657470,20.429555,Dagon,Magway,281,90,6.2"
"Site 733,94.064465,15.489884,North Okkalapa,Yangon,148,65,3.5"
"Site 734,94.452408,15.295185,Yankin,Ayeyarwady,130,180,5.8"
"Site 735,96.743218,18.397389,Mayangone,Bago,230,45,6.2"
"Site 736,93.713069,19.480318,Seikkan,Shan,167,65,0.9"
"Site 737,94.689622,16.345059,Pazundaung,Shan,175,90,4.3"
"Site 738,97.253985,17.162620,Shwepyitha,Kayin,132,180,2.7"
"Site 739,94.474219,16.937362,North Okkalapa,Mon,218,90,1.6"
"Site 740,96.046964,17.339115,North Okkalapa,Magway,319,90,1.9"
"Site 741,98.366173,17.796803,Mingalar Taung Nyunt,Kayin,68,180,3.5"
"Site 742,98.331143,17.298221,Seikkan,Shan,109,45,1.7"
"Site 743,98.774630,19.720783,Insein,Sagaing,239,180,6.5"
"Site 744,95.244213,19.249244,Mayangone,Magway,72,65,3.8"
"Site 745,96.870880,17.385943,Shwepyitha,Yangon,266,45,5.9"
"Site 746,98.444125,18.033065,Mayangone,Kayin,181,65,7.8"
"Site 747,97.685325,17.251298,Mayangone,Yangon,331,120,2.4"
"Site 748,95.401573,21.194660,Kamayut,Yangon,224,60,2.8"
"Site 749,96.472386,16.697637,North Okkalapa,Bago,118,120,4.7"
"Site 750,98.037415,20.788033,Pazundaung,Mandalay,329,180,2.4"
"Site 751,94.484039,18.782494,Insein,Bago,328,180,0.9"
"Site 752,96.024021,19.903811,Yankin,Mon,347,120,5.4"
"Site 753,98.279639,21.992315,South Okkalapa,Shan,41,90,6.4"
"Site 754,96.505932,19.944002,Pazundaung,Mon,200,45,3.5"
"Site 755,95.916563,18.368488,Thingangyun,Mandalay,108,120,4.8"
"Site 756,98.042768,16.301581,Insein,Ayeyarwady,167,45,5.1"
"Site 757,95.583324,16.780147,Kamayut,Mon,7,65,7.6"
"Site 758,97.258850,15.131895,Mingalar Taung Nyunt,Bago,218,120,3.2"
"Site 759,96.498100,17.254585,Yankin,Naypyidaw,62,120,5.8"
"Site 760,97.286370,19.238838,Botahtaung,Mandalay,140,120,1.6"
"Site 761,98.256605,15.968824,Yankin,Yangon,281,45,6.0"
"Site 762,96.878559,19.054229,North Okkalapa,Naypyidaw,319,180,7.2"
"Site 763,97.115748,16.513578,South Okkalapa,Sagaing,105,60,3.7"
"Site 764,93.488604,20.872382,Botahtaung,Naypyidaw,340,90,4.3"
"Site 765,93.406593,17.014226,Seikkan,Bago,75,90,3.7"
"Site 766,98.789284,16.710978,Hlaingthaya,Magway,199,65,5.8"
"Site 767,96.076061,19.448984,Kyauktada,Magway,99,180,6.5"
"Site 768,94.775143,17.279710,Shwepyitha,Shan,357,65,2.4"
"Site 769,95.002152,18.923730,Mingalar Taung Nyunt,Naypyidaw,303,45,5.9"
"Site 770,98.914958,19.005719,Mingaladon,Sagaing,177,45,5.1"
"Site 771,95.884092,15.740564,Dagon,Bago,258,180,1.6"
"Site 772,94.876376,15.568327,South Okkalapa,Kayin,64,65,3.6"
"Site 773,97.447772,21.983943,Yankin,Yangon,28,45,6.6"
"Site 774,97.138609,18.635662,Seikkan,Mon,152,90,5.7"
"Site 775,96.161436,20.306257,Mingaladon,Mon,241,120,5.4"
"Site 776,94.690567,19.764630,Kyauktada,Magway,33,45,3.5"
"Site 777,95.020775,20.072349,North Okkalapa,Sagaing,240,180,5.8"
"Site 778,97.156696,15.749198,Mayangone,Ayeyarwady,65,120,7.8"
"Site 779,94.906354,16.642919,Pazundaung,Magway,334,60,2.6"
"Site 780,95.126813,21.013465,Seikkan,Yangon,13,180,7.4"
"Site 781,96.880480,15.785530,Mingalar Taung Nyunt,Kayin,339,65,2.6"
"Site 782,95.341487,21.040019,Kamayut,Bago,221,120,6.0"
"Site 783,98.991118,18.184686,Mingalar Taung Nyunt,Mon,262,60,0.5"
"Site 784,96.497597,16.522157,Yankin,Sagaing,350,60,5.5"
"Site 785,98.392022,19.890923,Mingaladon,Mandalay,95,120,1.1"
"Site 786,95.436370,18.407862,Seikkan,Sagaing,305,65,1.0"
"Site 787,94.406335,15.211856,Thingangyun,Ayeyarwady,20,120,1.7"
"Site 788,97.226234,19.659670,Mingaladon,Mon,235,45,6.6"
"Site 789,97.372851,18.434403,North Okkalapa,Magway,129,90,0.7"
"Site 790,98.486940,19.527929,Mayangone,Mandalay,140,180,1.1"
"Site 791,97.364160,15.461122,Botahtaung,Mandalay,336,180,1.6"
"Site 792,94.006465,21.529699,Mayangone,Kayin,69,65,6.2"
"Site 793,95.917035,18.459649,North Okkalapa,Mon,138,65,1.0"
"Site 794,95.393866,16.636048,Botahtaung,Sagaing,139,120,7.8"
"Site 795,95.281517,20.407945,Mingalar Taung Nyunt,Mandalay,173,90,1.4"
"Site 796,97.087311,21.813158,Mingaladon,Magway,115,60,6.0"
"Site 797,97.425986,21.023691,Dagon,Magway,327,120,6.7"
"Site 798,94.951396,17.714931,Kamayut,Ayeyarwady,277,120,7.8"
"Site 799,97.009147,16.944374,South Okkalapa,Sagaing,170,60,1.4"
"Site 800,98.885481,15.334737,Insein,Ayeyarwady,43,90,5.5"
"Site 801,95.377462,19.272611,Botahtaung,Mon,140,90,0.9"
"Site 802,96.030663,15.147722,Hlaing,Bago,344,45,3.4"
"Site 803,93.669305,19.508677,Seikkan,Yangon,98,60,6.5"
"Site 804,95.092086,18.311977,Dagon,Magway,52,90,4.9"
"Site 805,93.553596,15.315797,Dala,Bago,204,120,3.6"
"Site 806,94.335535,17.313214,Dagon,Ayeyarwady,213,65,7.8"
"Site 807,93.644123,17.223555,Botahtaung,Shan,290,180,6.5"
"Site 808,97.304966,17.117200,Shwepyitha,Shan,167,65,6.8"
"Site 809,94.430053,21.089021,North Okkalapa,Bago,7,65,2.3"
"Site 810,95.048360,15.347083,Yankin,Kayin,25,60,0.8"
"Site 811,93.429715,15.700039,Hlaing,Mandalay,90,65,2.4"
"Site 812,98.632759,18.289151,South Okkalapa,Mandalay,264,60,5.2"
"Site 813,98.097746,19.151865,Pazundaung,Magway,179,45,5.2"
"Site 814,93.355174,15.258579,Mayangone,Mandalay,327,45,6.1"
"Site 815,97.069020,15.834600,Pazundaung,Mon,119,60,1.7"
"Site 816,95.591040,17.142563,Yankin,Naypyidaw,96,180,1.8"
"Site 817,97.398135,20.435982,North Okkalapa,Magway,93,60,7.5"
"Site 818,96.516233,19.904332,Kamayut,Magway,139,180,7.5"
"Site 819,97.259942,15.927544,Botahtaung,Sagaing,284,90,7.7"
"Site 820,93.106716,19.788690,Mingalar Taung Nyunt,Sagaing,104,120,6.6"
"Site 821,98.627943,20.656251,North Okkalapa,Shan,342,60,1.7"
"Site 822,94.471669,18.891656,Dala,Ayeyarwady,107,65,6.9"
"Site 823,94.298022,20.737040,Yankin,Bago,320,90,5.0"
"Site 824,94.856868,21.264646,Dagon,Mandalay,332,45,5.6"
"Site 825,93.885118,17.392912,Mingaladon,Naypyidaw,229,65,6.2"
"Site 826,96.343065,16.618677,Pazundaung,Bago,338,120,4.9"
"Site 827,94.466212,18.892910,Kyauktada,Mon,319,90,1.8"
"Site 828,95.621563,21.850165,Kyauktada,Bago,281,45,0.7"
"Site 829,97.089310,15.637202,Kyauktada,Magway,329,120,7.2"
"Site 830,94.940838,21.850669,Dagon,Naypyidaw,356,180,7.2"
"Site 831,96.264267,15.733526,Botahtaung,Kayin,178,45,3.8"
"Site 832,97.885300,16.743824,Mingaladon,Naypyidaw,265,45,1.8"
"Site 833,93.059874,21.808296,Botahtaung,Naypyidaw,287,45,7.1"
"Site 834,94.760306,18.592831,Hlaing,Mandalay,71,90,7.5"
"Site 835,96.752912,21.729593,Insein,Shan,321,45,6.6"
"Site 836,98.812620,15.798691,Dala,Naypyidaw,10,90,4.6"
"Site 837,95.687339,16.287496,Dala,Sagaing,152,45,4.6"
"Site 838,98.053059,15.746397,Dagon,Shan,124,60,4.5"
"Site 839,98.050512,15.420690,Shwepyitha,Mon,126,180,2.1"
"Site 840,96.155823,17.313855,Seikkan,Naypyidaw,104,90,7.6"
"Site 841,93.330157,18.854484,Pazundaung,Naypyidaw,236,65,3.5"
"Site 842,97.641046,17.690165,North Okkalapa,Kayin,178,65,0.6"
"Site 843,97.479371,17.674942,Botahtaung,Kayin,338,120,7.5"
"Site 844,93.793040,17.171082,Hlaing,Magway,253,90,3.2"
"Site 845,97.956552,17.674583,Pazundaung,Mon,278,120,6.1"
"Site 846,95.346537,18.131159,Kyauktada,Mandalay,122,90,5.4"
"Site 847,94.954981,21.915961,Thingangyun,Ayeyarwady,98,60,4.8"
"Site 848,98.538650,19.146347,Botahtaung,Ayeyarwady,80,45,4.4"
"Site 849,95.561228,15.736077,South Okkalapa,Mon,135,45,1.1"
"Site 850,98.518310,20.475257,Hlaing,Bago,317,180,6.3"
"Site 851,96.195636,21.001906,Mingaladon,Sagaing,325,65,7.9"
"Site 852,94.713280,20.111168,Thingangyun,Bago,26,65,7.6"
"Site 853,96.316188,17.239525,Dala,Mon,32,60,6.9"
"Site 854,94.312404,18.463541,Kamayut,Kayin,212,90,1.4"
"Site 855,94.741571,18.056013,Mayangone,Sagaing,117,45,1.5"
"Site 856,97.335684,19.517758,Mingalar Taung Nyunt,Mandalay,313,180,5.1"
"Site 857,96.306226,15.303963,Seikkan,Mandalay,24,60,5.8"
"Site 858,94.877976,21.973938,Insein,Sagaing,89,65,3.1"
"Site 859,95.695611,15.899971,Thingangyun,Sagaing,263,120,4.2"
"Site 860,97.289310,20.144879,Kyauktada,Shan,263,90,4.0"
"Site 861,98.431413,19.994892,Kamayut,Shan,8,180,6.3"
"Site 862,94.020391,16.302559,North Okkalapa,Bago,269,60,4.1"
"Site 863,95.121075,17.522243,South Okkalapa,Mandalay,90,180,2.8"
"Site 864,96.545128,15.703315,Insein,Naypyidaw,63,180,6.2"
"Site 865,95.197726,21.734600,Yankin,Mon,259,180,1.3"
"Site 866,96.344553,16.411842,Dala,Magway,273,120,3.6"
"Site 867,97.585909,16.527964,Yankin,Mon,143,65,2.9"
"Site 868,94.243385,16.222425,Kamayut,Yangon,28,45,2.8"
"Site 869,97.185405,17.796122,Hlaingthaya,Ayeyarwady,56,45,6.0"
"Site 870,93.359190,16.393765,Shwepyitha,Kayin,220,65,4.8"
"Site 871,98.402976,16.595888,Kamayut,Shan,48,65,0.9"
"Site 872,94.060476,20.741195,Mingalar Taung Nyunt,Shan,328,45,4.3"
"Site 873,96.762682,20.015713,Hlaingthaya,Mon,265,180,6.2"
"Site 874,93.344016,21.172669,South Okkalapa,Mon,291,90,3.0"
"Site 875,95.906274,16.177527,Kamayut,Yangon,267,180,7.7"
"Site 876,94.380508,20.560301,Yankin,Naypyidaw,305,65,0.6"
"Site 877,94.186345,19.626179,Thingangyun,Bago,165,65,4.4"
"Site 878,98.937138,20.537934,Mingalar Taung Nyunt,Yangon,101,180,5.2"
"Site 879,98.769273,21.325472,Kamayut,Kayin,5,60,0.9"
"Site 880,98.509067,21.943106,Yankin,Yangon,171,65,5.0"
"Site 881,95.975472,20.027462,Pazundaung,Naypyidaw,319,45,6.1"
"Site 882,95.865188,15.915472,Pazundaung,Naypyidaw,125,45,5.4"
"Site 883,98.923227,21.085715,Kamayut,Ayeyarwady,117,180,6.3"
"Site 884,98.347912,15.816923,Mingalar Taung Nyunt,Shan,252,60,3.9"
"Site 885,94.033335,20.755558,Mayangone,Naypyidaw,335,65,5.0"
"Site 886,98.365357,17.987632,South Okkalapa,Shan,196,65,6.7"
"Site 887,96.760092,15.821247,Mingaladon,Naypyidaw,270,65,0.8"
"Site 888,95.875771,16.647786,Insein,Shan,339,120,3.4"
"Site 889,96.047371,18.252778,Seikkan,Kayin,76,120,2.6"
"Site 890,93.435210,19.525293,Seikkan,Yangon,126,120,0.9"
"Site 891,95.105075,20.208168,Mingaladon,Bago,320,45,3.9"
"Site 892,98.162444,20.587435,Botahtaung,Bago,140,65,7.6"
"Site 893,97.240420,16.149507,Kamayut,Ayeyarwady,99,180,1.2"
"Site 894,96.606072,16.608228,Mingaladon,Mandalay,273,180,6.4"
"Site 895,97.924261,16.829846,Shwepyitha,Sagaing,336,90,0.7"
"Site 896,98.147258,19.332104,Mayangone,Mon,341,90,4.3"
"Site 897,93.633204,16.504915,Pazundaung,Mon,85,45,4.6"
"Site 898,95.036853,17.667162,Insein,Ayeyarwady,336,45,5.6"
"Site 899,97.158873,18.981807,Pazundaung,Bago,302,60,1.3"
"Site 900,96.851686,16.509027,Kyauktada,Yangon,331,45,6.6"
"Site 901,96.092508,16.765723,Kyauktada,Kayin,33,120,5.7"
"Site 902,94.359513,21.033389,Dala,Naypyidaw,101,60,4.4"
"Site 903,97.892408,16.527814,Dala,Mon,224,60,6.1"
"Site 904,93.301281,16.079321,Mayangone,Kayin,142,180,7.9"
"Site 905,97.031543,20.256513,Dagon,Mandalay,312,90,5.9"
"Site 906,97.567630,20.753010,Kyauktada,Mon,242,120,7.0"
"Site 907,98.085169,19.455528,North Okkalapa,Kayin,22,120,2.9"
"Site 908,94.144771,17.031500,Mingalar Taung Nyunt,Magway,1,65,4.2"
"Site 909,97.802969,16.826033,Hlaingthaya,Yangon,48,120,2.8"
"Site 910,93.663917,19.684885,Yankin,Naypyidaw,119,65,7.4"
"Site 911,96.745591,17.478597,Hlaing,Ayeyarwady,297,45,2.0"
"Site 912,93.513987,16.575728,Insein,Mon,23,65,1.8"
"Site 913,94.869957,21.809937,Shwepyitha,Ayeyarwady,269,60,3.0"
"Site 914,93.156981,18.397034,Shwepyitha,Mandalay,237,90,5.4"
"Site 915,93.477227,21.582076,Kyauktada,Sagaing,106,90,1.8"
"Site 916,95.324127,20.742866,Shwepyitha,Mon,109,90,2.6"
"Site 917,97.635003,19.554230,Dala,Ayeyarwady,294,45,4.6"
"Site 918,94.560833,19.449331,Hlaingthaya,Shan,296,180,3.1"
"Site 919,95.913655,19.156423,North Okkalapa,Mandalay,55,65,1.0"
"Site 920,95.787889,16.385228,Seikkan,Kayin,159,60,5.0"
"Site 921,93.352099,17.355451,Shwepyitha,Mandalay,309,60,6.6"
"Site 922,98.930642,15.546850,Seikkan,Naypyidaw,37,60,2.6"
"Site 923,98.642915,20.934857,Mingalar Taung Nyunt,Naypyidaw,299,45,4.6"
"Site 924,97.325567,15.972639,Botahtaung,Magway,279,120,4.3"
"Site 925,98.117219,15.134647,Thingangyun,Mandalay,217,120,6.4"
"Site 926,96.945893,19.709602,Kamayut,Mandalay,237,65,7.8"
"Site 927,95.737261,19.632287,Seikkan,Bago,242,65,6.8"
"Site 928,95.154233,21.361276,Shwepyitha,Naypyidaw,96,45,2.8"
"Site 929,95.779752,19.805745,Thingangyun,Yangon,289,90,2.1"
"Site 930,98.336044,21.001610,Mayangone,Yangon,310,120,4.1"
"Site 931,96.409402,20.672414,Pazundaung,Yangon,353,65,3.1"
"Site 932,96.181792,19.278876,Thingangyun,Sagaing,314,90,6.1"
"Site 933,96.472464,20.838997,Dala,Ayeyarwady,352,45,1.6"
"Site 934,93.336932,17.262624,North Okkalapa,Bago,19,120,3.7"
"Site 935,98.984949,17.168984,Mayangone,Kayin,100,45,4.9"
"Site 936,94.684935,19.626214,Pazundaung,Yangon,305,90,5.8"
"Site 937,98.023560,20.026913,Mayangone,Mandalay,171,120,5.0"
"Site 938,97.459971,16.758605,Dala,Bago,192,60,3.0"
"Site 939,93.564719,21.201727,Hlaing,Magway,21,65,4.9"
"Site 940,95.524819,18.534130,Dagon,Bago,262,65,7.5"
"Site 941,98.559422,20.200772,Yankin,Shan,119,90,3.3"
"Site 942,96.614048,16.456353,Insein,Mandalay,107,180,2.5"
"Site 943,96.743408,19.984493,Mayangone,Yangon,218,60,4.8"
"Site 944,94.848444,20.228355,Dala,Bago,148,90,3.9"
"Site 945,96.528150,18.156090,Mingalar Taung Nyunt,Yangon,242,65,7.5"
"Site 946,98.528400,19.824723,Mayangone,Kayin,82,60,7.7"
"Site 947,96.957873,15.436132,Pazundaung,Bago,100,45,1.7"
"Site 948,98.390998,16.321439,Mingalar Taung Nyunt,Sagaing,309,45,7.3"
"Site 949,93.910230,20.604085,Kyauktada,Bago,185,45,1.2"
"Site 950,96.456052,18.946187,Thingangyun,Yangon,201,45,2.6"
"Site 951,98.583800,20.406666,South Okkalapa,Kayin,255,45,6.6"
"Site 952,96.922076,19.898043,Dagon,Kayin,179,60,7.7"
"Site 953,95.734839,18.057373,Kyauktada,Bago,24,60,7.1"
"Site 954,93.539722,20.997371,Thingangyun,Mon,177,65,7.1"
"Site 955,98.378443,17.524511,Kyauktada,Naypyidaw,167,60,4.4"
"Site 956,98.213819,19.912890,Yankin,Ayeyarwady,309,45,0.8"
"Site 957,97.906645,18.209759,Botahtaung,Bago,226,45,1.1"
"Site 958,95.802271,20.497797,Seikkan,Sagaing,334,120,2.8"
"Site 959,96.617528,19.612520,Mingaladon,Shan,92,90,7.6"
"Site 960,93.261830,20.684016,South Okkalapa,Naypyidaw,321,65,7.8"
"Site 961,97.332083,15.893142,Shwepyitha,Bago,292,180,7.4"
"Site 962,98.245859,19.017159,Seikkan,Magway,251,120,7.0"
"Site 963,97.102143,19.301816,Seikkan,Mon,304,90,6.5"
"Site 964,96.235885,16.162907,Dagon,Bago,190,90,2.2"
"Site 965,95.497556,19.952745,North Okkalapa,Bago,174,90,7.1"
"Site 966,96.768029,18.800057,Hlaingthaya,Mon,252,180,3.8"
"Site 967,94.453371,18.253686,Yankin,Magway,297,120,5.6"
"Site 968,98.329180,19.853873,Dagon,Ayeyarwady,249,120,1.5"
"Site 969,93.199173,15.636733,Insein,Sagaing,99,90,6.4"
"Site 970,93.337769,16.388506,Pazundaung,Sagaing,162,45,1.4"
"Site 971,97.212807,19.906725,Yankin,Naypyidaw,342,120,4.1"
"Site 972,95.795244,15.765009,South Okkalapa,Naypyidaw,152,65,4.6"
"Site 973,94.012657,16.761187,Seikkan,Mon,118,180,4.0"
"Site 974,97.677415,20.255453,Seikkan,Mandalay,136,90,7.9"
"Site 975,98.618495,17.398542,Mingalar Taung Nyunt,Ayeyarwady,220,120,2.5"
"Site 976,96.920027,17.626621,Kamayut,Shan,299,65,6.1"
"Site 977,97.962890,16.848700,Hlaing,Sagaing,309,180,4.6"
"Site 978,96.511868,16.397150,Mayangone,Bago,169,65,1.0"
"Site 979,95.682558,19.195117,Botahtaung,Yangon,88,60,0.9"
"Site 980,97.818080,18.421307,Mingaladon,Yangon,69,45,6.9"
"Site 981,93.230274,17.042299,Botahtaung,Naypyidaw,55,180,6.5"
"Site 982,94.880574,18.455082,Yankin,Mandalay,61,90,5.2"
"Site 983,93.805393,18.945518,Hlaingthaya,Naypyidaw,193,45,2.4"
"Site 984,95.713444,20.443411,Dala,Magway,326,180,3.2"
"Site 985,97.933036,17.172937,Mingalar Taung Nyunt,Mon,206,90,5.9"
"Site 986,93.343690,19.051508,Dala,Mon,58,45,2.6"
"Site 987,96.941960,21.051070,Mayangone,Mandalay,95,120,7.2"
"Site 988,96.867229,17.017252,Botahtaung,Mon,201,90,7.5"
"Site 989,95.560065,20.862021,Yankin,Ayeyarwady,209,90,5.9"
"Site 990,97.875415,15.347522,Yankin,Bago,111,60,6.1"
"Site 991,95.523390,17.669788,Mayangone,Sagaing,163,60,1.0"
"Site 992,97.816253,19.610146,Pazundaung,Ayeyarwady,301,65,1.7"
"Site 993,96.545501,20.578221,Dagon,Bago,17,65,4.6"
"Site 994,94.359493,17.158178,Mingaladon,Magway,337,180,4.0"
"Site 995,95.284874,18.600819,South Okkalapa,Mon,241,65,4.6"
"Site 996,96.608749,15.562262,Thingangyun,Mandalay,257,60,3.9"
"Site 997,97.866677,21.926420,Thingangyun,Naypyidaw,64,180,6.1"
"Site 998,94.118417,17.154645,Kyauktada,Yangon,66,60,4.8"
"Site 999,94.288357,17.379474,Mayangone,Yangon,317,45,4.6"
"Site 1000,93.314585,21.008865,Seikkan,Bago,124,90,2.0"
"Site 1001,95.277299,19.647236,Shwepyitha,Magway,67,60,1.8"
"Site 1002,96.429325,18.827128,North Okkalapa,Mon,346,120,1.3"
"Site 1003,94.599460,18.079214,South Okkalapa,Mandalay,242,120,6.9"
"Site 1004,95.359913,16.257415,Kyauktada,Bago,331,45,7.2"
"Site 1005,97.222243,18.708972,Dagon,Naypyidaw,137,45,1.4"
"Site 1006,98.157905,16.829110,Mayangone,Bago,302,60,4.6"
"Site 1007,97.212126,18.648134,Dala,Shan,199,120,4.3"
"Site 1008,98.298805,17.010056,Mingalar Taung Nyunt,Yangon,169,65,5.1"
"Site 1009,98.254813,21.965115,Dagon,Mandalay,197,120,1.4"
"Site 1010,93.217638,18.145443,Insein,Mon,208,90,3.1"
"Site 1011,95.235241,18.083810,North Okkalapa,Kayin,249,45,3.7"
"Site 1012,93.242629,20.242980,Dagon,Ayeyarwady,244,120,7.7"
"Site 1013,93.064357,19.063414,Pazundaung,Kayin,287,180,5.1"
"Site 1014,97.427254,16.709029,Mayangone,Sagaing,207,60,7.0"
"Site 1015,96.642953,20.834958,Dagon,Kayin,194,120,2.2"
"Site 1016,93.718073,16.667055,Dala,Ayeyarwady,134,180,7.8"
"Site 1017,96.079661,15.472826,Kyauktada,Bago,157,180,6.2"
"Site 1018,95.350197,20.272674,Dala,Yangon,355,45,7.4"
"Site 1019,95.441374,16.308951,Kyauktada,Ayeyarwady,125,45,3.7"
"Site 1020,94.539341,21.813802,Botahtaung,Mandalay,118,45,2.7"
"Site 1021,95.557821,20.723870,Shwepyitha,Sagaing,179,45,4.5"
"Site 1022,98.103535,15.464382,Thingangyun,Mandalay,311,45,2.9"
"Site 1023,98.170430,19.872735,Seikkan,Shan,53,65,3.7"
"Site 1024,95.687267,20.387630,Kyauktada,Magway,314,180,4.1"
"Site 1025,94.721357,15.138315,Kamayut,Mandalay,89,60,4.1"
"Site 1026,98.405845,18.294060,North Okkalapa,Bago,332,60,7.2"
"Site 1027,98.802312,19.312735,Yankin,Yangon,28,65,2.5"
"Site 1028,94.866390,15.019833,Dagon,Kayin,270,65,2.4"
"Site 1029,96.811936,15.241466,Kamayut,Ayeyarwady,32,90,1.4"
"Site 1030,96.602185,21.542614,North Okkalapa,Ayeyarwady,179,65,1.8"
"Site 1031,96.934764,16.355629,Kamayut,Mon,240,65,3.5"
"Site 1032,97.640137,19.662644,Thingangyun,Shan,210,60,7.7"
"Site 1033,93.297340,21.041273,Shwepyitha,Mandalay,131,120,3.2"
"Site 1034,95.279636,15.186535,Botahtaung,Bago,68,90,4.6"
"Site 1035,97.189709,18.833811,Mingalar Taung Nyunt,Mon,112,180,2.6"
"Site 1036,97.691002,19.939204,Hlaing,Kayin,38,90,3.6"
"Site 1037,98.857991,21.538965,Seikkan,Kayin,134,45,5.7"
"Site 1038,98.675227,18.069516,Pazundaung,Mandalay,250,65,4.6"
"Site 1039,98.611267,21.378625,Botahtaung,Bago,338,120,0.5"
"Site 1040,97.466266,21.874640,Mingalar Taung Nyunt,Sagaing,262,45,7.3"
"Site 1041,93.581568,17.295448,Dagon,Sagaing,148,60,1.7"
"Site 1042,97.075567,19.092401,Mingalar Taung Nyunt,Ayeyarwady,201,65,5.9"
"Site 1043,97.552725,17.827360,Kamayut,Ayeyarwady,270,65,4.3"
"Site 1044,96.216524,16.949703,Hlaing,Yangon,205,180,2.5"
"Site 1045,95.217884,19.010124,Mingaladon,Ayeyarwady,76,65,5.1"
"Site 1046,94.987139,16.533921,Mayangone,Sagaing,146,180,4.0"
"Site 1047,95.007141,19.632711,Pazundaung,Sagaing,13,45,5.0"
"Site 1048,95.326104,20.840990,Mingaladon,Sagaing,66,90,4.9"
"Site 1049,93.559154,17.190907,Mingaladon,Mon,172,180,4.4"
"Site 1050,95.430936,16.958802,Yankin,Kayin,198,180,0.8"
"Site 1051,98.287431,21.303113,Shwepyitha,Naypyidaw,272,90,5.2"
"Site 1052,95.409982,15.571916,South Okkalapa,Yangon,275,90,4.6"
"Site 1053,97.650785,16.452718,Mayangone,Mandalay,346,180,4.8"
"Site 1054,96.184927,17.645241,Dala,Yangon,324,65,4.7"
"Site 1055,95.828186,15.498362,Kamayut,Mon,83,60,7.9"
"Site 1056,97.374297,21.158630,Shwepyitha,Naypyidaw,352,60,3.6"
"Site 1057,98.768025,19.403818,Botahtaung,Magway,72,180,4.1"
"Site 1058,96.555950,21.699972,Thingangyun,Kayin,339,65,6.2"
"Site 1059,97.233021,19.071963,Mingaladon,Mon,250,120,5.9"
"Site 1060,98.693944,16.734455,Kamayut,Mon,158,60,1.9"
"Site 1061,93.750967,17.831099,South Okkalapa,Mon,104,120,4.1"
"Site 1062,93.040359,19.734714,Yankin,Kayin,24,60,5.3"
"Site 1063,98.665285,20.607997,Mingalar Taung Nyunt,Naypyidaw,150,180,6.7"
"Site 1064,94.363630,20.789943,Yankin,Kayin,316,180,4.7"
"Site 1065,95.461517,18.131308,Mingalar Taung Nyunt,Mandalay,302,45,6.0"
"Site 1066,94.085833,19.550633,Hlaingthaya,Ayeyarwady,181,120,6.0"
"Site 1067,94.073539,16.202614,Mingaladon,Kayin,52,65,1.7"
"Site 1068,98.607160,21.212179,North Okkalapa,Kayin,130,120,1.6"
"Site 1069,98.790692,16.403980,Botahtaung,Sagaing,83,120,4.1"
"Site 1070,98.965214,17.548272,Thingangyun,Mon,355,90,1.4"
"Site 1071,93.455185,16.930902,Kamayut,Kayin,262,65,7.9"
"Site 1072,98.660289,16.911045,Hlaingthaya,Magway,210,45,2.1"
"Site 1073,97.951915,18.285352,Dala,Mon,62,120,3.7"
"Site 1074,94.654807,19.117191,Kyauktada,Kayin,273,60,1.5"
"Site 1075,98.184297,17.674131,Seikkan,Naypyidaw,230,65,4.0"
"Site 1076,93.710678,17.151962,Seikkan,Naypyidaw,181,90,1.2"
"Site 1077,97.317420,17.915399,Hlaingthaya,Yangon,349,45,6.9"
"Site 1078,98.435616,20.012705,Kyauktada,Naypyidaw,132,60,5.8"
"Site 1079,94.603433,20.340448,Yankin,Yangon,271,120,7.7"
"Site 1080,95.726070,16.916479,Pazundaung,Kayin,114,180,1.8"
"Site 1081,94.658973,18.994371,Seikkan,Magway,109,45,0.6"
"Site 1082,97.820689,15.623356,Kyauktada,Yangon,118,45,7.8"
"Site 1083,97.615990,16.581370,Shwepyitha,Naypyidaw,115,120,3.0"
"Site 1084,93.722330,17.590147,Mayangone,Ayeyarwady,254,120,7.0"
"Site 1085,93.284189,19.566816,Yankin,Mon,320,180,6.1"
"Site 1086,96.231751,16.585398,Hlaing,Yangon,170,60,3.2"
"Site 1087,98.414969,19.448825,Pazundaung,Magway,238,180,1.4"
"Site 1088,95.105076,20.699779,North Okkalapa,Yangon,359,120,2.8"
"Site 1089,95.983612,16.641142,Mingaladon,Mon,144,60,1.3"
"Site 1090,93.100855,20.490520,Yankin,Mandalay,62,45,7.2"
"Site 1091,93.697307,16.795214,Mingalar Taung Nyunt,Bago,30,120,0.9"
"Site 1092,94.873845,21.583384,Dala,Ayeyarwady,119,180,1.4"
"Site 1093,94.033791,20.119736,Shwepyitha,Yangon,127,65,1.5"
"Site 1094,98.538517,21.048366,Mingaladon,Mon,29,45,2.6"
"Site 1095,95.972754,15.683391,South Okkalapa,Mon,210,90,0.9"
"Site 1096,93.807654,15.270859,Pazundaung,Magway,28,180,2.3"
"Site 1097,95.865741,17.766677,Mingaladon,Shan,128,90,1.2"
"Site 1098,95.036987,19.097257,Pazundaung,Yangon,7,45,1.5"
"Site 1099,95.110907,19.983299,Hlaingthaya,Sagaing,95,65,2.6"
"Site 1100,95.539145,18.546977,Kyauktada,Magway,84,180,1.6"
"Site 1101,96.717110,21.763711,Mayangone,Kayin,302,45,3.1"
"Site 1102,94.366236,15.002268,Seikkan,Ayeyarwady,309,90,1.0"
"Site 1103,98.712405,18.574514,Dala,Mandalay,231,65,7.2"
"Site 1104,95.693987,17.609536,Dagon,Mon,8,45,6.6"
"Site 1105,94.767002,20.521984,Kamayut,Magway,251,60,3.7"
"Site 1106,97.550608,20.722339,Hlaing,Yangon,266,65,3.3"
"Site 1107,97.925005,19.958083,Thingangyun,Mandalay,187,60,1.4"
"Site 1108,95.216242,21.737932,South Okkalapa,Mandalay,304,65,3.5"
"Site 1109,93.560224,17.597388,Pazundaung,Kayin,171,180,4.9"
"Site 1110,96.735582,15.000137,Dagon,Magway,31,90,7.9"
"Site 1111,93.540210,18.076177,Seikkan,Shan,356,180,2.8"
"Site 1112,94.914185,17.395683,Botahtaung,Shan,245,65,2.5"
"Site 1113,96.310546,15.953456,Kyauktada,Bago,67,120,5.0"
"Site 1114,95.080676,16.349991,Mingalar Taung Nyunt,Mandalay,212,65,4.5"
"Site 1115,97.234122,19.067656,Dagon,Kayin,105,45,2.4"
"Site 1116,98.860067,18.459465,Thingangyun,Magway,47,120,1.7"
"Site 1117,94.678088,20.439368,Insein,Bago,95,90,3.5"
"Site 1118,98.785177,18.230889,Seikkan,Sagaing,12,180,5.8"
"Site 1119,98.565081,21.921053,Mayangone,Mon,162,45,3.9"
"Site 1120,98.136287,19.436271,Botahtaung,Bago,21,45,5.0"
"Site 1121,96.565243,17.458513,Mingalar Taung Nyunt,Ayeyarwady,110,65,5.3"
"Site 1122,97.481142,16.008681,North Okkalapa,Shan,145,120,3.9"
"Site 1123,97.110242,16.300147,Yankin,Mandalay,277,65,2.0"
"Site 1124,93.020874,19.798003,Kyauktada,Mon,314,90,6.2"
"Site 1125,98.725594,16.286694,Dagon,Yangon,5,120,6.0"
"Site 1126,94.797336,19.343500,Shwepyitha,Bago,203,120,5.4"
"Site 1127,96.809145,16.237137,Shwepyitha,Magway,34,120,1.6"
"Site 1128,98.409850,17.078314,Seikkan,Bago,132,60,7.4"
"Site 1129,98.462160,19.055248,Kyauktada,Kayin,160,180,1.8"
"Site 1130,98.826609,15.096320,Pazundaung,Naypyidaw,333,45,4.9"
"Site 1131,94.956831,19.776819,Kyauktada,Mandalay,186,180,5.7"
"Site 1132,96.418919,17.888485,Dala,Bago,57,120,6.3"
"Site 1133,98.625931,21.148943,North Okkalapa,Sagaing,332,60,7.5"
"Site 1134,94.294843,21.811984,Dagon,Bago,273,60,2.0"
"Site 1135,95.279097,21.948359,Botahtaung,Shan,276,180,3.0"
"Site 1136,98.893045,17.886780,Mayangone,Yangon,303,60,2.6"
"Site 1137,97.303936,16.022050,Hlaingthaya,Shan,135,60,3.1"
"Site 1138,95.389029,17.882899,Botahtaung,Bago,328,90,0.7"
"Site 1139,97.092322,21.916448,Seikkan,Sagaing,235,60,5.4"
"Site 1140,95.518786,15.651918,Mingaladon,Ayeyarwady,66,45,1.1"
"Site 1141,94.019805,18.941604,Kyauktada,Sagaing,162,90,1.4"
"Site 1142,93.622135,19.917202,Insein,Bago,18,60,7.1"
"Site 1143,96.491076,19.980491,Shwepyitha,Bago,318,45,3.8"
"Site 1144,96.357589,20.315914,Mayangone,Sagaing,205,60,1.7"
"Site 1145,95.836007,17.275055,Mingalar Taung Nyunt,Sagaing,119,90,5.4"
"Site 1146,98.682351,18.280220,Thingangyun,Ayeyarwady,84,65,1.1"
"Site 1147,94.512502,19.320405,Dala,Kayin,308,45,4.6"
"Site 1148,95.239712,17.013572,Botahtaung,Kayin,115,120,3.5"
"Site 1149,93.510685,19.547380,Kyauktada,Yangon,156,60,4.1"
"Site 1150,98.212601,15.096135,Pazundaung,Kayin,333,45,3.8"
"Site 1151,93.899813,20.236639,Shwepyitha,Magway,224,60,6.0"
"Site 1152,97.644866,17.725492,South Okkalapa,Magway,132,120,1.1"
"Site 1153,93.286045,20.511650,Seikkan,Kayin,173,45,2.7"
"Site 1154,95.872975,21.381170,Hlaing,Kayin,92,90,7.5"
"Site 1155,96.936923,17.942437,Pazundaung,Yangon,235,45,4.2"
"Site 1156,93.940683,15.450227,Yankin,Bago,157,120,0.9"
"Site 1157,95.382165,18.289055,Hlaing,Naypyidaw,60,45,7.0"
"Site 1158,98.009058,19.576679,North Okkalapa,Mandalay,346,60,7.4"
"Site 1159,98.696909,15.527442,Shwepyitha,Mon,140,65,2.3"
"Site 1160,93.674097,21.066581,Pazundaung,Sagaing,98,60,4.5"
"Site 1161,96.263986,17.093853,Yankin,Magway,332,65,2.4"
"Site 1162,98.239424,19.647367,Hlaingthaya,Magway,116,120,7.5"
"Site 1163,95.521696,21.347057,Kyauktada,Yangon,230,65,7.9"
"Site 1164,93.110616,17.638467,Kyauktada,Mandalay,302,60,6.1"
"Site 1165,95.885795,15.505315,Hlaingthaya,Mon,339,180,6.0"
"Site 1166,94.396409,19.350219,South Okkalapa,Bago,20,180,3.5"
"Site 1167,93.859348,19.234013,Hlaingthaya,Bago,17,180,0.9"
"Site 1168,95.362712,19.573767,Seikkan,Kayin,166,90,0.7"
"Site 1169,98.505951,17.413513,Hlaingthaya,Mandalay,179,45,6.1"
"Site 1170,95.489749,15.209770,Mingalar Taung Nyunt,Sagaing,2,65,5.2"
"Site 1171,96.546481,20.480867,South Okkalapa,Ayeyarwady,5,45,1.1"
"Site 1172,97.511093,17.677406,Shwepyitha,Naypyidaw,339,180,1.4"
"Site 1173,93.039101,17.398391,Hlaing,Shan,291,45,4.3"
"Site 1174,93.653138,15.266024,Dagon,Bago,106,90,6.0"
"Site 1175,93.498714,21.979024,Insein,Sagaing,3,120,7.0"
"Site 1176,97.545537,19.878003,Kamayut,Mon,14,45,6.5"
"Site 1177,95.591328,16.417379,Botahtaung,Sagaing,330,45,7.9"
"Site 1178,94.339696,20.242814,South Okkalapa,Ayeyarwady,70,90,1.0"
"Site 1179,98.868813,17.716096,Dala,Naypyidaw,196,120,5.2"
"Site 1180,96.575761,15.157239,Thingangyun,Shan,224,120,2.7"
"Site 1181,94.818015,15.339952,North Okkalapa,Sagaing,172,45,1.1"
"Site 1182,98.405778,17.658716,Mayangone,Ayeyarwady,134,90,5.7"
"Site 1183,97.743533,20.079560,Hlaingthaya,Magway,255,120,3.0"
"Site 1184,95.247417,16.067247,Pazundaung,Kayin,91,65,7.4"
"Site 1185,94.537117,15.981219,Shwepyitha,Magway,98,45,5.8"
"Site 1186,96.829796,16.124949,Kamayut,Sagaing,340,90,6.5"
"Site 1187,95.275369,17.718217,Dagon,Magway,351,180,6.4"
"Site 1188,97.107857,19.727302,Dagon,Bago,226,60,2.9"
"Site 1189,98.188083,18.598390,Yankin,Sagaing,213,60,4.0"
"Site 1190,94.944111,16.611027,Kyauktada,Yangon,117,180,6.3"
"Site 1191,94.180882,21.360108,Dala,Ayeyarwady,336,45,6.1"
"Site 1192,97.168748,16.968976,Shwepyitha,Magway,300,90,3.4"
"Site 1193,97.889570,16.817577,Dala,Mon,329,90,6.4"
"Site 1194,96.699302,17.286424,Mayangone,Yangon,242,45,7.7"
"Site 1195,98.244380,17.849462,Pazundaung,Mon,258,45,2.7"
"Site 1196,94.479112,21.397262,Insein,Ayeyarwady,317,60,7.8"
"Site 1197,95.270440,20.338457,Kyauktada,Ayeyarwady,132,90,3.2"
"Site 1198,96.739702,21.970047,South Okkalapa,Sagaing,123,90,7.2"
"Site 1199,97.503596,15.855896,Dala,Sagaing,145,60,7.5"
"Site 1200,97.401963,21.524895,Hlaing,Mandalay,95,90,7.1"
"Site 1201,96.187207,15.006298,Seikkan,Sagaing,8,120,7.7"
"Site 1202,97.271796,17.800312,Hlaingthaya,Mandalay,310,60,0.9"
"Site 1203,95.488254,17.701586,Dagon,Kayin,215,65,3.0"
"Site 1204,98.612072,17.616336,Mingaladon,Yangon,297,90,7.4"
"Site 1205,93.198562,17.528111,Dala,Kayin,42,120,5.1"
"Site 1206,95.174367,18.993127,Kamayut,Yangon,104,120,4.5"
"Site 1207,94.582255,16.209352,Kyauktada,Mandalay,188,45,4.0"
"Site 1208,94.760485,17.534666,Yankin,Kayin,182,60,1.2"
"Site 1209,95.520925,16.096321,Mingaladon,Magway,217,65,3.8"
"Site 1210,95.222872,17.391334,Hlaing,Yangon,100,120,2.3"
"Site 1211,94.419011,17.748852,Mingaladon,Ayeyarwady,200,45,1.3"
"Site 1212,93.929527,20.140534,Dala,Ayeyarwady,178,45,5.4"
"Site 1213,95.903543,19.050655,Botahtaung,Sagaing,226,120,7.8"
"Site 1214,93.685502,19.551743,Insein,Yangon,297,120,4.8"
"Site 1215,93.344804,18.138419,Dagon,Bago,155,65,6.5"
"Site 1216,98.614826,18.947573,Botahtaung,Mandalay,61,60,3.0"
"Site 1217,98.909175,17.489493,Hlaing,Mon,324,120,6.3"
"Site 1218,95.215588,16.570658,Mingalar Taung Nyunt,Kayin,237,45,5.1"
"Site 1219,98.062950,16.804593,Shwepyitha,Yangon,62,180,5.7"
"Site 1220,94.043898,19.183165,Hlaing,Naypyidaw,347,60,6.6"
"Site 1221,97.790929,16.300856,Dala,Naypyidaw,104,120,6.6"
"Site 1222,93.112540,21.783020,Botahtaung,Kayin,174,45,0.7"
"Site 1223,94.484394,19.593538,Seikkan,Ayeyarwady,359,65,4.9"
"Site 1224,95.029482,21.748117,Mayangone,Bago,145,120,5.1"
"Site 1225,98.064083,21.509969,Hlaingthaya,Kayin,336,65,6.3"
"Site 1226,93.969795,15.765561,Shwepyitha,Yangon,143,60,4.8"
"Site 1227,96.524344,20.423433,Shwepyitha,Bago,214,45,2.8"
"Site 1228,93.032603,15.469349,Hlaingthaya,Naypyidaw,306,180,7.0"
"Site 1229,98.281503,15.170602,Pazundaung,Ayeyarwady,17,65,1.0"
"Site 1230,96.997313,20.671611,North Okkalapa,Sagaing,18,90,3.2"
"Site 1231,94.824167,15.077665,Thingangyun,Shan,284,45,2.4"
"Site 1232,97.304793,19.460614,Insein,Sagaing,165,120,2.5"
"Site 1233,94.925169,16.896501,South Okkalapa,Mon,16,60,3.3"
"Site 1234,97.278274,19.081266,Seikkan,Kayin,108,120,6.3"
"Site 1235,93.799091,19.002333,Kamayut,Sagaing,146,120,5.5"
"Site 1236,98.654728,16.068062,Botahtaung,Magway,69,120,0.7"
"Site 1237,95.576718,21.611301,Kamayut,Magway,199,65,3.1"
"Site 1238,97.361637,16.405342,Hlaing,Yangon,3,45,2.6"
"Site 1239,93.819666,20.603601,Yankin,Bago,213,180,4.1"
"Site 1240,96.653030,21.230981,Botahtaung,Mandalay,225,65,7.2"
"Site 1241,95.228949,15.119965,Pazundaung,Naypyidaw,296,120,0.8"
"Site 1242,97.708030,19.503608,Hlaing,Sagaing,66,60,3.5"
"Site 1243,97.280209,18.214776,Dagon,Shan,102,45,6.6"
"Site 1244,97.291164,18.690413,Mingalar Taung Nyunt,Ayeyarwady,5,90,5.2"
"Site 1245,96.442644,19.378472,Mingaladon,Shan,5,65,7.1"
"Site 1246,94.126269,18.557941,South Okkalapa,Shan,26,45,3.1"
"Site 1247,94.545453,18.028635,Insein,Sagaing,167,120,5.1"
"Site 1248,95.157619,20.090246,North Okkalapa,Kayin,254,180,4.8"
"Site 1249,96.595004,20.601643,Mingaladon,Ayeyarwady,119,45,5.6"
"Site 1250,96.274274,15.673976,Dala,Naypyidaw,154,65,6.7"
"Site 1251,98.287607,20.591808,Hlaingthaya,Naypyidaw,224,45,5.9"
"Site 1252,95.609194,19.765597,Seikkan,Mandalay,287,60,6.7"
"Site 1253,96.819593,18.893448,Yankin,Yangon,15,65,1.5"
"Site 1254,98.209588,18.321621,Hlaingthaya,Bago,105,45,5.6"
"Site 1255,93.359686,21.452930,Botahtaung,Mon,88,60,1.7"
"Site 1256,95.658813,15.010267,Botahtaung,Mon,153,120,3.9"
"Site 1257,94.717291,21.693567,Mayangone,Magway,125,90,4.9"
"Site 1258,95.401883,19.890129,Mingalar Taung Nyunt,Shan,84,180,5.7"
"Site 1259,98.077834,16.963991,Dagon,Bago,116,120,6.4"
"Site 1260,97.235996,18.202077,Shwepyitha,Bago,138,65,3.2"
"Site 1261,98.070833,18.366527,Kamayut,Yangon,38,180,2.4"
"Site 1262,94.672436,18.747467,Mingaladon,Naypyidaw,67,60,1.6"
"Site 1263,94.554659,18.619793,Dala,Yangon,233,90,7.2"
"Site 1264,95.416348,16.936966,Hlaing,Bago,289,180,4.4"
"Site 1265,93.931337,15.344050,Thingangyun,Mon,12,90,1.3"
"Site 1266,96.614487,21.595567,Dagon,Naypyidaw,359,120,5.5"
"Site 1267,96.757079,16.453788,South Okkalapa,Sagaing,301,180,6.6"
"Site 1268,96.557398,15.592523,Dala,Yangon,326,90,5.7"
"Site 1269,95.991171,19.098604,Kamayut,Shan,228,120,4.2"
"Site 1270,98.537492,19.382789,Botahtaung,Yangon,289,180,3.1"
"Site 1271,97.379125,16.991485,Botahtaung,Bago,208,65,2.3"
"Site 1272,97.482249,17.333594,Kyauktada,Magway,306,180,7.7"
"Site 1273,95.996812,19.631083,Botahtaung,Ayeyarwady,121,180,1.8"
"Site 1274,98.304612,16.933690,North Okkalapa,Kayin,46,60,4.9"
"Site 1275,93.858445,21.863938,Dala,Ayeyarwady,114,90,5.2"
"Site 1276,96.648657,21.035271,Mingalar Taung Nyunt,Magway,316,90,6.0"
"Site 1277,95.214283,19.377177,Thingangyun,Sagaing,235,60,5.1"
"Site 1278,96.469806,16.474956,Hlaingthaya,Ayeyarwady,136,90,7.5"
"Site 1279,97.792347,19.654307,Pazundaung,Shan,139,120,7.7"
"Site 1280,93.051811,19.120200,South Okkalapa,Sagaing,48,180,5.0"
"Site 1281,97.773150,15.296507,Dagon,Mon,9,120,2.0"
"Site 1282,94.944660,15.846554,Insein,Bago,120,45,7.2"
"Site 1283,95.387120,16.778879,Seikkan,Yangon,92,60,4.0"
"Site 1284,97.146475,15.814962,Hlaingthaya,Yangon,243,180,4.7"
"Site 1285,96.340952,16.392906,Dala,Ayeyarwady,94,60,2.5"
"Site 1286,94.452571,15.299178,South Okkalapa,Ayeyarwady,347,60,1.8"
"Site 1287,95.137933,17.189164,Kamayut,Kayin,65,60,1.1"
"Site 1288,96.482387,15.208693,Hlaing,Kayin,33,120,3.5"
"Site 1289,96.525915,16.276359,Dala,Yangon,95,65,3.3"
"Site 1290,97.214802,21.003469,Botahtaung,Bago,271,65,3.4"
"Site 1291,95.627122,16.651579,Seikkan,Shan,116,65,5.3"
"Site 1292,96.262717,17.495377,Hlaing,Sagaing,292,45,4.7"
"Site 1293,93.476242,16.054017,Seikkan,Shan,254,120,7.6"
"Site 1294,95.413797,20.341742,Seikkan,Magway,210,45,5.2"
"Site 1295,96.306814,17.462627,Hlaing,Kayin,338,120,2.1"
"Site 1296,94.229860,17.716076,Yankin,Yangon,221,90,1.3"
"Site 1297,97.219302,18.960314,Shwepyitha,Bago,68,60,0.7"
"Site 1298,94.594949,17.658416,Mayangone,Yangon,271,180,6.1"
"Site 1299,94.435381,19.511109,Pazundaung,Sagaing,23,65,4.2"
"Site 1300,98.957729,21.844963,Yankin,Bago,223,90,2.8"
"Site 1301,95.999150,21.453995,Mayangone,Shan,79,45,2.1"
"Site 1302,98.556584,16.204748,Insein,Yangon,58,65,7.2"
"Site 1303,97.238865,21.103781,Mingaladon,Ayeyarwady,264,45,2.0"
"Site 1304,98.158691,17.953083,Hlaing,Bago,242,65,3.4"
"Site 1305,96.885498,20.976382,Dagon,Yangon,151,45,6.5"
"Site 1306,97.817534,17.135370,Kyauktada,Magway,81,120,4.8"
"Site 1307,97.825216,21.058918,Dagon,Sagaing,173,45,4.4"
"Site 1308,98.456886,20.361878,Dala,Mon,314,90,5.0"
"Site 1309,98.155290,18.536007,Shwepyitha,Magway,39,60,5.7"
"Site 1310,95.632364,18.104038,South Okkalapa,Naypyidaw,105,60,4.3"
"Site 1311,97.831890,20.091585,Mayangone,Magway,346,90,3.4"
"Site 1312,98.446014,17.093931,Mingaladon,Mandalay,50,120,1.6"
"Site 1313,94.773937,21.328472,Hlaingthaya,Kayin,217,120,1.6"
"Site 1314,95.529995,20.175349,Yankin,Bago,48,90,6.2"
"Site 1315,95.806936,16.027580,Dala,Bago,135,180,8.0"
"Site 1316,95.550766,21.948934,Botahtaung,Ayeyarwady,180,60,1.2"
"Site 1317,93.240866,16.983489,Kyauktada,Shan,158,120,5.4"
"Site 1318,95.910188,19.316733,Thingangyun,Sagaing,172,45,3.7"
"Site 1319,93.749037,21.976227,Botahtaung,Shan,106,60,4.8"
"Site 1320,93.706950,16.889284,Mingalar Taung Nyunt,Mon,50,45,5.4"
"Site 1321,93.992169,19.453972,Pazundaung,Yangon,294,90,4.6"
"Site 1322,96.239491,15.153246,North Okkalapa,Magway,346,45,2.4"
"Site 1323,95.726916,18.743164,Dagon,Magway,272,120,2.9"
"Site 1324,95.206333,19.463310,North Okkalapa,Magway,198,180,2.6"
"Site 1325,93.156070,21.217782,Botahtaung,Magway,258,60,3.5"
"Site 1326,96.099544,17.076533,Botahtaung,Sagaing,79,65,0.6"
"Site 1327,98.188286,20.572062,North Okkalapa,Ayeyarwady,76,65,6.6"
"Site 1328,97.086156,21.576182,Thingangyun,Mon,310,45,0.6"
"Site 1329,93.094568,18.892536,Mayangone,Yangon,56,120,5.8"
"Site 1330,98.699031,15.081041,Mingaladon,Bago,302,120,1.0"
"Site 1331,96.652241,19.349768,Seikkan,Ayeyarwady,247,180,7.8"
"Site 1332,93.013515,19.739214,Hlaing,Mon,231,65,4.1"
"Site 1333,98.841530,16.657502,Kyauktada,Bago,277,90,2.5"
"Site 1334,98.716139,15.640825,South Okkalapa,Naypyidaw,62,60,0.7"
"Site 1335,97.194360,21.879711,Hlaingthaya,Shan,32,45,4.4"
"Site 1336,98.470363,16.639725,Kamayut,Mon,12,180,1.5"
"Site 1337,96.730511,20.322635,Mayangone,Ayeyarwady,274,65,1.8"
"Site 1338,94.217748,19.572977,Pazundaung,Mon,290,45,7.6"
"Site 1339,95.728655,21.873545,North Okkalapa,Naypyidaw,62,45,3.2"
"Site 1340,94.963168,16.902804,Kyauktada,Yangon,311,65,4.1"
"Site 1341,98.524518,20.416045,Dala,Sagaing,119,90,3.5"
"Site 1342,94.164675,16.479657,North Okkalapa,Sagaing,187,120,1.1"
"Site 1343,94.949817,20.373866,Yankin,Mandalay,119,60,4.1"
"Site 1344,94.677824,17.558798,Pazundaung,Bago,48,120,6.4"
"Site 1345,98.178763,21.602415,Seikkan,Naypyidaw,287,180,3.4"
"Site 1346,95.370520,19.668837,Mingalar Taung Nyunt,Bago,91,180,5.0"
"Site 1347,98.481517,19.047823,Insein,Ayeyarwady,343,90,7.4"
"Site 1348,97.624026,21.478570,South Okkalapa,Magway,353,90,6.9"
"Site 1349,97.565987,19.937882,North Okkalapa,Magway,260,90,7.2"
"Site 1350,95.201243,20.956742,Kamayut,Mandalay,20,65,1.2"
"Site 1351,93.477357,17.219606,Kyauktada,Bago,264,65,5.4"
"Site 1352,97.899816,15.927774,Insein,Yangon,317,65,6.5"
"Site 1353,96.252680,15.738842,South Okkalapa,Sagaing,320,45,5.0"
"Site 1354,93.808343,19.959700,Hlaingthaya,Shan,211,180,4.6"
"Site 1355,98.655732,17.010762,Shwepyitha,Kayin,26,120,1.7"
"Site 1356,93.555303,19.759661,Botahtaung,Yangon,76,180,1.9"
"Site 1357,95.214583,15.668132,Kamayut,Kayin,66,120,5.4"
"Site 1358,97.351051,21.788077,Mingaladon,Shan,323,60,3.8"
"Site 1359,95.013494,15.225843,Hlaing,Kayin,7,180,0.5"
"Site 1360,94.633005,15.859508,Mingaladon,Bago,113,45,5.7"
"Site 1361,95.576645,18.932904,Mingaladon,Shan,39,65,1.7"
"Site 1362,98.011764,15.189552,Dagon,Mandalay,84,60,0.9"
"Site 1363,96.720268,16.610811,Hlaing,Mandalay,34,65,4.2"
"Site 1364,94.812897,17.026500,Kamayut,Mon,195,180,4.2"
"Site 1365,94.997047,18.116368,Botahtaung,Sagaing,302,90,3.2"
"Site 1366,93.978474,19.092349,Botahtaung,Yangon,345,120,6.4"
"Site 1367,94.333189,17.815731,Kamayut,Shan,219,45,6.0"
"Site 1368,93.327004,19.289957,Dala,Ayeyarwady,263,65,1.4"
"Site 1369,95.812972,20.371143,Dala,Ayeyarwady,187,45,7.7"
"Site 1370,95.814412,15.481935,Seikkan,Magway,100,90,6.8"
"Site 1371,95.629156,17.398616,Hlaing,Mandalay,33,45,0.7"
"Site 1372,98.128711,21.488328,Pazundaung,Mon,336,45,1.1"
"Site 1373,94.618790,15.080422,Mayangone,Yangon,303,90,7.7"
"Site 1374,95.916567,20.983502,Hlaingthaya,Kayin,2,65,2.0"
"Site 1375,96.279885,20.570834,South Okkalapa,Bago,279,60,4.7"
"Site 1376,93.331314,16.546648,Hlaingthaya,Naypyidaw,94,65,7.8"
"Site 1377,97.817572,19.280448,Shwepyitha,Ayeyarwady,238,180,4.5"
"Site 1378,95.026783,16.480441,Hlaingthaya,Bago,163,90,4.1"
"Site 1379,96.104060,18.966550,Shwepyitha,Magway,328,45,5.3"
"Site 1380,96.834335,16.494906,South Okkalapa,Shan,208,120,1.0"
"Site 1381,93.058795,21.716998,South Okkalapa,Magway,326,90,1.4"
"Site 1382,98.708594,19.913870,Pazundaung,Shan,241,90,6.4"
"Site 1383,96.204743,16.004848,Pazundaung,Ayeyarwady,88,45,6.7"
"Site 1384,95.632628,15.937130,Hlaing,Ayeyarwady,204,65,6.5"
"Site 1385,95.393733,19.962904,Dagon,Bago,226,60,7.0"
"Site 1386,93.118421,15.472913,Dala,Yangon,230,45,3.3"
"Site 1387,94.616713,18.128991,Kyauktada,Yangon,156,45,5.5"
"Site 1388,97.118924,19.529352,Dala,Kayin,308,120,7.2"
"Site 1389,97.632138,17.730787,South Okkalapa,Kayin,113,45,2.7"
"Site 1390,93.299682,15.827061,Shwepyitha,Bago,85,60,4.2"
"Site 1391,94.468309,18.912668,Seikkan,Ayeyarwady,293,180,7.9"
"Site 1392,97.586290,15.445826,Mayangone,Magway,357,45,7.1"
"Site 1393,96.417607,21.431938,Botahtaung,Naypyidaw,318,45,6.4"
"Site 1394,97.220345,21.780268,Kyauktada,Naypyidaw,327,45,1.9"
"Site 1395,95.237152,19.823808,Insein,Mandalay,296,65,7.1"
"Site 1396,94.886947,18.949914,South Okkalapa,Magway,248,180,0.9"
"Site 1397,98.489063,21.539188,Hlaing,Ayeyarwady,323,180,5.7"
"Site 1398,98.930770,15.690897,Mingalar Taung Nyunt,Naypyidaw,82,180,2.6"
"Site 1399,98.992220,21.200255,South Okkalapa,Bago,116,90,6.7"
"Site 1400,96.262063,15.665436,Kamayut,Kayin,326,90,2.6"
"Site 1401,95.237118,20.864757,Mingalar Taung Nyunt,Sagaing,49,45,6.2"
"Site 1402,94.722264,18.022355,Botahtaung,Naypyidaw,114,45,1.0"
"Site 1403,95.363095,20.149390,Kyauktada,Ayeyarwady,345,60,2.6"
"Site 1404,93.304523,17.865981,Seikkan,Mon,349,60,3.5"
"Site 1405,98.250242,18.780908,Shwepyitha,Mon,295,45,6.3"
"Site 1406,97.595634,18.549140,Botahtaung,Mon,260,60,4.0"
"Site 1407,93.814696,16.245857,Kamayut,Naypyidaw,96,60,7.3"
"Site 1408,95.338589,19.505431,Hlaing,Naypyidaw,100,90,0.8"
"Site 1409,93.518507,20.806903,Hlaing,Mandalay,1,65,0.7"
"Site 1410,94.004640,18.454543,Pazundaung,Magway,156,45,3.2"
"Site 1411,95.837628,17.317353,South Okkalapa,Bago,22,180,3.5"
"Site 1412,98.016717,17.688921,Seikkan,Shan,230,65,1.8"
"Site 1413,95.617783,17.702269,Insein,Naypyidaw,60,120,5.8"
"Site 1414,98.066522,15.385039,Mingaladon,Mandalay,326,45,4.4"
"Site 1415,96.765574,21.330990,Yankin,Kayin,331,180,4.5"
"Site 1416,95.202750,16.665770,North Okkalapa,Magway,304,120,7.9"
"Site 1417,94.090763,19.925261,South Okkalapa,Shan,113,60,2.5"
"Site 1418,97.268455,20.018452,Dagon,Yangon,117,90,1.6"
"Site 1419,97.542861,17.567600,Yankin,Bago,251,120,7.3"
"Site 1420,98.505489,18.420157,Kamayut,Naypyidaw,106,90,7.8"
"Site 1421,95.135536,18.672713,Mingaladon,Ayeyarwady,266,60,4.3"
"Site 1422,93.559404,17.202593,South Okkalapa,Bago,302,45,3.5"
"Site 1423,97.490311,20.472828,Insein,Shan,50,45,6.4"
"Site 1424,94.662090,19.669152,Seikkan,Bago,238,60,6.7"
"Site 1425,96.681044,21.554177,Yankin,Mon,116,180,4.8"
"Site 1426,93.683929,18.268294,Mingalar Taung Nyunt,Magway,124,60,1.4"
"Site 1427,94.311054,18.564699,Kamayut,Sagaing,55,90,6.6"
"Site 1428,98.008748,19.938250,Shwepyitha,Ayeyarwady,198,65,1.2"
"Site 1429,93.875722,17.677058,Kamayut,Kayin,222,60,2.5"
"Site 1430,98.528889,16.005359,Mayangone,Naypyidaw,40,180,4.5"
"Site 1431,95.135113,16.990624,Mayangone,Mon,77,90,7.4"
"Site 1432,98.472345,16.741217,Botahtaung,Ayeyarwady,316,120,6.0"
"Site 1433,97.988560,21.237544,Hlaingthaya,Magway,215,65,2.6"
"Site 1434,98.786875,18.808701,North Okkalapa,Magway,74,60,2.5"
"Site 1435,93.451841,16.430731,Shwepyitha,Sagaing,58,65,4.2"
"Site 1436,98.920556,17.174859,Seikkan,Sagaing,152,180,2.6"
"Site 1437,93.862122,17.953707,Thingangyun,Naypyidaw,205,120,3.2"
"Site 1438,98.057572,21.903860,Dagon,Naypyidaw,173,90,6.0"
"Site 1439,96.377355,19.195715,Kamayut,Kayin,266,65,4.3"
"Site 1440,98.460238,19.749393,Mingalar Taung Nyunt,Yangon,21,65,1.1"
"Site 1441,93.070206,19.669522,Mingalar Taung Nyunt,Shan,69,45,7.1"
"Site 1442,98.732495,15.231149,Dala,Sagaing,311,180,3.8"
"Site 1443,95.214796,15.287389,Hlaing,Mandalay,323,180,3.8"
"Site 1444,94.817219,21.749541,North Okkalapa,Shan,168,65,6.0"
"Site 1445,93.924521,18.736938,Hlaing,Ayeyarwady,250,120,2.7"
"Site 1446,96.464621,17.375112,Mingalar Taung Nyunt,Ayeyarwady,66,65,6.2"
"Site 1447,98.003498,20.944260,Hlaing,Ayeyarwady,121,60,1.7"
"Site 1448,94.052671,18.022861,Kamayut,Mandalay,139,60,2.9"
"Site 1449,98.509944,21.040819,South Okkalapa,Mon,92,120,2.4"
"Site 1450,98.159269,20.136648,Insein,Bago,68,45,4.4"
"Site 1451,97.426509,19.128570,Kyauktada,Shan,215,65,5.1"
"Site 1452,96.947933,21.491725,Mayangone,Kayin,252,90,2.2"
"Site 1453,97.027607,15.999704,Mingaladon,Kayin,131,180,6.4"
"Site 1454,95.281018,18.484435,South Okkalapa,Mandalay,335,120,0.9"
"Site 1455,96.157677,16.326774,Dala,Kayin,197,90,1.6"
"Site 1456,97.889887,20.014525,Seikkan,Mandalay,192,60,4.4"
"Site 1457,98.098726,21.727745,Botahtaung,Magway,212,65,0.6"
"Site 1458,96.157875,21.891155,Hlaing,Bago,293,120,5.7"
"Site 1459,94.323225,17.575518,Shwepyitha,Shan,199,60,1.9"
"Site 1460,94.397138,19.431655,Dala,Magway,347,120,6.9"
"Site 1461,94.661017,20.884328,Dala,Magway,348,180,6.9"
"Site 1462,96.441259,17.081860,Pazundaung,Mandalay,191,90,7.6"
"Site 1463,96.029465,20.992880,Shwepyitha,Mon,300,45,1.1"
"Site 1464,96.958847,16.302261,Mingaladon,Naypyidaw,38,45,2.1"
"Site 1465,97.176484,16.821617,Shwepyitha,Bago,304,45,3.3"
"Site 1466,97.708352,21.161191,Seikkan,Ayeyarwady,193,120,6.7"
"Site 1467,94.805356,16.089766,South Okkalapa,Bago,84,180,7.1"
"Site 1468,93.127124,18.677461,Kamayut,Kayin,59,65,1.4"
"Site 1469,98.106517,17.926550,Mayangone,Naypyidaw,357,120,0.6"
"Site 1470,94.986154,19.160911,Mayangone,Bago,225,60,7.1"
"Site 1471,94.825086,18.345845,North Okkalapa,Mon,342,45,3.8"
"Site 1472,93.899054,15.635167,Mingalar Taung Nyunt,Mandalay,13,65,6.7"
"Site 1473,97.744671,21.282234,Thingangyun,Mon,30,180,3.1"
"Site 1474,97.591150,17.222072,Mingaladon,Shan,69,65,1.6"
"Site 1475,98.309808,16.121270,Mayangone,Ayeyarwady,83,65,5.4"
"Site 1476,97.397590,19.773454,Dagon,Yangon,12,90,5.2"
"Site 1477,94.414494,19.543785,Yankin,Kayin,43,90,7.3"
"Site 1478,94.905072,21.760760,Thingangyun,Bago,251,180,3.3"
"Site 1479,95.858369,21.680195,Kamayut,Kayin,188,45,6.3"
"Site 1480,95.890632,20.281971,Hlaing,Naypyidaw,29,65,0.7"
"Site 1481,96.104118,17.528762,Kamayut,Naypyidaw,268,180,6.0"
"Site 1482,97.301176,21.911771,North Okkalapa,Mon,118,65,5.2"
"Site 1483,94.643751,17.098324,Seikkan,Mandalay,354,120,1.0"
"Site 1484,96.574062,15.882336,South Okkalapa,Mon,203,65,3.8"
"Site 1485,94.370587,16.696841,Mingaladon,Mandalay,47,120,3.4"
"Site 1486,98.846144,20.829917,Yankin,Mon,199,60,6.2"
"Site 1487,96.105491,19.861370,Dala,Ayeyarwady,351,45,5.0"
"Site 1488,94.846391,16.573361,Kyauktada,Yangon,270,120,2.9"
"Site 1489,97.740451,17.211338,Botahtaung,Sagaing,172,45,4.3"
"Site 1490,97.684272,20.395388,Dagon,Bago,24,120,1.3"
"Site 1491,98.052661,19.987118,Yankin,Sagaing,124,120,5.4"
"Site 1492,93.448493,18.527387,Mayangone,Naypyidaw,231,90,5.5"
"Site 1493,98.885890,19.654925,Dala,Yangon,36,90,1.9"
"Site 1494,98.346018,18.631134,South Okkalapa,Yangon,4,180,6.2"
"Site 1495,93.676434,15.613413,Shwepyitha,Shan,49,90,5.7"
"Site 1496,94.300079,17.827771,Kyauktada,Sagaing,100,60,1.2"
"Site 1497,98.769161,18.876398,Yankin,Sagaing,256,180,7.0"
"Site 1498,97.323522,16.273188,Dagon,Kayin,322,45,1.0"
"Site 1499,97.077346,18.081133,Hlaing,Ayeyarwady,27,45,4.1"
"Site 1500,95.634730,18.734150,Botahtaung,Mon,213,65,5.1"
"Site 1501,93.513951,15.299742,Botahtaung,Magway,154,45,4.6"
"Site 1502,96.242075,16.700992,Botahtaung,Sagaing,110,120,6.6"
"Site 1503,97.399475,18.252614,Insein,Yangon,98,45,2.1"
"Site 1504,97.920722,18.382724,Hlaingthaya,Kayin,288,120,1.7"
"Site 1505,96.932082,16.224633,Thingangyun,Yangon,171,65,2.7"
"Site 1506,98.299148,17.494698,Mingaladon,Mandalay,150,180,3.2"
"Site 1507,96.735290,20.117407,Kamayut,Naypyidaw,162,45,1.2"
"Site 1508,97.699671,19.979346,Dagon,Kayin,72,60,0.9"
"Site 1509,93.238368,19.738430,South Okkalapa,Mandalay,84,120,5.4"
"Site 1510,93.768395,21.881944,Dala,Mon,12,120,5.9"
"Site 1511,95.591535,21.659676,Pazundaung,Naypyidaw,85,120,0.7"
"Site 1512,95.627671,19.112775,Mayangone,Naypyidaw,173,60,0.9"
"Site 1513,97.976157,17.372095,Insein,Magway,161,90,2.2"
"Site 1514,95.601470,17.513306,South Okkalapa,Ayeyarwady,304,180,2.1"
"Site 1515,96.925104,20.437517,Kyauktada,Mon,238,180,3.2"
"Site 1516,98.923724,18.051786,South Okkalapa,Shan,50,180,6.5"
"Site 1517,98.912416,17.485605,Dagon,Naypyidaw,210,65,5.0"
"Site 1518,97.780828,20.318998,Mayangone,Magway,285,65,6.5"
"Site 1519,95.222350,17.717794,Kyauktada,Magway,105,90,6.4"
"Site 1520,98.953560,15.665497,Kamayut,Bago,85,90,2.0"
"Site 1521,96.028008,20.010820,Hlaingthaya,Shan,69,45,5.7"
"Site 1522,98.102535,21.743427,Hlaing,Ayeyarwady,71,120,7.1"
"Site 1523,94.195595,21.964037,Mayangone,Naypyidaw,143,60,3.5"
"Site 1524,98.496958,15.358175,Yankin,Yangon,257,90,1.7"
"Site 1525,95.708923,19.383259,Thingangyun,Ayeyarwady,230,90,0.6"
"Site 1526,97.817752,16.511901,Mingaladon,Bago,223,120,3.1"
"Site 1527,97.629560,15.485447,North Okkalapa,Naypyidaw,172,45,5.1"
"Site 1528,97.714818,21.451102,Shwepyitha,Shan,251,45,4.1"
"Site 1529,93.004192,17.098747,Hlaingthaya,Sagaing,209,90,5.4"
"Site 1530,97.671097,15.818379,Dagon,Mon,168,120,2.4"
"Site 1531,97.736685,20.424115,Kamayut,Naypyidaw,200,45,7.3"
"Site 1532,94.825221,21.721586,Hlaingthaya,Ayeyarwady,177,45,7.1"
"Site 1533,95.021953,20.062617,Kyauktada,Mandalay,159,60,0.6"
"Site 1534,95.054063,21.448227,Thingangyun,Shan,113,180,4.9"
"Site 1535,95.088374,19.901565,South Okkalapa,Yangon,322,180,4.7"
"Site 1536,94.278420,19.746022,Kamayut,Bago,327,90,1.3"
"Site 1537,94.910014,21.640039,Mayangone,Shan,296,65,0.8"
"Site 1538,96.814585,15.705181,Dagon,Mandalay,218,45,5.9"
"Site 1539,98.866847,19.200081,Mingaladon,Bago,187,180,0.5"
"Site 1540,94.191863,15.455560,Dala,Ayeyarwady,230,90,4.9"
"Site 1541,95.364862,18.879653,Hlaing,Magway,165,180,4.2"
"Site 1542,93.932109,18.120148,Mayangone,Kayin,39,180,4.6"
"Site 1543,93.124664,19.922100,Dala,Mon,244,120,2.6"
"Site 1544,93.244414,17.848940,Kamayut,Ayeyarwady,127,180,7.0"
"Site 1545,97.486696,21.650933,Mayangone,Mandalay,105,120,7.4"
"Site 1546,98.834959,19.496527,Mingaladon,Shan,37,180,5.2"
"Site 1547,98.554693,18.100236,Pazundaung,Magway,2,60,4.0"
"Site 1548,94.583239,19.744180,Kamayut,Bago,261,65,7.8"
"Site 1549,96.662598,17.979990,Dagon,Ayeyarwady,41,65,3.8"
"Site 1550,98.293136,17.677582,Thingangyun,Shan,135,60,0.8"
"Site 1551,97.292067,17.110936,Hlaing,Ayeyarwady,264,45,4.9"
"Site 1552,98.923304,19.361928,Thingangyun,Yangon,349,180,6.6"
"Site 1553,94.387051,19.859064,Kyauktada,Magway,129,90,6.4"
"Site 1554,98.466879,15.691906,Shwepyitha,Ayeyarwady,162,90,2.9"
"Site 1555,96.396585,18.057335,North Okkalapa,Magway,181,90,0.5"
"Site 1556,98.593670,21.039889,Seikkan,Magway,233,65,3.8"
"Site 1557,97.810952,21.197746,Dala,Kayin,44,45,0.6"
"Site 1558,98.794179,20.700704,Mayangone,Magway,325,120,1.4"
"Site 1559,94.257134,21.840572,Dala,Kayin,240,45,3.1"
"Site 1560,95.792307,15.403524,Insein,Kayin,131,120,4.8"
"Site 1561,98.967217,17.474380,Shwepyitha,Kayin,23,90,4.8"
"Site 1562,93.745689,17.868928,South Okkalapa,Magway,275,180,4.6"
"Site 1563,98.307958,15.571805,South Okkalapa,Ayeyarwady,291,180,4.1"
"Site 1564,95.851197,21.366801,Mingalar Taung Nyunt,Naypyidaw,196,65,3.8"
"Site 1565,94.856684,15.635084,Thingangyun,Mandalay,9,65,4.1"
"Site 1566,94.694463,19.974390,Thingangyun,Yangon,159,45,1.5"
"Site 1567,98.870570,15.710086,South Okkalapa,Bago,186,180,2.8"
"Site 1568,95.548506,20.137642,Pazundaung,Magway,229,45,4.0"
"Site 1569,93.271679,19.821076,Mingalar Taung Nyunt,Shan,72,90,7.4"
"Site 1570,95.575873,21.099443,Mingaladon,Mandalay,222,120,6.5"
"Site 1571,95.903095,16.910425,Insein,Yangon,145,120,6.4"
"Site 1572,95.264662,15.093391,Hlaing,Bago,120,180,6.4"
"Site 1573,97.687726,19.704943,Botahtaung,Magway,81,45,5.1"
"Site 1574,93.886521,15.788968,Dagon,Bago,33,120,7.6"
"Site 1575,98.384961,20.078270,Pazundaung,Shan,136,60,4.6"
"Site 1576,96.758666,15.636944,Pazundaung,Magway,18,60,3.6"
"Site 1577,97.342147,21.052921,Mingalar Taung Nyunt,Magway,341,180,1.8"
"Site 1578,97.821087,17.212138,Hlaingthaya,Naypyidaw,153,120,2.7"
"Site 1579,96.777377,16.481380,Kamayut,Kayin,81,65,6.8"
"Site 1580,97.806655,16.675701,Pazundaung,Shan,143,120,3.6"
"Site 1581,93.662786,19.359742,Pazundaung,Kayin,290,65,0.8"
"Site 1582,95.768029,18.211909,Pazundaung,Bago,340,180,4.1"
"Site 1583,98.072892,16.731026,Dagon,Naypyidaw,336,180,1.7"
"Site 1584,98.952022,20.175897,Pazundaung,Shan,87,90,7.4"
"Site 1585,98.478518,21.067206,Shwepyitha,Yangon,345,65,4.0"
"Site 1586,95.547817,20.072881,Shwepyitha,Yangon,276,45,7.9"
"Site 1587,96.747612,19.449885,Mayangone,Ayeyarwady,315,60,6.8"
"Site 1588,96.510449,15.531914,Yankin,Ayeyarwady,53,120,3.2"
"Site 1589,95.519490,15.281440,Dala,Mandalay,12,60,1.4"
"Site 1590,96.332343,19.085670,Mingalar Taung Nyunt,Sagaing,218,90,6.1"
"Site 1591,98.046445,21.057787,Dala,Shan,282,90,2.4"
"Site 1592,95.520397,17.347880,Kyauktada,Magway,208,60,2.1"
"Site 1593,98.774021,17.061974,Seikkan,Naypyidaw,1,90,2.7"
"Site 1594,95.604320,17.430245,Shwepyitha,Mon,195,65,2.5"
"Site 1595,93.511361,15.782438,Insein,Mon,5,180,2.1"
"Site 1596,98.450012,17.529450,Dala,Mandalay,334,120,5.1"
"Site 1597,95.031081,21.222183,Insein,Mon,57,65,7.4"
"Site 1598,97.094586,16.438625,Hlaingthaya,Mon,340,60,7.6"
"Site 1599,93.407694,16.262019,Dala,Mon,186,60,3.7"
"Site 1600,97.440484,15.455225,Kamayut,Shan,312,180,6.3"
"Site 1601,94.783219,15.065341,Mingaladon,Magway,74,90,1.7"
"Site 1602,98.620257,16.812096,Mayangone,Yangon,337,90,5.6"
"Site 1603,98.646305,16.419673,Botahtaung,Shan,126,60,4.3"
"Site 1604,95.533386,16.017018,Kamayut,Mandalay,229,180,4.1"
"Site 1605,94.653473,17.887046,Shwepyitha,Yangon,43,90,0.8"
"Site 1606,96.948058,18.540285,Seikkan,Mandalay,327,45,1.2"
"Site 1607,96.439391,20.616477,North Okkalapa,Ayeyarwady,177,180,0.6"
"Site 1608,94.708982,15.569497,North Okkalapa,Bago,162,120,7.7"
"Site 1609,95.446459,19.594187,North Okkalapa,Naypyidaw,190,120,6.8"
"Site 1610,95.942666,17.896933,Yankin,Sagaing,58,180,6.7"
"Site 1611,94.135973,18.016215,Insein,Kayin,242,60,6.4"
"Site 1612,97.168510,18.513726,Pazundaung,Sagaing,237,180,2.3"
"Site 1613,95.673368,16.547700,Kyauktada,Bago,224,90,6.8"
"Site 1614,95.986985,19.876132,Dagon,Bago,169,120,6.6"
"Site 1615,98.479938,19.313659,Thingangyun,Naypyidaw,134,60,4.5"
"Site 1616,93.509003,20.586244,Dagon,Kayin,127,120,7.1"
"Site 1617,98.495960,16.996452,North Okkalapa,Sagaing,206,65,5.3"
"Site 1618,97.227491,20.396142,Mingalar Taung Nyunt,Mandalay,17,90,3.5"
"Site 1619,94.214066,18.075531,South Okkalapa,Ayeyarwady,239,65,1.6"
"Site 1620,93.034598,20.987329,Dala,Yangon,167,180,2.2"
"Site 1621,98.587626,20.531758,Mingalar Taung Nyunt,Naypyidaw,57,120,4.4"
"Site 1622,98.108042,20.780942,Yankin,Shan,36,60,2.3"
"Site 1623,95.743880,18.616788,North Okkalapa,Mon,314,180,6.0"
"Site 1624,97.218975,19.790292,Kamayut,Shan,309,90,6.3"
"Site 1625,96.023778,17.288003,Dagon,Kayin,229,45,7.9"
"Site 1626,98.463175,17.295753,Insein,Naypyidaw,108,180,1.9"
"Site 1627,97.722704,20.139687,Pazundaung,Mandalay,25,180,2.9"
"Site 1628,95.072233,19.803495,North Okkalapa,Mon,350,180,3.5"
"Site 1629,98.978404,17.463306,Botahtaung,Kayin,337,60,3.5"
"Site 1630,98.967839,18.649918,Pazundaung,Mandalay,91,45,6.6"
"Site 1631,94.337072,20.105004,Yankin,Kayin,83,90,5.9"
"Site 1632,94.800658,18.180314,Hlaing,Yangon,37,120,7.1"
"Site 1633,98.736871,16.518894,Thingangyun,Bago,43,90,1.3"
"Site 1634,97.546172,15.633276,Seikkan,Bago,84,120,6.0"
"Site 1635,97.355019,18.354964,Kyauktada,Naypyidaw,2,45,3.5"
"Site 1636,94.361273,19.447195,Kamayut,Naypyidaw,213,180,1.7"
"Site 1637,93.646048,18.907297,Dala,Magway,329,90,1.7"
"Site 1638,94.661612,19.847406,North Okkalapa,Mandalay,328,180,6.2"
"Site 1639,93.299390,19.229332,Dala,Ayeyarwady,276,180,3.4"
"Site 1640,97.205083,17.537314,Thingangyun,Mon,106,120,7.6"
"Site 1641,98.990802,21.848141,Kamayut,Yangon,297,120,5.5"
"Site 1642,98.722826,16.600918,Kamayut,Naypyidaw,86,45,7.1"
"Site 1643,95.627727,20.869088,North Okkalapa,Mon,350,120,5.9"
"Site 1644,96.970778,21.780699,Thingangyun,Magway,174,90,4.5"
"Site 1645,94.910294,20.009798,Yankin,Yangon,305,60,1.2"
"Site 1646,95.818760,16.919978,Hlaing,Mandalay,168,180,6.5"
"Site 1647,94.887405,16.569140,Kamayut,Magway,167,60,4.8"
"Site 1648,95.059050,17.806460,Mingalar Taung Nyunt,Sagaing,292,120,5.4"
"Site 1649,96.566722,20.530008,South Okkalapa,Naypyidaw,307,60,2.2"
"Site 1650,93.152016,15.198762,Kyauktada,Ayeyarwady,45,60,1.5"
"Site 1651,98.684024,15.643547,Pazundaung,Sagaing,175,45,2.8"
"Site 1652,94.618071,21.090193,Dagon,Mon,300,120,5.6"
"Site 1653,94.088463,20.550570,South Okkalapa,Kayin,67,120,2.9"
"Site 1654,95.087855,17.342014,North Okkalapa,Naypyidaw,103,180,5.9"
"Site 1655,98.294432,19.696440,Mayangone,Yangon,13,45,5.4"
"Site 1656,96.664755,20.684063,Kyauktada,Sagaing,184,90,5.9"
"Site 1657,97.881248,21.954277,Kamayut,Bago,301,45,1.8"
"Site 1658,94.995513,18.682565,South Okkalapa,Magway,166,60,5.7"
"Site 1659,96.086463,19.846075,Hlaingthaya,Mon,130,90,7.1"
"Site 1660,94.776212,17.023610,Kamayut,Bago,145,90,4.8"
"Site 1661,94.268469,18.873477,Pazundaung,Mandalay,44,65,5.5"
"Site 1662,97.005956,21.127737,Pazundaung,Bago,0,90,3.2"
"Site 1663,95.611167,18.445325,Insein,Mon,68,90,3.1"
"Site 1664,96.017928,17.560603,Seikkan,Ayeyarwady,359,45,5.1"
"Site 1665,97.505517,19.027315,Seikkan,Kayin,165,180,3.4"
"Site 1666,93.095108,19.401867,Mayangone,Magway,125,180,4.9"
"Site 1667,95.361051,18.917465,Shwepyitha,Kayin,352,65,5.3"
"Site 1668,95.511558,21.898433,Botahtaung,Magway,157,45,1.2"
"Site 1669,95.047302,16.492989,Kyauktada,Yangon,278,45,7.6"
"Site 1670,94.098449,17.992139,Mingalar Taung Nyunt,Sagaing,149,45,7.2"
"Site 1671,95.775221,16.751905,Dala,Yangon,32,180,6.4"
"Site 1672,94.339971,17.611365,Dagon,Sagaing,253,65,7.4"
"Site 1673,96.894060,17.558972,Kyauktada,Ayeyarwady,258,65,3.9"
"Site 1674,94.549319,15.562381,Mingaladon,Yangon,280,65,3.9"
"Site 1675,98.633242,19.603012,Insein,Shan,209,45,5.1"
"Site 1676,96.140474,15.970692,North Okkalapa,Ayeyarwady,195,120,1.2"
"Site 1677,93.963533,15.410921,Dagon,Shan,273,45,4.3"
"Site 1678,98.864968,17.695227,Hlaingthaya,Ayeyarwady,358,120,2.2"
"Site 1679,93.095883,20.183370,Hlaingthaya,Magway,213,120,1.5"
"Site 1680,96.347169,21.079825,Seikkan,Naypyidaw,225,120,5.4"
"Site 1681,98.967802,18.095855,Pazundaung,Ayeyarwady,28,120,2.8"
"Site 1682,93.573323,15.687291,Dagon,Mon,57,90,6.5"
"Site 1683,96.542530,20.459927,Dagon,Mon,58,60,3.4"
"Site 1684,94.428134,21.772100,Insein,Shan,226,65,2.5"
"Site 1685,93.541309,18.446609,Shwepyitha,Bago,195,65,5.9"
"Site 1686,95.311089,17.102076,South Okkalapa,Magway,8,65,4.0"
"Site 1687,97.492798,19.329145,Seikkan,Yangon,137,90,7.9"
"Site 1688,98.217033,20.250758,Dala,Sagaing,26,90,6.9"
"Site 1689,98.245368,19.840437,Seikkan,Yangon,99,120,6.8"
"Site 1690,98.806226,18.595540,Shwepyitha,Mon,332,60,7.8"
"Site 1691,97.840147,19.634218,Dala,Sagaing,316,90,1.4"
"Site 1692,98.022579,18.845638,Mingalar Taung Nyunt,Kayin,340,120,1.6"
"Site 1693,94.477291,17.092741,Hlaingthaya,Mandalay,173,45,5.8"
"Site 1694,96.630141,21.792951,Mingaladon,Shan,30,90,6.7"
"Site 1695,93.987615,16.339177,Seikkan,Yangon,256,90,2.9"
"Site 1696,93.888830,21.616167,Dagon,Magway,47,65,7.9"
"Site 1697,95.472249,21.076015,Mayangone,Ayeyarwady,298,180,2.8"
"Site 1698,97.329319,18.318812,Shwepyitha,Shan,281,90,5.6"
"Site 1699,98.997149,21.024762,Hlaingthaya,Kayin,136,180,6.7"
"Site 1700,96.668754,20.496542,Mingalar Taung Nyunt,Kayin,269,45,1.0"
"Site 1701,93.047392,19.248159,Mayangone,Mon,330,120,4.2"
"Site 1702,98.846301,16.084213,Mingalar Taung Nyunt,Kayin,235,180,3.7"
"Site 1703,93.085021,20.017784,Yankin,Bago,204,45,1.0"
"Site 1704,96.532905,19.921650,Kyauktada,Magway,24,60,5.1"
"Site 1705,96.367402,21.392176,Seikkan,Kayin,343,90,7.2"
"Site 1706,93.507638,20.423406,Hlaingthaya,Magway,281,180,7.3"
"Site 1707,97.541425,21.613064,Thingangyun,Bago,301,180,0.9"
"Site 1708,93.020245,19.839830,Seikkan,Kayin,240,45,0.7"
"Site 1709,96.499987,18.446672,Shwepyitha,Naypyidaw,152,90,2.2"
"Site 1710,97.614749,16.066863,Shwepyitha,Bago,192,120,3.4"
"Site 1711,94.016570,20.104537,Yankin,Mon,62,180,1.3"
"Site 1712,94.469517,15.812109,Seikkan,Naypyidaw,230,120,3.0"
"Site 1713,94.306213,15.730028,Dagon,Naypyidaw,200,45,7.9"
"Site 1714,97.992440,17.772108,Mayangone,Yangon,20,60,6.6"
"Site 1715,96.090609,19.197191,Shwepyitha,Naypyidaw,199,65,5.9"
"Site 1716,93.375764,21.884995,Kyauktada,Sagaing,223,90,7.9"
"Site 1717,95.600214,16.682570,Kyauktada,Yangon,343,120,6.0"
"Site 1718,97.119907,18.216147,Pazundaung,Bago,84,65,6.2"
"Site 1719,97.530360,16.990582,Mayangone,Naypyidaw,48,120,5.3"
"Site 1720,93.493496,20.389522,Botahtaung,Bago,104,60,1.4"
"Site 1721,98.636917,21.390182,Pazundaung,Mon,314,60,3.1"
"Site 1722,95.763498,21.483408,Mayangone,Shan,175,60,3.0"
"Site 1723,97.278596,19.174301,Hlaingthaya,Yangon,110,120,4.3"
"Site 1724,94.986659,19.690882,Botahtaung,Magway,32,90,2.5"
"Site 1725,94.037010,15.770068,Botahtaung,Kayin,279,60,4.5"
"Site 1726,94.540385,18.020929,Kyauktada,Kayin,71,45,7.2"
"Site 1727,93.746308,17.976451,North Okkalapa,Magway,247,65,6.3"
"Site 1728,93.577397,19.151091,Dala,Kayin,204,180,0.7"
"Site 1729,93.844093,16.237541,South Okkalapa,Sagaing,315,65,1.6"
"Site 1730,93.745530,20.679250,Seikkan,Mandalay,331,65,1.8"
"Site 1731,96.789640,17.035493,Dagon,Naypyidaw,143,45,6.9"
"Site 1732,98.712764,18.269621,Pazundaung,Naypyidaw,138,90,3.4"
"Site 1733,94.521716,18.027396,Yankin,Naypyidaw,271,60,6.7"
"Site 1734,97.305709,19.962367,Kamayut,Sagaing,148,65,6.1"
"Site 1735,97.455795,21.710995,Shwepyitha,Mandalay,27,120,2.9"
"Site 1736,98.077980,17.595226,Mingaladon,Bago,238,180,3.8"
"Site 1737,97.026658,16.421229,Hlaing,Sagaing,121,60,1.2"
"Site 1738,94.323112,17.922491,Yankin,Kayin,160,45,2.1"
"Site 1739,98.754905,18.008766,Kamayut,Kayin,237,180,3.5"
"Site 1740,93.908759,21.783914,Seikkan,Mon,42,60,5.2"
"Site 1741,96.274632,19.190540,Yankin,Mon,224,60,2.6"
"Site 1742,98.052800,17.366140,Yankin,Yangon,293,60,5.3"
"Site 1743,98.932039,20.330966,Dala,Naypyidaw,200,45,5.4"
"Site 1744,93.841498,15.737040,Mayangone,Mandalay,275,45,3.6"
"Site 1745,98.747783,17.739870,Botahtaung,Ayeyarwady,295,60,2.4"
"Site 1746,93.136369,19.444163,Insein,Magway,165,60,0.7"
"Site 1747,98.463966,17.943081,North Okkalapa,Mon,248,90,5.2"
"Site 1748,93.990093,16.085581,Hlaingthaya,Bago,183,60,4.1"
"Site 1749,93.247411,21.829194,South Okkalapa,Magway,270,180,5.9"
"Site 1750,97.362028,19.374096,Botahtaung,Yangon,136,120,6.1"
"Site 1751,96.732928,21.379620,North Okkalapa,Bago,120,65,3.1"
"Site 1752,95.705601,20.048677,Kamayut,Bago,214,120,6.5"
"Site 1753,94.236253,21.698362,Mayangone,Shan,228,65,4.3"
"Site 1754,97.922384,16.087270,Kyauktada,Magway,120,65,3.8"
"Site 1755,95.951761,18.666886,North Okkalapa,Bago,139,45,6.7"
"Site 1756,95.362093,16.828166,Pazundaung,Magway,245,90,4.9"
"Site 1757,93.076009,19.129578,Hlaing,Magway,34,180,5.0"
"Site 1758,95.381182,16.187823,Hlaingthaya,Shan,25,90,3.6"
"Site 1759,98.324899,21.867486,Kamayut,Magway,169,120,6.6"
"Site 1760,98.879802,21.283283,Pazundaung,Sagaing,159,60,1.2"
"Site 1761,96.504823,17.557190,Kyauktada,Bago,226,60,2.5"
"Site 1762,94.211129,17.789666,Hlaingthaya,Mon,179,45,1.0"
"Site 1763,94.162341,19.053335,Dagon,Mon,238,45,1.5"
"Site 1764,97.270026,16.343450,North Okkalapa,Mon,350,45,7.8"
"Site 1765,94.433459,21.142389,Shwepyitha,Mandalay,2,90,4.0"
"Site 1766,93.641372,18.622810,Dala,Yangon,313,45,0.8"
"Site 1767,97.720892,21.382217,Mingaladon,Shan,13,45,1.2"
"Site 1768,98.661671,19.546206,South Okkalapa,Mandalay,185,65,6.5"
"Site 1769,96.149782,18.542994,Mayangone,Ayeyarwady,258,90,0.9"
"Site 1770,98.380118,19.995607,Mingaladon,Mandalay,338,45,2.1"
"Site 1771,95.381161,19.906687,Dagon,Bago,93,65,1.6"
"Site 1772,93.803684,20.048406,Mayangone,Mon,134,45,3.3"
"Site 1773,95.759984,16.158372,Thingangyun,Sagaing,353,45,7.2"
"Site 1774,93.776878,17.178873,Hlaing,Sagaing,92,90,8.0"
"Site 1775,98.662984,19.279269,Shwepyitha,Magway,172,180,7.2"
"Site 1776,95.197030,17.415961,Botahtaung,Shan,308,90,2.3"
"Site 1777,94.888481,15.346174,Mingaladon,Kayin,172,45,1.0"
"Site 1778,98.838455,15.298337,North Okkalapa,Naypyidaw,335,45,2.8"
"Site 1779,97.474735,21.700337,Pazundaung,Mon,81,90,5.2"
"Site 1780,95.849541,20.155038,Mayangone,Bago,225,120,1.3"
"Site 1781,95.758872,21.505332,Mingalar Taung Nyunt,Mon,40,65,6.3"
"Site 1782,93.348426,19.420510,South Okkalapa,Bago,99,65,3.4"
"Site 1783,94.396394,18.695741,Hlaingthaya,Bago,294,90,7.3"
"Site 1784,93.325823,18.889771,Seikkan,Magway,289,65,6.2"
"Site 1785,95.232832,17.358403,Mingaladon,Ayeyarwady,182,90,1.5"
"Site 1786,98.159536,20.488553,Kamayut,Mon,67,60,4.1"
"Site 1787,93.930776,18.791232,Hlaing,Yangon,259,60,2.1"
"Site 1788,97.800157,16.808075,Hlaing,Mon,181,120,1.4"
"Site 1789,95.282904,20.529303,Yankin,Ayeyarwady,277,90,1.3"
"Site 1790,95.409023,16.028257,Kamayut,Bago,247,90,3.4"
"Site 1791,95.337243,17.021559,Mayangone,Ayeyarwady,243,65,3.3"
"Site 1792,95.464030,17.658684,Dala,Ayeyarwady,51,65,3.8"
"Site 1793,94.842755,19.924946,North Okkalapa,Ayeyarwady,317,45,4.9"
"Site 1794,98.841952,16.966402,Thingangyun,Ayeyarwady,27,60,5.8"
"Site 1795,98.176393,17.938684,Hlaingthaya,Magway,320,180,6.4"
"Site 1796,97.739103,18.335327,Shwepyitha,Mon,23,60,2.0"
"Site 1797,98.991561,15.087127,Mingaladon,Kayin,66,45,5.1"
"Site 1798,93.273737,17.093267,South Okkalapa,Magway,195,65,4.3"
"Site 1799,96.158127,17.940998,Thingangyun,Mandalay,10,180,5.0"
"Site 1800,94.537487,21.144757,Pazundaung,Bago,67,65,2.9"
"Site 1801,97.449915,15.668598,Hlaing,Bago,359,180,7.4"
"Site 1802,94.667057,17.103184,Kyauktada,Naypyidaw,301,65,2.0"
"Site 1803,97.448295,15.488357,Insein,Mandalay,307,65,4.7"
"Site 1804,96.945165,15.610562,Mingaladon,Ayeyarwady,289,45,1.1"
"Site 1805,94.346623,16.180752,Hlaingthaya,Mandalay,278,120,3.9"
"Site 1806,95.790016,18.249330,Mingalar Taung Nyunt,Sagaing,271,180,2.3"
"Site 1807,98.695934,20.250757,Botahtaung,Mon,169,90,4.9"
"Site 1808,96.237838,17.878820,Seikkan,Naypyidaw,340,180,3.4"
"Site 1809,96.009631,15.668857,South Okkalapa,Magway,236,180,7.3"
"Site 1810,96.969352,21.084047,South Okkalapa,Naypyidaw,208,90,7.2"
"Site 1811,94.801200,16.823534,Kyauktada,Magway,225,65,1.8"
"Site 1812,95.693309,19.224130,Pazundaung,Bago,216,45,1.4"
"Site 1813,97.921814,20.100280,Mingaladon,Yangon,357,65,3.6"
"Site 1814,94.949349,18.783187,Mingalar Taung Nyunt,Magway,227,45,3.7"
"Site 1815,93.107666,17.350556,Hlaingthaya,Ayeyarwady,211,65,1.2"
"Site 1816,97.580264,16.268843,Mingaladon,Magway,44,45,8.0"
"Site 1817,93.368361,16.412824,Shwepyitha,Bago,147,65,2.6"
"Site 1818,95.168261,20.161130,Dagon,Yangon,50,90,6.8"
"Site 1819,95.865110,18.372774,Seikkan,Ayeyarwady,75,120,6.0"
"Site 1820,97.734866,21.294669,Pazundaung,Magway,218,60,1.5"
"Site 1821,98.591531,18.399484,Yankin,Shan,44,65,4.4"
"Site 1822,98.568044,21.160615,Pazundaung,Naypyidaw,246,120,3.0"
"Site 1823,93.580793,17.075503,Pazundaung,Yangon,29,45,1.1"
"Site 1824,93.060282,18.547693,Dagon,Mon,249,60,6.1"
"Site 1825,98.397228,16.161015,North Okkalapa,Kayin,100,45,1.1"
"Site 1826,95.708869,18.500425,Dagon,Shan,119,90,2.2"
"Site 1827,95.140928,15.701286,Hlaing,Mon,177,120,5.8"
"Site 1828,95.381701,15.501954,Dagon,Mandalay,274,180,1.4"
"Site 1829,94.890359,15.198988,Pazundaung,Naypyidaw,219,120,3.3"
"Site 1830,93.339425,21.374899,Hlaingthaya,Bago,272,120,5.3"
"Site 1831,96.449310,21.720899,Mingaladon,Kayin,312,45,1.6"
"Site 1832,95.209230,15.588076,Yankin,Magway,170,65,0.6"
"Site 1833,98.665091,20.611578,Mayangone,Naypyidaw,87,120,6.3"
"Site 1834,98.029779,16.712148,Mingaladon,Kayin,290,65,2.4"
"Site 1835,93.442787,18.981078,Mingaladon,Magway,343,45,1.9"
"Site 1836,96.779427,18.528614,Shwepyitha,Mon,45,180,5.6"
"Site 1837,98.386527,15.989140,Dala,Ayeyarwady,152,120,6.9"
"Site 1838,98.098690,19.618008,Mayangone,Sagaing,321,65,5.3"
"Site 1839,98.372975,16.159414,Dala,Naypyidaw,268,60,3.4"
"Site 1840,95.413551,15.618539,Seikkan,Shan,233,65,1.0"
"Site 1841,96.889485,21.234430,North Okkalapa,Kayin,141,120,1.0"
"Site 1842,95.455891,21.459407,Seikkan,Magway,50,120,4.4"
"Site 1843,98.709943,15.286735,Hlaingthaya,Kayin,32,65,1.6"
"Site 1844,96.402005,21.746987,Mingaladon,Shan,166,45,3.1"
"Site 1845,94.776772,18.080882,Pazundaung,Sagaing,27,45,2.8"
"Site 1846,95.519417,16.825088,Dagon,Shan,3,90,4.7"
"Site 1847,95.024326,15.441798,North Okkalapa,Kayin,61,90,1.0"
"Site 1848,98.435732,15.558732,Kyauktada,Mon,51,60,5.1"
"Site 1849,97.756137,21.448669,Botahtaung,Mon,46,45,7.2"
"Site 1850,96.045966,21.387225,Seikkan,Yangon,290,60,2.8"
"Site 1851,94.065025,21.438478,Kyauktada,Kayin,65,45,2.6"
"Site 1852,98.968357,20.212441,North Okkalapa,Mandalay,29,60,6.7"
"Site 1853,93.339732,20.114132,Mayangone,Naypyidaw,38,60,5.4"
"Site 1854,96.362901,18.470236,Dagon,Kayin,104,45,5.9"
"Site 1855,93.406803,18.887009,Kamayut,Mon,64,120,6.1"
"Site 1856,98.572345,19.342713,Mingaladon,Yangon,101,180,0.9"
"Site 1857,97.679589,19.464471,Dala,Ayeyarwady,73,120,4.1"
"Site 1858,97.540297,21.587913,Shwepyitha,Ayeyarwady,325,180,6.2"
"Site 1859,96.403229,21.671803,Pazundaung,Ayeyarwady,356,45,2.3"
"Site 1860,94.907630,15.164458,North Okkalapa,Bago,20,45,1.6"
"Site 1861,98.428442,18.172619,Thingangyun,Mon,241,120,7.6"
"Site 1862,93.963798,17.600428,Mayangone,Yangon,159,180,0.7"
"Site 1863,93.309009,19.023006,South Okkalapa,Yangon,271,60,3.6"
"Site 1864,96.956327,21.909327,Shwepyitha,Sagaing,313,90,2.9"
"Site 1865,98.312387,16.457362,Mingalar Taung Nyunt,Sagaing,68,180,6.9"
"Site 1866,96.153839,20.568286,Thingangyun,Sagaing,321,120,7.0"
"Site 1867,96.252129,20.154266,Seikkan,Mandalay,31,45,3.5"
"Site 1868,93.212600,18.997618,Kamayut,Mandalay,325,65,1.2"
"Site 1869,97.478341,19.380962,Dala,Mandalay,245,180,3.4"
"Site 1870,93.588065,15.245631,Mingaladon,Mandalay,301,60,2.2"
"Site 1871,95.745521,18.489201,Pazundaung,Mon,347,120,6.7"
"Site 1872,94.522972,17.979204,Seikkan,Bago,145,45,5.8"
"Site 1873,98.128178,17.288869,Mingalar Taung Nyunt,Sagaing,183,60,6.3"
"Site 1874,94.218815,17.872852,Mingalar Taung Nyunt,Ayeyarwady,264,120,2.2"
"Site 1875,96.643103,21.042133,Kyauktada,Mandalay,256,120,7.1"
"Site 1876,96.972453,15.034288,Kyauktada,Yangon,112,180,6.8"
"Site 1877,96.441454,21.241233,Pazundaung,Kayin,110,120,2.4"
"Site 1878,97.939349,18.565272,Mingalar Taung Nyunt,Mon,41,45,3.6"
"Site 1879,97.992335,15.160171,Yankin,Mon,279,45,6.7"
"Site 1880,98.949858,17.356772,Kyauktada,Kayin,270,60,5.9"
"Site 1881,95.953640,17.293390,Botahtaung,Mandalay,36,180,3.9"
"Site 1882,94.443046,19.725396,Kamayut,Kayin,339,65,4.3"
"Site 1883,97.914863,15.049595,Seikkan,Shan,146,90,2.4"
"Site 1884,94.124578,16.520567,Dala,Yangon,359,60,3.6"
"Site 1885,97.877941,17.974970,Kamayut,Yangon,68,180,6.6"
"Site 1886,96.120857,16.187256,Mingalar Taung Nyunt,Mandalay,223,65,4.2"
"Site 1887,93.366264,19.217645,Botahtaung,Magway,57,45,0.6"
"Site 1888,96.942651,18.392332,Pazundaung,Yangon,245,60,7.8"
"Site 1889,97.962920,20.984399,North Okkalapa,Naypyidaw,6,65,5.2"
"Site 1890,98.471387,18.186514,Kyauktada,Kayin,331,180,2.4"
"Site 1891,95.493626,15.163509,Thingangyun,Yangon,296,120,6.8"
"Site 1892,94.825399,15.066006,Pazundaung,Shan,18,90,4.7"
"Site 1893,95.124250,19.065107,Seikkan,Bago,348,120,6.3"
"Site 1894,93.434894,15.429727,Thingangyun,Kayin,316,45,3.9"
"Site 1895,97.164468,21.378926,Insein,Shan,233,45,1.5"
"Site 1896,94.790959,15.192617,Hlaingthaya,Kayin,41,65,1.1"
"Site 1897,98.031578,18.402061,South Okkalapa,Kayin,102,65,1.6"
"Site 1898,93.454546,20.643456,Dagon,Sagaing,169,65,1.5"
"Site 1899,98.938041,15.294795,Mingalar Taung Nyunt,Kayin,95,180,4.6"
"Site 1900,97.981528,20.090474,North Okkalapa,Ayeyarwady,270,90,0.7"
"Site 1901,96.808881,19.347461,Hlaing,Shan,37,90,5.7"
"Site 1902,95.969385,18.567787,Insein,Mandalay,1,65,5.1"
"Site 1903,96.704128,15.242973,Seikkan,Mandalay,253,45,7.8"
"Site 1904,97.888175,21.444075,Thingangyun,Mandalay,295,120,1.9"
"Site 1905,98.399635,16.767548,Pazundaung,Yangon,316,120,4.4"
"Site 1906,95.625887,19.945621,Botahtaung,Yangon,128,45,5.3"
"Site 1907,93.335908,17.034782,North Okkalapa,Magway,341,65,5.0"
"Site 1908,97.885110,16.890010,Hlaing,Mandalay,334,45,4.5"
"Site 1909,93.280839,15.391973,Hlaingthaya,Mon,188,65,4.5"
"Site 1910,93.206685,17.582896,Shwepyitha,Magway,250,60,8.0"
"Site 1911,95.821158,20.947178,Mingaladon,Yangon,221,180,4.1"
"Site 1912,97.805657,20.367784,South Okkalapa,Mon,237,45,5.0"
"Site 1913,96.046423,19.123817,Shwepyitha,Bago,113,65,6.3"
"Site 1914,95.723586,15.953608,Mingaladon,Ayeyarwady,76,90,2.2"
"Site 1915,97.922433,15.661131,Hlaingthaya,Kayin,157,60,1.8"
"Site 1916,96.734963,17.151509,Mingaladon,Shan,201,45,2.4"
"Site 1917,95.106782,21.959920,Hlaing,Kayin,227,65,2.7"
"Site 1918,96.731027,18.384646,North Okkalapa,Magway,47,60,2.4"
"Site 1919,96.471363,19.564108,South Okkalapa,Yangon,191,90,4.7"
"Site 1920,98.755385,19.781714,Shwepyitha,Sagaing,291,60,7.9"
"Site 1921,94.719846,21.983271,Kamayut,Shan,144,60,2.6"
"Site 1922,93.885823,20.108162,Yankin,Mon,204,90,4.5"
"Site 1923,93.125347,17.779977,South Okkalapa,Shan,285,65,3.1"
"Site 1924,95.021766,21.330558,Pazundaung,Sagaing,98,60,4.9"
"Site 1925,96.790408,17.382120,Yankin,Mandalay,162,45,4.1"
"Site 1926,97.225140,19.812617,Kamayut,Naypyidaw,265,60,5.2"
"Site 1927,98.302407,17.964155,Mingalar Taung Nyunt,Naypyidaw,319,45,7.8"
"Site 1928,95.645728,21.578680,Hlaingthaya,Kayin,123,45,4.2"
"Site 1929,95.586030,15.318655,Thingangyun,Mon,8,90,3.9"
"Site 1930,98.343337,16.550500,South Okkalapa,Shan,285,180,3.1"
"Site 1931,95.291476,19.351573,Dagon,Bago,186,45,3.4"
"Site 1932,93.609699,17.735139,Pazundaung,Ayeyarwady,56,65,1.0"
"Site 1933,96.795811,16.115095,Mayangone,Mon,20,120,5.4"
"Site 1934,95.618018,21.218886,Dala,Magway,171,90,5.4"
"Site 1935,95.461384,20.595442,Mayangone,Magway,155,120,1.0"
"Site 1936,94.679676,17.438341,North Okkalapa,Mon,274,90,3.4"
"Site 1937,94.112865,20.774741,Pazundaung,Mon,91,45,5.5"
"Site 1938,94.386604,16.742214,Seikkan,Yangon,199,60,6.6"
"Site 1939,98.662834,20.227128,Insein,Shan,52,65,6.9"
"Site 1940,93.453473,17.908117,Mayangone,Bago,194,45,3.5"
"Site 1941,98.558369,19.565821,Seikkan,Sagaing,159,120,3.2"
"Site 1942,96.757616,21.715411,Hlaingthaya,Mon,144,180,4.8"
"Site 1943,98.860165,20.628226,Shwepyitha,Mandalay,317,120,4.4"
"Site 1944,95.968264,21.296509,Dagon,Ayeyarwady,93,60,2.4"
"Site 1945,96.866841,17.104524,Dagon,Sagaing,127,90,6.7"
"Site 1946,93.829195,18.736986,Hlaingthaya,Magway,140,60,4.7"
"Site 1947,98.617221,19.051271,Yankin,Bago,239,180,5.6"
"Site 1948,93.281593,16.161720,Kyauktada,Yangon,287,65,1.6"
"Site 1949,93.218388,16.989204,Seikkan,Sagaing,351,180,3.0"
"Site 1950,97.334783,15.829683,Seikkan,Yangon,117,45,3.5"
"Site 1951,97.983458,20.096763,Insein,Kayin,154,45,6.5"
"Site 1952,94.986217,19.035693,Mingaladon,Sagaing,126,180,6.9"
"Site 1953,93.620457,16.081898,South Okkalapa,Kayin,253,45,2.2"
"Site 1954,96.630907,20.052786,Kamayut,Mandalay,336,60,2.1"
"Site 1955,94.044843,16.527481,Shwepyitha,Shan,142,60,2.3"
"Site 1956,94.790521,16.079280,Insein,Yangon,5,120,7.5"
"Site 1957,96.416621,21.878410,Hlaing,Kayin,204,120,2.7"
"Site 1958,96.656384,15.118751,Dagon,Shan,152,180,4.7"
"Site 1959,95.689222,15.882083,Mayangone,Kayin,181,180,1.6"
"Site 1960,95.583335,20.934430,Mingalar Taung Nyunt,Yangon,119,90,7.1"
"Site 1961,94.026335,15.769400,Hlaingthaya,Sagaing,3,120,6.0"
"Site 1962,96.720947,15.310756,Seikkan,Yangon,227,45,1.2"
"Site 1963,94.346026,21.070927,Shwepyitha,Mandalay,349,90,6.6"
"Site 1964,97.389815,17.150741,Shwepyitha,Ayeyarwady,288,45,3.2"
"Site 1965,98.144627,21.415933,Hlaingthaya,Sagaing,43,60,7.0"
"Site 1966,96.351435,21.144355,Dala,Mon,283,60,3.5"
"Site 1967,96.291815,15.864699,Dala,Naypyidaw,114,120,0.8"
"Site 1968,94.245283,18.109926,Yankin,Bago,319,60,1.7"
"Site 1969,95.004424,15.891752,Mingaladon,Mandalay,358,180,6.2"
"Site 1970,93.720848,20.114051,Shwepyitha,Naypyidaw,266,45,6.6"
"Site 1971,98.107475,18.118074,Kyauktada,Kayin,46,90,6.7"
"Site 1972,94.564373,17.773454,Yankin,Naypyidaw,161,45,0.6"
"Site 1973,98.124568,21.802025,Mingalar Taung Nyunt,Mandalay,136,45,6.3"
"Site 1974,97.055290,20.341095,Kyauktada,Mandalay,355,60,2.2"
"Site 1975,98.364662,16.517867,Mingalar Taung Nyunt,Naypyidaw,323,45,7.9"
"Site 1976,98.255693,19.971673,Mingaladon,Shan,272,120,3.3"
"Site 1977,96.466994,17.475884,Botahtaung,Naypyidaw,16,65,3.4"
"Site 1978,93.566594,16.631339,Thingangyun,Yangon,95,120,1.5"
"Site 1979,94.194303,21.475260,Insein,Mandalay,125,120,1.8"
"Site 1980,94.079901,20.451115,Kyauktada,Bago,320,65,2.3"
"Site 1981,98.574474,17.396658,Thingangyun,Mon,228,45,3.0"
"Site 1982,97.917137,20.656362,Mingaladon,Yangon,290,180,4.8"
"Site 1983,97.680036,17.552401,Seikkan,Yangon,355,120,1.1"
"Site 1984,98.901033,19.498048,Hlaingthaya,Mandalay,173,120,4.5"
"Site 1985,93.313319,15.083274,Thingangyun,Kayin,201,65,2.1"
"Site 1986,94.173554,20.396517,South Okkalapa,Shan,265,90,5.9"
"Site 1987,98.921047,16.220493,South Okkalapa,Sagaing,21,120,5.5"
"Site 1988,97.216474,21.095593,Dagon,Ayeyarwady,255,180,5.0"
"Site 1989,94.936989,20.828067,Mingalar Taung Nyunt,Yangon,65,120,2.5"
"Site 1990,98.336103,18.008619,Kamayut,Bago,188,45,1.9"
"Site 1991,97.510074,18.634919,Dagon,Kayin,21,60,0.7"
"Site 1992,95.416816,17.950069,Hlaing,Bago,139,90,6.4"
"Site 1993,95.003871,18.243952,Hlaing,Mon,236,120,7.6"
"Site 1994,97.820986,19.490293,Shwepyitha,Sagaing,297,65,1.0"
"Site 1995,97.008322,20.309243,Hlaingthaya,Naypyidaw,266,45,6.3"
"Site 1996,93.985143,16.955369,Thingangyun,Sagaing,245,90,0.5"
"Site 1997,97.823189,16.908003,Hlaing,Kayin,317,90,7.9"
"Site 1998,93.931152,17.550349,Mingalar Taung Nyunt,Naypyidaw,325,60,5.3"
"Site 1999,94.666599,15.029267,Pazundaung,Bago,58,65,7.6"
"Site 2000,95.949356,16.778408,South Okkalapa,Magway,56,120,7.4"
"Site 2001,94.078400,19.202362,Pazundaung,Kayin,117,60,3.8"
"Site 2002,94.199019,21.779605,Hlaingthaya,Magway,59,120,1.1"
"Site 2003,96.959559,20.968044,Pazundaung,Mandalay,77,180,2.2"
"Site 2004,94.527422,16.174582,Thingangyun,Kayin,337,65,7.0"
"Site 2005,96.890230,16.117535,Mayangone,Bago,34,90,7.6"
"Site 2006,94.163749,18.837215,Mayangone,Ayeyarwady,53,90,0.7"
"Site 2007,97.341546,20.877591,Dagon,Naypyidaw,142,60,2.2"
"Site 2008,95.327310,21.759662,Kyauktada,Mon,200,90,1.3"
"Site 2009,97.419697,18.578871,Pazundaung,Mon,190,120,0.6"
"Site 2010,96.463645,17.845034,Shwepyitha,Yangon,5,65,3.4"
"Site 2011,96.708568,16.562591,Yankin,Yangon,57,60,6.3"
"Site 2012,93.006559,19.432307,Insein,Mon,92,90,2.6"
"Site 2013,94.921563,17.891497,Hlaingthaya,Ayeyarwady,263,90,7.3"
"Site 2014,94.712235,15.016014,Kamayut,Ayeyarwady,226,180,4.3"
"Site 2015,95.554601,18.077722,North Okkalapa,Ayeyarwady,329,60,4.2"
"Site 2016,96.375761,17.501230,South Okkalapa,Ayeyarwady,324,180,2.4"
"Site 2017,94.735650,19.575425,Pazundaung,Bago,64,180,5.9"
"Site 2018,94.328677,21.251921,North Okkalapa,Mon,151,120,4.3"
"Site 2019,94.886081,15.243589,South Okkalapa,Mon,345,65,1.1"
"Site 2020,96.141278,16.870625,Dagon,Mandalay,198,180,4.3"
"Site 2021,95.937736,20.692792,Shwepyitha,Bago,35,90,4.6"
"Site 2022,94.163980,17.527444,Shwepyitha,Ayeyarwady,93,120,1.2"
"Site 2023,94.201815,19.490353,South Okkalapa,Mon,260,90,5.6"
"Site 2024,95.873708,20.790217,Dagon,Yangon,62,65,3.4"
"Site 2025,96.939899,19.025552,Hlaing,Magway,68,65,3.4"
"Site 2026,98.301360,21.492814,Kyauktada,Naypyidaw,169,65,3.2"
"Site 2027,98.035672,17.226693,Mayangone,Sagaing,104,180,1.4"
"Site 2028,98.596813,15.770892,North Okkalapa,Naypyidaw,317,65,6.8"
"Site 2029,98.010506,19.578579,Thingangyun,Mandalay,188,90,3.8"
"Site 2030,94.027084,18.934037,Insein,Mon,60,65,0.8"
"Site 2031,98.732624,16.421406,Shwepyitha,Bago,68,65,4.8"
"Site 2032,98.296693,20.027103,Botahtaung,Mandalay,31,65,2.0"
"Site 2033,93.783284,17.350178,Hlaing,Magway,355,120,7.8"
"Site 2034,97.477946,17.326046,Hlaing,Ayeyarwady,262,120,6.7"
"Site 2035,97.400436,16.780218,Seikkan,Mandalay,12,65,5.2"
"Site 2036,98.646400,19.164685,Insein,Shan,39,45,3.3"
"Site 2037,94.590496,19.575902,Thingangyun,Kayin,219,65,7.0"
"Site 2038,94.745932,15.299268,South Okkalapa,Naypyidaw,179,180,6.9"
"Site 2039,97.595789,16.831128,Pazundaung,Shan,269,120,3.8"
"Site 2040,96.352947,16.687093,Botahtaung,Sagaing,343,180,5.6"
"Site 2041,96.548708,20.847045,Kyauktada,Kayin,321,65,1.1"
"Site 2042,98.812454,17.137273,Pazundaung,Mandalay,199,120,2.9"
"Site 2043,97.148822,21.435877,Hlaing,Yangon,314,120,7.4"
"Site 2044,93.998683,16.989105,Botahtaung,Sagaing,280,180,3.9"
"Site 2045,94.164768,15.827378,Shwepyitha,Ayeyarwady,13,120,2.4"
"Site 2046,96.073729,19.313014,Hlaingthaya,Bago,152,120,6.6"
"Site 2047,98.553382,16.760951,North Okkalapa,Kayin,121,90,5.5"
"Site 2048,98.343293,19.189549,South Okkalapa,Yangon,190,180,6.7"
"Site 2049,97.847145,17.747758,Shwepyitha,Kayin,58,90,6.1"
"Site 2050,93.821887,18.878702,Kamayut,Mon,146,180,3.8"
"Site 2051,98.502300,20.184691,Thingangyun,Yangon,129,90,5.4"
"Site 2052,95.221906,16.210381,Mayangone,Magway,206,45,3.0"
"Site 2053,94.441783,17.524892,Hlaingthaya,Mandalay,339,65,2.4"
"Site 2054,96.809559,17.500480,Shwepyitha,Yangon,96,45,2.4"
"Site 2055,96.246659,15.242933,Dala,Naypyidaw,298,120,1.3"
"Site 2056,98.672944,18.529753,Thingangyun,Mon,191,65,5.4"
"Site 2057,94.219815,15.558780,Hlaingthaya,Ayeyarwady,37,180,2.4"
"Site 2058,94.514011,18.163179,Insein,Kayin,30,90,6.1"
"Site 2059,95.388752,19.352746,Thingangyun,Mandalay,332,60,1.9"
"Site 2060,94.725967,21.426279,Mayangone,Naypyidaw,31,65,0.6"
"Site 2061,95.994892,20.682663,Seikkan,Naypyidaw,303,90,4.2"
"Site 2062,98.556877,18.684939,Mingalar Taung Nyunt,Ayeyarwady,241,60,7.7"
"Site 2063,95.557921,17.629391,Dagon,Shan,188,120,5.4"
"Site 2064,96.054715,15.881183,Mingalar Taung Nyunt,Yangon,24,60,7.6"
"Site 2065,93.306245,19.706701,Shwepyitha,Ayeyarwady,171,65,2.6"
"Site 2066,94.339777,19.358184,Dagon,Shan,206,90,4.5"
"Site 2067,95.158574,16.722494,Kamayut,Kayin,169,60,3.9"
"Site 2068,95.697240,18.564867,Hlaingthaya,Magway,130,90,6.9"
"Site 2069,94.614943,18.173717,South Okkalapa,Mandalay,186,90,7.8"
"Site 2070,97.984818,16.804163,Shwepyitha,Mandalay,30,90,7.3"
"Site 2071,97.408036,19.313010,Yankin,Bago,113,90,3.2"
"Site 2072,94.123897,15.084288,Hlaingthaya,Bago,238,180,1.1"
"Site 2073,94.857561,20.809523,Mingalar Taung Nyunt,Kayin,106,90,7.1"
"Site 2074,95.388002,20.829243,Botahtaung,Ayeyarwady,103,120,7.8"
"Site 2075,93.123473,18.157142,South Okkalapa,Bago,2,60,6.6"
"Site 2076,96.800437,15.681870,Thingangyun,Ayeyarwady,15,45,2.7"
"Site 2077,97.760226,15.227300,Kamayut,Naypyidaw,196,60,1.5"
"Site 2078,94.846363,16.632267,Kamayut,Bago,48,120,2.7"
"Site 2079,97.234893,16.345017,Mingalar Taung Nyunt,Magway,189,90,1.1"
"Site 2080,93.074130,19.584253,Kyauktada,Yangon,198,120,2.7"
"Site 2081,95.194503,20.991093,Pazundaung,Yangon,355,45,3.5"
"Site 2082,96.682531,19.395985,Insein,Magway,184,180,0.6"
"Site 2083,96.211348,15.230233,North Okkalapa,Naypyidaw,80,65,0.6"
"Site 2084,93.534382,18.673292,Botahtaung,Bago,29,120,3.3"
"Site 2085,95.592727,16.701465,Dala,Yangon,84,90,7.0"
"Site 2086,94.343749,15.185887,Pazundaung,Bago,206,180,7.5"
"Site 2087,97.104045,15.553786,North Okkalapa,Yangon,185,90,4.8"
"Site 2088,97.510353,19.651780,Kyauktada,Magway,38,60,0.9"
"Site 2089,96.832145,19.432763,Seikkan,Ayeyarwady,339,65,3.9"
"Site 2090,95.889003,21.508908,South Okkalapa,Shan,279,65,5.6"
"Site 2091,95.001572,20.962939,South Okkalapa,Mandalay,228,90,6.9"
"Site 2092,98.132092,19.701799,Mingaladon,Naypyidaw,345,60,7.9"
"Site 2093,95.265037,20.965884,Mingalar Taung Nyunt,Shan,344,60,2.8"
"Site 2094,97.001317,16.637519,Pazundaung,Mandalay,174,45,0.9"
"Site 2095,93.451183,20.378354,Pazundaung,Sagaing,322,90,7.2"
"Site 2096,93.279446,16.105002,Kyauktada,Sagaing,73,65,4.4"
"Site 2097,98.544585,21.930209,Thingangyun,Sagaing,145,90,6.7"
"Site 2098,95.257629,17.626025,Hlaingthaya,Naypyidaw,341,65,3.3"
"Site 2099,96.206039,17.774474,Yankin,Magway,114,180,6.4"
"Site 2100,98.458906,16.899883,Shwepyitha,Mon,36,120,3.7"
"Site 2101,95.062795,19.448981,Dala,Bago,177,120,7.6"
"Site 2102,96.094154,15.832101,Botahtaung,Yangon,235,90,6.1"
"Site 2103,98.681902,21.047410,Pazundaung,Shan,140,180,7.8"
"Site 2104,94.848336,19.120218,Dagon,Mandalay,63,65,7.8"
"Site 2105,94.383146,16.734040,Dagon,Kayin,232,65,7.5"
"Site 2106,97.195303,15.796574,Mingaladon,Yangon,203,65,7.9"
"Site 2107,97.326812,18.748199,Kyauktada,Mon,152,180,7.9"
"Site 2108,95.071370,16.175255,Yankin,Sagaing,281,60,5.9"
"Site 2109,93.911686,19.956751,North Okkalapa,Mon,256,45,6.3"
"Site 2110,96.669732,21.744369,Seikkan,Mandalay,128,180,7.3"
"Site 2111,93.243130,18.109396,South Okkalapa,Yangon,219,180,4.6"
"Site 2112,95.787962,15.887478,Yankin,Mon,212,180,1.4"
"Site 2113,96.676273,18.448042,Botahtaung,Yangon,147,65,3.2"
"Site 2114,94.801495,19.623415,Hlaingthaya,Magway,97,60,5.4"
"Site 2115,93.186289,16.709785,Kamayut,Shan,124,60,1.9"
"Site 2116,96.319984,19.645192,Seikkan,Kayin,39,60,4.0"
"Site 2117,95.315844,15.107706,Seikkan,Mon,132,120,1.0"
"Site 2118,93.236176,15.872555,Kyauktada,Ayeyarwady,33,90,4.3"
"Site 2119,96.693586,15.177928,Mingalar Taung Nyunt,Mandalay,271,45,0.6"
"Site 2120,98.113846,17.193055,Dala,Naypyidaw,86,60,5.8"
"Site 2121,95.567136,20.344275,Hlaingthaya,Mon,204,120,1.8"
"Site 2122,97.591915,15.578536,Mayangone,Mandalay,59,65,7.3"
"Site 2123,95.228777,19.436032,Shwepyitha,Kayin,40,90,7.6"
"Site 2124,96.657308,17.160520,Pazundaung,Mandalay,51,120,6.3"
"Site 2125,97.671896,18.519355,Yankin,Kayin,246,60,2.2"
"Site 2126,98.518419,18.899549,Pazundaung,Yangon,140,180,3.1"
"Site 2127,93.228541,15.659166,Kamayut,Mandalay,108,45,5.9"
"Site 2128,96.127533,15.156478,Hlaingthaya,Mon,123,45,3.2"
"Site 2129,93.281837,20.008040,Seikkan,Magway,119,60,7.8"
"Site 2130,97.204422,21.998710,Kyauktada,Ayeyarwady,8,65,6.7"
"Site 2131,96.927881,17.185436,Shwepyitha,Shan,85,180,3.4"
"Site 2132,96.970710,20.198167,Mingalar Taung Nyunt,Shan,119,120,6.8"
"Site 2133,97.311961,21.260312,Mingaladon,Mon,90,120,2.9"
"Site 2134,97.692731,17.666830,Dala,Shan,85,60,6.5"
"Site 2135,94.608308,16.500188,Mingalar Taung Nyunt,Ayeyarwady,157,45,1.0"
"Site 2136,97.911415,16.351693,Yankin,Kayin,349,60,4.6"
"Site 2137,95.837000,20.449270,Hlaingthaya,Ayeyarwady,75,180,2.7"
"Site 2138,97.787852,16.898296,Shwepyitha,Shan,248,90,4.0"
"Site 2139,97.398692,15.926799,Kyauktada,Magway,231,65,5.3"
"Site 2140,97.879451,19.353936,Kamayut,Sagaing,24,120,4.1"
"Site 2141,96.310008,17.748122,Shwepyitha,Mon,174,180,6.2"
"Site 2142,98.290912,16.345086,Insein,Yangon,17,65,3.1"
"Site 2143,95.506784,19.088657,Hlaing,Sagaing,132,45,6.0"
"Site 2144,98.407056,18.683220,Pazundaung,Kayin,172,65,3.9"
"Site 2145,94.688461,15.589327,Thingangyun,Kayin,121,120,8.0"
"Site 2146,94.267631,21.963815,Hlaing,Magway,344,60,3.1"
"Site 2147,98.494315,20.676677,Shwepyitha,Naypyidaw,88,90,2.5"
"Site 2148,96.398627,19.466359,Kyauktada,Mon,303,45,2.8"
"Site 2149,93.901259,15.138899,Thingangyun,Sagaing,227,180,6.7"
"Site 2150,93.127704,21.503047,Pazundaung,Sagaing,326,60,2.5"
"Site 2151,94.753262,20.742599,Dala,Shan,108,45,6.7"
"Site 2152,96.245234,19.757534,Pazundaung,Kayin,57,45,5.9"
"Site 2153,96.385190,21.083033,Botahtaung,Mon,28,90,6.3"
"Site 2154,93.742437,16.598042,Insein,Kayin,201,90,3.3"
"Site 2155,93.390895,17.926804,Kyauktada,Ayeyarwady,258,120,2.0"
"Site 2156,94.491795,18.691450,Hlaingthaya,Naypyidaw,125,65,7.5"
"Site 2157,94.499825,18.523405,Hlaingthaya,Mon,160,45,6.4"
"Site 2158,97.550011,16.676477,Mingalar Taung Nyunt,Bago,281,65,6.8"
"Site 2159,97.378029,18.562486,Hlaing,Kayin,273,45,7.7"
"Site 2160,98.830820,18.631861,Yankin,Shan,133,60,2.9"
"Site 2161,95.773754,17.840697,Mingalar Taung Nyunt,Mon,357,60,2.2"
"Site 2162,93.825350,17.143138,Dala,Magway,278,180,4.1"
"Site 2163,94.734588,16.401641,Mingalar Taung Nyunt,Shan,178,45,0.6"
"Site 2164,95.300166,20.311171,Dagon,Bago,285,60,4.5"
"Site 2165,94.474405,17.647138,Botahtaung,Magway,205,120,5.8"
"Site 2166,97.807022,16.568407,Thingangyun,Ayeyarwady,245,65,3.4"
"Site 2167,95.989813,19.770620,Dala,Yangon,340,120,0.6"
"Site 2168,93.426620,21.476355,Thingangyun,Magway,136,45,7.6"
"Site 2169,94.226272,16.322009,Mingalar Taung Nyunt,Shan,23,45,4.4"
"Site 2170,94.257376,19.508362,Insein,Mon,346,60,7.9"
"Site 2171,98.736281,16.885903,Shwepyitha,Mon,225,180,0.9"
"Site 2172,94.782653,18.576337,Kamayut,Bago,324,45,5.8"
"Site 2173,97.270024,16.468818,Hlaingthaya,Mon,332,60,2.9"
"Site 2174,97.579625,16.204496,Mingalar Taung Nyunt,Ayeyarwady,7,180,2.8"
"Site 2175,98.236192,19.001205,Mingaladon,Naypyidaw,275,65,4.7"
"Site 2176,98.006443,19.069764,Hlaing,Bago,79,180,2.5"
"Site 2177,98.215856,17.641001,Pazundaung,Mandalay,215,65,8.0"
"Site 2178,94.088361,20.075106,Kyauktada,Ayeyarwady,269,65,1.8"
"Site 2179,97.364328,15.371472,Mayangone,Kayin,72,120,3.0"
"Site 2180,94.554245,19.471986,Insein,Mandalay,67,45,5.8"
"Site 2181,98.741479,21.617997,Hlaing,Sagaing,8,60,6.4"
"Site 2182,94.197742,18.732922,Mingalar Taung Nyunt,Magway,137,60,6.4"
"Site 2183,98.231782,20.500964,Yankin,Mon,29,120,6.2"
"Site 2184,96.020851,17.999635,Mayangone,Kayin,20,180,3.0"
"Site 2185,96.509742,21.636480,North Okkalapa,Shan,170,60,2.2"
"Site 2186,96.999156,19.141006,Mayangone,Ayeyarwady,223,60,2.3"
"Site 2187,95.870209,19.620413,Mayangone,Naypyidaw,44,180,3.3"
"Site 2188,95.305305,20.797756,Yankin,Kayin,65,90,3.3"
"Site 2189,97.666178,21.716034,Mayangone,Mandalay,289,65,1.8"
"Site 2190,94.843539,17.852608,South Okkalapa,Yangon,277,90,4.5"
"Site 2191,96.537435,18.130739,Mayangone,Mon,326,45,7.5"
"Site 2192,93.389364,20.460726,Mingalar Taung Nyunt,Shan,297,120,3.2"
"Site 2193,96.512524,18.318317,Hlaingthaya,Mon,51,90,5.4"
"Site 2194,97.855983,19.981099,Shwepyitha,Naypyidaw,131,120,5.3"
"Site 2195,97.716739,20.102012,Botahtaung,Naypyidaw,304,180,3.3"
"Site 2196,94.268595,21.930405,Seikkan,Ayeyarwady,19,120,2.0"
"Site 2197,98.504360,18.943989,Mayangone,Bago,326,45,4.6"
"Site 2198,94.773718,18.917321,Hlaingthaya,Magway,261,65,1.0"
"Site 2199,96.161078,16.554847,Hlaingthaya,Sagaing,42,60,3.3"
"Site 2200,96.971491,15.781448,Insein,Kayin,153,120,2.8"
"Site 2201,97.288409,18.312010,North Okkalapa,Mandalay,19,90,3.3"
"Site 2202,93.575482,21.766538,North Okkalapa,Ayeyarwady,146,60,2.8"
"Site 2203,97.071114,19.465896,Hlaingthaya,Yangon,166,45,6.9"
"Site 2204,93.176992,20.005062,Kyauktada,Bago,74,45,1.0"
"Site 2205,93.391995,18.142123,Insein,Ayeyarwady,216,60,1.6"
"Site 2206,96.915835,20.090894,Insein,Shan,243,180,1.5"
"Site 2207,95.110603,19.638598,Kamayut,Yangon,95,90,0.7"
"Site 2208,93.447525,20.357698,Hlaingthaya,Kayin,301,180,3.4"
"Site 2209,97.586614,20.456686,Insein,Mandalay,61,120,3.2"
"Site 2210,97.896827,20.082825,Dala,Magway,188,180,7.8"
"Site 2211,95.872560,18.796112,Kamayut,Kayin,264,180,4.8"
"Site 2212,98.497460,15.921113,Pazundaung,Mandalay,143,60,7.2"
"Site 2213,98.930837,18.525164,Kyauktada,Naypyidaw,306,65,1.0"
"Site 2214,96.309474,16.436989,Yankin,Sagaing,221,180,5.1"
"Site 2215,94.359012,15.568058,Hlaingthaya,Mon,159,45,1.5"
"Site 2216,96.426121,16.443527,Mingalar Taung Nyunt,Naypyidaw,322,90,5.1"
"Site 2217,96.195600,19.650609,Pazundaung,Yangon,259,90,7.2"
"Site 2218,93.368913,20.290719,Hlaingthaya,Shan,352,65,0.8"
"Site 2219,93.001836,20.673340,Pazundaung,Naypyidaw,230,60,6.1"
"Site 2220,95.183499,15.976200,South Okkalapa,Shan,272,45,2.9"
"Site 2221,96.170624,16.730554,South Okkalapa,Shan,264,45,4.3"
"Site 2222,97.804212,21.401519,Insein,Mon,211,65,5.9"
"Site 2223,98.313586,20.670593,North Okkalapa,Ayeyarwady,119,60,3.5"
"Site 2224,97.782087,20.567586,Dala,Kayin,90,45,1.1"
"Site 2225,94.039951,18.588153,Shwepyitha,Bago,53,45,4.2"
"Site 2226,94.184404,15.612845,Mingalar Taung Nyunt,Shan,49,65,4.9"
"Site 2227,93.075547,21.055440,Mingalar Taung Nyunt,Yangon,78,90,4.2"
"Site 2228,98.243944,17.631373,Kyauktada,Mon,89,60,3.3"
"Site 2229,98.333111,17.406294,North Okkalapa,Mandalay,267,65,0.8"
"Site 2230,96.810614,18.109797,Kamayut,Kayin,78,60,4.9"
"Site 2231,96.913434,18.808215,Botahtaung,Bago,219,180,2.6"
"Site 2232,96.686165,18.901268,Yankin,Yangon,314,60,6.5"
"Site 2233,93.074025,18.181324,Kamayut,Yangon,279,60,4.0"
"Site 2234,93.856495,21.180563,Mingalar Taung Nyunt,Kayin,17,60,3.2"
"Site 2235,95.224320,18.283483,Hlaing,Mon,62,60,1.1"
"Site 2236,94.958908,18.495095,Mingalar Taung Nyunt,Naypyidaw,110,60,3.5"
"Site 2237,93.641946,15.483745,North Okkalapa,Bago,270,60,1.8"
"Site 2238,95.707913,20.884497,Dala,Mon,130,45,4.7"
"Site 2239,95.681334,19.792122,Mingaladon,Shan,331,120,4.4"
"Site 2240,94.187135,18.936014,Thingangyun,Magway,331,120,0.8"
"Site 2241,95.588975,19.960560,Dala,Sagaing,95,90,5.1"
"Site 2242,96.778160,18.256053,Seikkan,Sagaing,111,180,1.8"
"Site 2243,98.645710,21.722810,Pazundaung,Yangon,295,120,4.3"
"Site 2244,95.960979,16.088591,Hlaing,Mandalay,207,180,7.2"
"Site 2245,97.365208,17.328575,Mingaladon,Kayin,221,120,1.0"
"Site 2246,94.650546,19.075402,Kyauktada,Magway,258,60,5.7"
"Site 2247,98.129770,20.328059,Shwepyitha,Magway,4,45,4.1"
"Site 2248,97.702719,15.920369,Mingalar Taung Nyunt,Kayin,296,120,3.4"
"Site 2249,93.400483,20.711208,Kamayut,Ayeyarwady,343,45,2.1"
"Site 2250,96.842309,21.269475,North Okkalapa,Magway,109,180,7.0"
"Site 2251,97.309135,18.626886,Hlaingthaya,Mandalay,303,65,7.4"
"Site 2252,93.280272,17.277498,Thingangyun,Shan,220,180,0.8"
"Site 2253,95.998314,16.365841,Kyauktada,Bago,4,45,6.0"
"Site 2254,93.319200,20.496538,North Okkalapa,Naypyidaw,155,120,0.7"
"Site 2255,96.049810,17.966557,Botahtaung,Bago,241,120,3.4"
"Site 2256,97.695193,16.447381,South Okkalapa,Yangon,346,120,6.5"
"Site 2257,96.564589,17.949128,Insein,Mon,138,60,3.0"
"Site 2258,95.298011,21.026086,Seikkan,Yangon,46,45,6.1"
"Site 2259,94.945699,19.834058,Insein,Shan,165,120,4.6"
"Site 2260,93.409659,19.867182,Mayangone,Bago,126,90,3.8"
"Site 2261,98.620971,15.883905,Kyauktada,Mandalay,62,65,3.4"
"Site 2262,95.155027,20.267092,Kyauktada,Naypyidaw,90,180,6.2"
"Site 2263,97.347522,17.798000,Seikkan,Mandalay,146,120,1.8"
"Site 2264,95.095052,21.981316,Yankin,Mon,59,120,6.9"
"Site 2265,94.794190,15.746634,Pazundaung,Kayin,58,45,7.4"
"Site 2266,93.066659,20.908334,Shwepyitha,Ayeyarwady,349,90,6.2"
"Site 2267,93.477328,19.012604,Insein,Kayin,4,180,4.3"
"Site 2268,94.680409,18.623966,Yankin,Kayin,232,120,7.3"
"Site 2269,93.425368,15.109202,Dala,Sagaing,209,120,1.2"
"Site 2270,95.373223,20.421197,Mayangone,Sagaing,112,45,1.0"
"Site 2271,94.903026,18.045585,Kyauktada,Bago,131,120,5.2"
"Site 2272,97.785863,21.526997,Hlaingthaya,Mandalay,208,180,4.3"
"Site 2273,94.581371,20.424440,South Okkalapa,Yangon,294,65,1.7"
"Site 2274,97.752712,19.590274,Dala,Sagaing,119,90,1.3"
"Site 2275,96.685623,21.106847,Kamayut,Magway,218,90,2.8"
"Site 2276,95.084170,17.622123,Hlaing,Naypyidaw,350,45,6.2"
"Site 2277,93.909961,18.405746,Seikkan,Kayin,104,120,5.5"
"Site 2278,95.397438,18.640783,Seikkan,Mon,180,180,2.7"
"Site 2279,96.883015,21.659728,Botahtaung,Mon,297,45,1.0"
"Site 2280,96.631034,20.210787,Mayangone,Mon,22,65,3.0"
"Site 2281,98.599709,21.702283,Seikkan,Ayeyarwady,17,45,4.8"
"Site 2282,93.238123,21.263890,Pazundaung,Shan,271,65,0.9"
"Site 2283,95.233016,18.915932,Thingangyun,Kayin,90,65,4.1"
"Site 2284,97.979543,18.769043,Seikkan,Mandalay,297,60,3.4"
"Site 2285,98.968895,19.990347,Hlaingthaya,Naypyidaw,89,120,5.7"
"Site 2286,95.387458,15.887940,Kamayut,Mon,261,45,8.0"
"Site 2287,96.601987,15.479190,Dala,Magway,254,60,4.3"
"Site 2288,98.821914,18.724329,Shwepyitha,Naypyidaw,168,180,7.0"
"Site 2289,94.640277,19.472195,Kyauktada,Sagaing,166,120,6.3"
"Site 2290,98.239597,18.147557,North Okkalapa,Mon,146,90,2.6"
"Site 2291,93.144506,20.734564,Thingangyun,Naypyidaw,157,90,5.2"
"Site 2292,97.022276,17.472621,Kamayut,Mon,33,45,1.0"
"Site 2293,93.876183,20.567299,Hlaingthaya,Kayin,208,45,2.9"
"Site 2294,94.153081,17.147951,Seikkan,Naypyidaw,123,90,5.6"
"Site 2295,94.794942,17.312992,Mingaladon,Mon,113,180,2.2"
"Site 2296,98.116323,17.647701,Dagon,Mandalay,62,45,1.7"
"Site 2297,96.825074,20.931290,Thingangyun,Kayin,236,180,1.9"
"Site 2298,93.663519,19.580154,Dagon,Naypyidaw,65,90,5.3"
"Site 2299,95.897612,21.246374,Kamayut,Shan,111,65,6.8"
"Site 2300,98.575860,19.356785,Botahtaung,Bago,332,90,7.5"
"Site 2301,94.110303,16.656511,Thingangyun,Magway,290,65,1.9"
"Site 2302,94.508632,20.682189,Botahtaung,Ayeyarwady,89,60,7.9"
"Site 2303,94.866106,16.617302,North Okkalapa,Kayin,11,180,5.2"
"Site 2304,96.228591,21.649998,Dala,Bago,191,45,1.8"
"Site 2305,98.649215,20.145514,North Okkalapa,Kayin,354,60,3.9"
"Site 2306,96.544271,16.987531,Botahtaung,Mandalay,245,60,1.0"
"Site 2307,98.921749,16.995564,Seikkan,Mandalay,86,65,0.9"
"Site 2308,96.053077,15.432930,Shwepyitha,Yangon,345,180,3.1"
"Site 2309,95.209579,17.043062,Botahtaung,Magway,31,60,4.7"
"Site 2310,98.692740,19.119838,South Okkalapa,Ayeyarwady,225,65,5.3"
"Site 2311,94.926009,20.130529,Mingalar Taung Nyunt,Yangon,176,45,7.1"
"Site 2312,98.380965,15.455980,Dala,Kayin,312,180,3.7"
"Site 2313,95.524013,19.087452,Thingangyun,Mon,202,180,1.0"
"Site 2314,93.547823,18.241700,Pazundaung,Naypyidaw,90,120,7.8"
"Site 2315,97.082712,15.388165,Insein,Magway,128,65,3.5"
"Site 2316,98.906773,15.380402,Shwepyitha,Bago,36,180,1.0"
"Site 2317,93.263628,16.965549,South Okkalapa,Mon,59,60,1.0"
"Site 2318,94.075771,19.698746,Dagon,Sagaing,240,60,1.4"
"Site 2319,97.193825,20.548179,Pazundaung,Mandalay,245,180,1.5"
"Site 2320,96.726671,17.429688,Seikkan,Ayeyarwady,102,180,2.4"
"Site 2321,96.854393,16.851909,Hlaingthaya,Naypyidaw,222,65,0.7"
"Site 2322,93.148999,20.846257,Mingalar Taung Nyunt,Sagaing,83,120,6.5"
"Site 2323,93.793547,19.860873,Yankin,Sagaing,248,65,1.6"
"Site 2324,95.733165,16.952907,Kyauktada,Mon,306,180,5.4"
"Site 2325,94.333688,18.787277,Kyauktada,Naypyidaw,25,45,6.9"
"Site 2326,97.508200,16.860334,Hlaing,Magway,0,45,4.8"
"Site 2327,97.994492,21.232180,Mingalar Taung Nyunt,Shan,98,120,4.0"
"Site 2328,97.134359,15.579231,Shwepyitha,Shan,13,120,7.0"
"Site 2329,96.766680,16.713284,Mayangone,Sagaing,31,180,5.1"
"Site 2330,93.778507,20.468808,Seikkan,Sagaing,236,65,4.3"
"Site 2331,94.781421,21.122838,Thingangyun,Shan,73,45,5.8"
"Site 2332,94.360607,21.098654,Hlaingthaya,Yangon,153,90,0.7"
"Site 2333,97.795585,17.581853,Kamayut,Kayin,242,65,4.5"
"Site 2334,94.273201,15.804724,Mingalar Taung Nyunt,Sagaing,242,45,3.2"
"Site 2335,96.437489,21.416025,Mingaladon,Naypyidaw,194,65,4.4"
"Site 2336,98.575467,18.001396,Hlaingthaya,Magway,95,180,5.1"
"Site 2337,96.065826,16.018297,Hlaing,Mandalay,240,45,2.0"
"Site 2338,93.870986,16.388149,Dagon,Mon,209,90,0.8"
"Site 2339,94.372355,16.221308,South Okkalapa,Ayeyarwady,203,60,1.7"
"Site 2340,94.174323,19.196504,Botahtaung,Naypyidaw,122,45,6.1"
"Site 2341,94.394734,15.835618,Dala,Mandalay,255,90,1.1"
"Site 2342,95.460487,21.650319,Hlaingthaya,Ayeyarwady,20,45,6.1"
"Site 2343,97.720213,15.837226,Mingaladon,Kayin,67,120,2.8"
"Site 2344,94.700676,21.811200,Dala,Sagaing,3,90,5.9"
"Site 2345,95.022341,21.248877,Mingalar Taung Nyunt,Naypyidaw,341,45,7.2"
"Site 2346,94.099202,19.874452,Insein,Magway,319,60,5.9"
"Site 2347,98.470940,19.979166,Mayangone,Mandalay,359,45,4.3"
"Site 2348,95.995978,15.782082,Seikkan,Mon,110,180,4.3"
"Site 2349,98.481360,17.256298,Pazundaung,Magway,267,180,0.5"
"Site 2350,94.499978,19.300596,Dagon,Mon,78,180,6.7"
"Site 2351,93.391917,21.547007,Mayangone,Bago,324,90,7.3"
"Site 2352,93.353978,18.072938,Mayangone,Ayeyarwady,128,45,3.4"
"Site 2353,93.368574,17.398750,Dagon,Naypyidaw,153,60,4.0"
"Site 2354,93.900464,17.083143,Dagon,Magway,294,120,2.1"
"Site 2355,97.142739,15.935478,Seikkan,Naypyidaw,167,120,6.6"
"Site 2356,97.310281,16.800509,Yankin,Naypyidaw,168,45,4.9"
"Site 2357,93.097304,20.567098,Kyauktada,Sagaing,246,180,6.5"
"Site 2358,96.134967,16.560799,Dala,Ayeyarwady,105,180,3.5"
"Site 2359,93.636596,17.374670,Shwepyitha,Yangon,157,180,3.0"
"Site 2360,95.665681,16.714532,Kamayut,Mandalay,269,60,5.9"
"Site 2361,96.979134,21.825040,Thingangyun,Ayeyarwady,185,65,5.2"
"Site 2362,97.848512,19.537646,South Okkalapa,Ayeyarwady,80,90,7.1"
"Site 2363,93.329066,15.861824,Thingangyun,Ayeyarwady,271,120,1.9"
"Site 2364,96.874607,15.488342,Insein,Ayeyarwady,193,90,2.8"
"Site 2365,93.175622,20.475112,Seikkan,Magway,118,90,5.1"
"Site 2366,94.397800,15.616160,South Okkalapa,Kayin,220,60,4.3"
"Site 2367,94.029367,17.315459,Yankin,Shan,346,120,1.5"
"Site 2368,93.777076,15.391805,Kyauktada,Mandalay,308,60,4.6"
"Site 2369,96.052324,18.735650,Mingaladon,Mon,167,180,3.2"
"Site 2370,96.739992,17.232004,Mingaladon,Kayin,100,180,0.9"
"Site 2371,97.625162,17.713185,Kamayut,Shan,201,90,4.7"
"Site 2372,94.623923,16.094608,Mayangone,Mandalay,134,65,7.5"
"Site 2373,96.068288,16.334601,Hlaingthaya,Sagaing,290,65,4.0"
"Site 2374,95.124316,19.588497,Pazundaung,Bago,217,90,2.1"
"Site 2375,98.474983,21.706216,Botahtaung,Naypyidaw,276,90,8.0"
"Site 2376,97.101112,21.237083,Dala,Yangon,340,120,0.8"
"Site 2377,94.076207,18.184715,Thingangyun,Ayeyarwady,55,90,4.8"
"Site 2378,95.279031,21.804504,Yankin,Shan,36,60,3.4"
"Site 2379,96.820055,17.678136,Mayangone,Mandalay,146,45,3.9"
"Site 2380,97.138548,21.249414,Pazundaung,Mon,14,120,4.9"
"Site 2381,96.008018,19.086416,Insein,Shan,155,120,7.9"
"Site 2382,98.220279,17.998469,North Okkalapa,Bago,113,180,5.2"
"Site 2383,95.985692,15.034514,North Okkalapa,Sagaing,194,45,6.2"
"Site 2384,95.731357,19.143035,Yankin,Bago,337,180,0.7"
"Site 2385,97.412389,21.697331,Thingangyun,Ayeyarwady,196,180,3.4"
"Site 2386,97.905745,19.216831,Mingalar Taung Nyunt,Shan,150,90,7.2"
"Site 2387,98.628896,19.343794,South Okkalapa,Ayeyarwady,243,120,4.6"
"Site 2388,94.661494,16.928186,Dala,Magway,240,120,7.3"
"Site 2389,96.981735,19.887169,Mayangone,Yangon,307,120,0.7"
"Site 2390,94.275694,20.917727,Hlaing,Mon,358,90,3.2"
"Site 2391,97.807660,17.921312,South Okkalapa,Bago,164,120,4.4"
"Site 2392,97.065099,19.359629,South Okkalapa,Mon,294,45,7.3"
"Site 2393,98.037778,18.062417,Thingangyun,Bago,123,120,1.6"
"Site 2394,96.908587,15.459784,Pazundaung,Yangon,322,120,4.5"
"Site 2395,93.378397,21.559037,Mayangone,Naypyidaw,112,45,5.0"
"Site 2396,97.551589,19.983617,Seikkan,Mon,37,65,1.6"
"Site 2397,98.215277,16.520963,Insein,Magway,348,65,0.9"
"Site 2398,93.307157,21.548681,Pazundaung,Kayin,210,60,5.9"
"Site 2399,96.727779,20.831139,Insein,Mon,50,180,1.8"
"Site 2400,97.405407,17.253472,Mayangone,Kayin,233,120,2.8"
"Site 2401,96.190108,17.571852,Thingangyun,Shan,289,65,3.0"
"Site 2402,98.232232,21.852688,Mayangone,Yangon,345,60,8.0"
"Site 2403,95.181518,16.821403,Kamayut,Ayeyarwady,121,90,6.5"
"Site 2404,98.539082,16.586003,Mayangone,Yangon,130,45,1.2"
"Site 2405,98.559935,15.199674,Kamayut,Shan,19,65,5.7"
"Site 2406,98.114298,19.520170,Insein,Yangon,84,90,4.2"
"Site 2407,98.476415,15.100525,Insein,Naypyidaw,169,120,6.3"
"Site 2408,97.902115,21.746968,Hlaingthaya,Kayin,148,180,5.4"
"Site 2409,98.416615,17.134199,Hlaingthaya,Ayeyarwady,38,120,5.9"
"Site 2410,98.754918,21.020663,Hlaing,Kayin,123,45,2.7"
"Site 2411,96.773300,21.738155,Kyauktada,Shan,291,60,6.4"
"Site 2412,97.458719,15.903491,Pazundaung,Bago,121,65,0.6"
"Site 2413,96.394882,18.999080,Mingalar Taung Nyunt,Yangon,216,60,3.4"
"Site 2414,97.205508,16.497738,Yankin,Mon,128,180,0.9"
"Site 2415,96.147457,21.594688,Kyauktada,Ayeyarwady,82,180,1.1"
"Site 2416,96.079979,19.088341,Mingalar Taung Nyunt,Yangon,101,180,3.6"
"Site 2417,94.803594,16.990078,Mingalar Taung Nyunt,Magway,86,60,4.5"
"Site 2418,98.665140,17.935562,Hlaingthaya,Magway,298,120,6.5"
"Site 2419,97.983510,16.851069,North Okkalapa,Ayeyarwady,52,90,4.2"
"Site 2420,98.870244,17.359152,Pazundaung,Mon,219,45,2.2"
"Site 2421,93.850306,21.245822,South Okkalapa,Yangon,346,90,1.2"
"Site 2422,94.559099,21.744877,Dagon,Mandalay,26,45,7.0"
"Site 2423,94.883347,17.686630,Kamayut,Ayeyarwady,98,60,1.2"
"Site 2424,98.226891,18.249272,South Okkalapa,Kayin,316,65,0.9"
"Site 2425,98.645120,15.821190,Dagon,Ayeyarwady,16,45,7.3"
"Site 2426,94.304927,16.470327,Mingaladon,Ayeyarwady,84,120,6.0"
"Site 2427,96.172348,20.661781,Hlaingthaya,Mandalay,41,90,7.4"
"Site 2428,96.444606,21.558803,Botahtaung,Sagaing,319,90,5.0"
"Site 2429,96.257830,18.882765,Thingangyun,Yangon,218,120,5.6"
"Site 2430,94.483528,18.354372,Yankin,Shan,293,120,4.3"
"Site 2431,95.035215,18.508857,Mingaladon,Shan,350,180,7.8"
"Site 2432,94.028903,18.650192,Hlaingthaya,Naypyidaw,37,45,5.8"
"Site 2433,94.475484,16.195053,Insein,Sagaing,180,60,3.8"
"Site 2434,98.289252,18.439350,Seikkan,Kayin,95,90,4.4"
"Site 2435,95.763674,18.882012,Hlaingthaya,Ayeyarwady,3,180,3.0"
"Site 2436,94.130441,17.568906,Mayangone,Mandalay,48,45,5.6"
"Site 2437,95.752910,18.792060,Kyauktada,Sagaing,292,120,1.2"
"Site 2438,96.575220,21.322904,Insein,Shan,312,120,0.9"
"Site 2439,93.042424,17.937459,Dagon,Ayeyarwady,280,180,7.1"
"Site 2440,98.320875,17.523353,North Okkalapa,Sagaing,267,60,4.6"
"Site 2441,97.429794,15.186826,Pazundaung,Yangon,264,120,5.7"
"Site 2442,95.021416,16.787549,Hlaingthaya,Yangon,259,45,6.5"
"Site 2443,94.622179,19.110892,Seikkan,Kayin,155,65,4.8"
"Site 2444,93.752545,21.416725,Botahtaung,Naypyidaw,331,45,6.2"
"Site 2445,95.485132,21.980660,North Okkalapa,Bago,13,60,0.7"
"Site 2446,98.881579,16.104986,Shwepyitha,Ayeyarwady,281,180,0.8"
"Site 2447,94.084351,20.862353,Seikkan,Bago,319,65,4.6"
"Site 2448,97.687429,18.900236,Dala,Sagaing,263,65,5.4"
"Site 2449,93.689381,15.618053,South Okkalapa,Magway,345,65,7.7"
"Site 2450,96.357841,21.581988,Hlaing,Kayin,16,90,1.2"
"Site 2451,95.222878,20.964731,Kyauktada,Sagaing,21,65,6.8"
"Site 2452,96.948931,20.529533,Seikkan,Shan,104,65,7.4"
"Site 2453,98.993594,15.873158,Dagon,Shan,76,90,1.0"
"Site 2454,95.541069,18.026316,Insein,Mon,126,90,5.5"
"Site 2455,95.219241,20.788714,Mingaladon,Yangon,79,45,6.9"
"Site 2456,96.846962,20.872213,Yankin,Naypyidaw,349,90,3.8"
"Site 2457,96.484769,18.669199,Dala,Magway,118,180,4.8"
"Site 2458,93.038001,19.027704,Hlaing,Shan,113,45,0.6"
"Site 2459,97.586651,15.261183,Dala,Magway,11,180,4.7"
"Site 2460,95.259715,17.191726,Seikkan,Yangon,156,65,4.8"
"Site 2461,94.322526,20.904640,Pazundaung,Kayin,83,90,5.0"
"Site 2462,94.688295,16.544583,Dagon,Mandalay,18,120,7.2"
"Site 2463,93.311653,20.979646,Shwepyitha,Shan,336,180,7.7"
"Site 2464,95.038685,18.554341,Pazundaung,Bago,332,60,1.5"
"Site 2465,97.930567,19.199228,Hlaing,Naypyidaw,231,120,7.9"
"Site 2466,94.411861,20.075269,Kyauktada,Naypyidaw,209,90,5.3"
"Site 2467,97.790164,19.517971,Hlaing,Magway,285,45,5.4"
"Site 2468,98.504050,15.754631,Mingaladon,Shan,344,120,3.0"
"Site 2469,95.818839,17.815689,South Okkalapa,Magway,164,60,5.1"
"Site 2470,94.091433,19.110171,Kamayut,Kayin,11,60,6.4"
"Site 2471,98.095556,16.304427,Hlaingthaya,Naypyidaw,334,180,1.2"
"Site 2472,93.198821,19.463314,Thingangyun,Kayin,185,65,7.7"
"Site 2473,94.915476,15.742086,Yankin,Mon,296,90,7.0"
"Site 2474,97.620092,21.309491,Seikkan,Sagaing,323,65,2.2"
"Site 2475,98.404283,21.344957,Kamayut,Naypyidaw,137,45,0.6"
"Site 2476,94.878413,17.357882,South Okkalapa,Yangon,291,90,4.1"
"Site 2477,97.730673,19.584791,Mingalar Taung Nyunt,Naypyidaw,57,45,5.2"
"Site 2478,94.229885,20.246044,North Okkalapa,Shan,206,60,5.1"
"Site 2479,96.757526,19.878863,Mingalar Taung Nyunt,Magway,148,60,3.2"
"Site 2480,93.231677,18.894303,Kamayut,Mon,110,65,7.7"
"Site 2481,95.826397,18.972618,Shwepyitha,Bago,312,45,4.8"
"Site 2482,95.522972,18.976378,Dagon,Bago,20,65,2.4"
"Site 2483,97.792172,20.360890,Insein,Sagaing,78,180,3.0"
"Site 2484,94.825866,17.973376,Seikkan,Mon,228,65,5.3"
"Site 2485,97.279769,16.013989,Mingalar Taung Nyunt,Kayin,286,60,3.6"
"Site 2486,98.214181,21.587665,Thingangyun,Magway,244,120,2.4"
"Site 2487,97.936548,16.288696,Mingalar Taung Nyunt,Mon,240,65,2.7"
"Site 2488,96.341437,19.552975,Dala,Mon,92,45,0.5"
"Site 2489,97.207455,17.025612,Mingalar Taung Nyunt,Bago,163,60,2.7"
"Site 2490,93.974583,20.708401,Mingalar Taung Nyunt,Bago,26,45,5.3"
"Site 2491,96.394418,18.713988,Botahtaung,Mon,353,120,1.7"
"Site 2492,98.259297,16.504119,Mingaladon,Mon,165,45,1.4"
"Site 2493,97.314977,15.604674,Kyauktada,Kayin,212,90,6.2"
"Site 2494,96.374603,18.659719,Hlaingthaya,Magway,342,45,5.1"
"Site 2495,94.941866,15.623374,Pazundaung,Ayeyarwady,80,45,6.8"
"Site 2496,95.998178,21.815662,Mingalar Taung Nyunt,Ayeyarwady,38,180,0.5"
"Site 2497,93.767791,17.810696,Hlaingthaya,Ayeyarwady,92,65,0.5"
"Site 2498,95.771046,17.536884,Botahtaung,Naypyidaw,248,90,5.5"
"Site 2499,94.085473,18.883248,Dala,Yangon,50,65,6.2"
"Site 2500,93.421795,20.445572,Kamayut,Magway,62,90,3.6"
"Site 2501,97.929865,15.190913,Mayangone,Ayeyarwady,247,180,4.7"
"Site 2502,97.638622,20.305622,Seikkan,Yangon,193,180,7.1"
"Site 2503,97.819601,18.042518,Hlaingthaya,Yangon,180,120,5.8"
"Site 2504,93.752014,15.902104,Hlaingthaya,Sagaing,305,180,7.3"
"Site 2505,96.193609,20.650915,Kyauktada,Magway,234,120,1.0"
"Site 2506,94.368905,18.103556,Shwepyitha,Yangon,263,90,5.1"
"Site 2507,97.770112,21.215749,Shwepyitha,Ayeyarwady,336,65,6.5"
"Site 2508,97.350314,19.228359,Hlaingthaya,Naypyidaw,294,120,1.1"
"Site 2509,98.141082,21.917873,Hlaingthaya,Mon,320,65,5.1"
"Site 2510,96.098651,16.295969,Insein,Bago,358,180,7.0"
"Site 2511,95.556596,20.250010,Pazundaung,Bago,350,65,4.0"
"Site 2512,98.230026,17.802651,Kyauktada,Kayin,307,120,3.7"
"Site 2513,96.543405,17.999438,South Okkalapa,Ayeyarwady,252,180,1.4"
"Site 2514,97.454168,19.427962,Thingangyun,Sagaing,350,65,6.4"
"Site 2515,98.482334,19.259664,Insein,Kayin,142,60,5.1"
"Site 2516,93.926442,16.902514,Botahtaung,Magway,167,180,3.7"
"Site 2517,95.907478,16.953582,North Okkalapa,Kayin,276,45,1.9"
"Site 2518,95.240945,15.554364,Yankin,Yangon,189,60,2.3"
"Site 2519,94.698585,21.753812,Hlaing,Naypyidaw,349,120,7.4"
"Site 2520,93.084535,16.818731,Yankin,Bago,8,90,2.2"
"Site 2521,95.949603,18.186804,Hlaing,Magway,147,65,6.6"
"Site 2522,93.295923,16.024587,Mayangone,Naypyidaw,51,120,6.8"
"Site 2523,95.703115,21.638912,Mayangone,Naypyidaw,299,60,4.7"
"Site 2524,98.598037,17.075569,Thingangyun,Kayin,250,65,2.5"
"Site 2525,96.165989,17.430318,Mingaladon,Yangon,296,60,4.6"
"Site 2526,97.232987,20.768634,Pazundaung,Mandalay,64,120,6.2"
"Site 2527,98.766707,20.527184,Kyauktada,Mandalay,77,65,1.4"
"Site 2528,95.116968,15.319104,Yankin,Mandalay,172,120,1.6"
"Site 2529,93.488453,15.494590,North Okkalapa,Mon,128,65,5.3"
"Site 2530,97.692550,19.373312,Yankin,Kayin,358,120,3.9"
"Site 2531,94.092900,16.768663,Kamayut,Sagaing,226,120,1.5"
"Site 2532,96.585869,17.717795,South Okkalapa,Shan,110,60,1.9"
"Site 2533,93.942497,21.050116,Yankin,Shan,299,90,7.8"
"Site 2534,94.046857,18.041458,Botahtaung,Mandalay,10,90,5.2"
"Site 2535,97.913142,16.231765,Kyauktada,Sagaing,115,65,5.1"
"Site 2536,96.821837,19.909677,Thingangyun,Sagaing,42,65,5.9"
"Site 2537,94.748554,16.524298,Kyauktada,Bago,249,90,3.5"
"Site 2538,93.790299,20.762745,Yankin,Magway,83,65,7.2"
"Site 2539,95.646722,20.857871,Mayangone,Magway,358,65,5.4"
"Site 2540,98.530724,21.569538,Yankin,Magway,80,60,3.7"
"Site 2541,97.361122,20.222430,Pazundaung,Magway,0,60,4.5"
"Site 2542,94.003985,18.062985,Kyauktada,Mon,71,180,5.9"
"Site 2543,94.086631,17.638807,Yankin,Mandalay,63,45,7.6"
"Site 2544,96.743809,18.978418,Kyauktada,Naypyidaw,274,180,0.7"
"Site 2545,95.811647,18.646114,Hlaingthaya,Naypyidaw,11,60,6.5"
"Site 2546,94.916981,15.750797,Yankin,Naypyidaw,21,60,5.2"
"Site 2547,93.596192,15.858924,North Okkalapa,Mandalay,195,65,7.1"
"Site 2548,98.262102,17.705635,Pazundaung,Mon,344,60,2.5"
"Site 2549,94.942015,15.848597,Mingaladon,Shan,22,180,6.1"
"Site 2550,94.298145,16.371691,Botahtaung,Bago,139,120,7.2"
"Site 2551,95.613937,20.141270,Hlaing,Kayin,288,90,2.6"
"Site 2552,96.179836,17.885051,Mayangone,Magway,176,120,1.0"
"Site 2553,97.607985,20.549766,Kamayut,Kayin,217,90,4.0"
"Site 2554,98.936381,20.061800,Botahtaung,Mandalay,295,90,4.9"
"Site 2555,95.324437,15.804257,Seikkan,Magway,173,180,7.9"
"Site 2556,95.166421,18.548044,Hlaingthaya,Yangon,82,60,2.8"
"Site 2557,96.460528,17.359557,Insein,Kayin,332,60,1.0"
"Site 2558,93.409592,17.777918,South Okkalapa,Naypyidaw,224,60,0.6"
"Site 2559,94.726560,18.358682,Dala,Mandalay,138,120,5.8"
"Site 2560,96.550604,17.822633,Pazundaung,Bago,132,60,7.6"
"Site 2561,96.317459,15.972497,Dagon,Mandalay,232,60,2.2"
"Site 2562,93.072537,16.746504,Hlaing,Mon,114,180,4.0"
"Site 2563,98.972535,18.696285,North Okkalapa,Shan,72,90,2.0"
"Site 2564,96.288644,20.382152,Botahtaung,Naypyidaw,201,90,3.1"
"Site 2565,94.852150,15.822878,Yankin,Ayeyarwady,148,45,4.2"
"Site 2566,94.314406,21.952285,Mingaladon,Kayin,43,45,3.8"
"Site 2567,96.298580,16.993881,Mingaladon,Ayeyarwady,252,120,7.3"
"Site 2568,98.651716,17.053934,Hlaing,Kayin,225,65,0.6"
"Site 2569,98.750882,17.583729,Hlaing,Naypyidaw,256,180,4.8"
"Site 2570,95.620427,17.138607,Botahtaung,Magway,272,180,4.8"
"Site 2571,95.560457,20.886723,Hlaingthaya,Shan,235,90,7.0"
"Site 2572,96.005386,15.745765,Hlaing,Kayin,5,65,2.8"
"Site 2573,95.329104,20.909248,Pazundaung,Mon,117,45,6.9"
"Site 2574,96.714136,15.769199,Kamayut,Shan,140,65,5.5"
"Site 2575,97.846188,17.692123,Hlaing,Yangon,77,65,3.2"
"Site 2576,94.848805,18.501278,Mingalar Taung Nyunt,Sagaing,344,60,3.3"
"Site 2577,93.230531,15.881119,Mingalar Taung Nyunt,Shan,221,120,5.6"
"Site 2578,98.516230,20.241324,Mayangone,Bago,346,45,3.4"
"Site 2579,94.810590,15.513284,Dala,Magway,317,65,3.5"
"Site 2580,94.902689,19.246507,Insein,Yangon,102,120,2.3"
"Site 2581,96.770685,17.571944,Mingalar Taung Nyunt,Magway,330,180,5.6"
"Site 2582,93.859879,15.414460,Hlaing,Magway,164,65,5.8"
"Site 2583,95.637973,19.105424,Kyauktada,Ayeyarwady,312,60,7.5"
"Site 2584,94.900297,21.104351,Botahtaung,Yangon,276,120,3.0"
"Site 2585,97.298789,19.269378,Insein,Kayin,204,180,7.9"
"Site 2586,95.784412,18.760179,Thingangyun,Magway,68,120,7.6"
"Site 2587,98.423891,17.045067,Mingalar Taung Nyunt,Bago,299,60,1.0"
"Site 2588,96.190425,16.196691,Hlaingthaya,Kayin,4,45,2.6"
"Site 2589,98.451084,17.449309,South Okkalapa,Ayeyarwady,189,90,2.9"
"Site 2590,96.420941,19.986496,Dala,Ayeyarwady,11,120,1.9"
"Site 2591,98.132546,15.547362,Hlaingthaya,Naypyidaw,231,45,2.2"
"Site 2592,96.893835,20.285793,Botahtaung,Magway,248,65,4.9"
"Site 2593,97.203316,19.391416,Shwepyitha,Bago,228,65,7.4"
"Site 2594,96.490183,18.413001,Kyauktada,Ayeyarwady,335,90,4.7"
"Site 2595,94.751014,19.301936,Botahtaung,Shan,173,65,3.8"
"Site 2596,96.772248,19.514258,North Okkalapa,Kayin,5,180,2.2"
"Site 2597,98.204309,19.712488,Dala,Shan,312,90,7.8"
"Site 2598,97.392869,19.438553,Insein,Sagaing,109,65,2.8"
"Site 2599,96.683263,16.458013,Dagon,Naypyidaw,77,120,2.0"
"Site 2600,95.949274,18.557511,Pazundaung,Kayin,34,60,1.6"
"Site 2601,94.793995,21.673192,Pazundaung,Mandalay,156,90,2.0"
"Site 2602,93.857282,20.866106,Botahtaung,Ayeyarwady,172,120,4.2"
"Site 2603,97.405511,18.369363,Shwepyitha,Bago,281,45,1.0"
"Site 2604,96.739748,16.143779,North Okkalapa,Naypyidaw,40,45,5.1"
"Site 2605,97.716795,17.552555,South Okkalapa,Ayeyarwady,100,45,6.8"
"Site 2606,97.774624,15.858983,Pazundaung,Mon,97,120,1.5"
"Site 2607,95.936545,16.590870,Hlaing,Yangon,269,90,4.9"
"Site 2608,93.290498,19.489045,Botahtaung,Yangon,223,60,3.9"
"Site 2609,97.350038,19.625030,Seikkan,Bago,275,120,5.8"
"Site 2610,94.556645,21.479226,Yankin,Naypyidaw,346,65,4.7"
"Site 2611,97.536663,19.981291,Mayangone,Sagaing,120,90,3.9"
"Site 2612,96.352742,17.130600,Mingalar Taung Nyunt,Bago,275,90,2.0"
"Site 2613,93.883843,16.749670,Yankin,Mon,316,90,6.6"
"Site 2614,95.017296,20.104248,Seikkan,Sagaing,304,60,4.8"
"Site 2615,97.764058,18.834248,Mayangone,Kayin,0,65,6.5"
"Site 2616,96.842729,16.939152,South Okkalapa,Mandalay,358,120,4.2"
"Site 2617,97.540200,20.286877,Yankin,Mon,41,90,7.9"
"Site 2618,97.337536,15.089154,Pazundaung,Bago,250,180,6.2"
"Site 2619,96.549441,16.535771,Insein,Ayeyarwady,171,60,6.3"
"Site 2620,93.361951,17.079416,South Okkalapa,Yangon,143,65,7.4"
"Site 2621,93.866052,18.263784,Mingaladon,Ayeyarwady,130,65,1.1"
"Site 2622,96.977225,18.069377,Insein,Bago,204,180,1.0"
"Site 2623,93.091876,18.560771,Mingalar Taung Nyunt,Yangon,186,90,3.9"
"Site 2624,93.059036,15.532438,Dagon,Yangon,239,65,7.8"
"Site 2625,94.961356,20.907502,Dala,Bago,254,60,0.5"
"Site 2626,94.408113,17.937460,Mingalar Taung Nyunt,Naypyidaw,32,180,4.5"
"Site 2627,96.625914,21.563187,Kamayut,Shan,313,180,2.6"
"Site 2628,95.390018,19.583592,Thingangyun,Mon,204,180,6.6"
"Site 2629,95.645225,19.473007,Botahtaung,Shan,214,90,0.8"
"Site 2630,98.091976,19.143796,Botahtaung,Shan,51,65,1.7"
"Site 2631,94.047892,16.650351,Mingalar Taung Nyunt,Bago,197,90,1.0"
"Site 2632,98.479670,19.452876,Hlaingthaya,Naypyidaw,50,60,5.3"
"Site 2633,94.806193,19.017259,Hlaingthaya,Kayin,5,90,5.4"
"Site 2634,93.128298,17.122251,Pazundaung,Shan,300,45,7.1"
"Site 2635,97.837823,18.328197,Dala,Mon,162,180,4.4"
"Site 2636,94.155893,21.643156,Mayangone,Bago,84,60,7.3"
"Site 2637,93.353253,17.085554,North Okkalapa,Yangon,278,60,4.3"
"Site 2638,94.211931,19.098180,Dala,Shan,296,60,6.0"
"Site 2639,96.782054,16.718952,South Okkalapa,Mandalay,34,60,7.3"
"Site 2640,97.425507,20.188999,Kyauktada,Shan,321,60,5.1"
"Site 2641,98.079036,18.206994,Hlaingthaya,Kayin,71,60,1.2"
"Site 2642,94.809757,18.728993,Mingalar Taung Nyunt,Magway,210,120,2.2"
"Site 2643,98.746172,16.885288,North Okkalapa,Magway,95,120,2.3"
"Site 2644,93.614585,21.029126,Hlaing,Bago,357,90,2.7"
"Site 2645,97.879838,18.627666,South Okkalapa,Kayin,264,120,3.4"
"Site 2646,93.276812,17.437928,Hlaingthaya,Naypyidaw,235,60,2.5"
"Site 2647,98.300565,15.430813,Hlaingthaya,Yangon,283,180,2.0"
"Site 2648,98.857913,17.856943,Kyauktada,Naypyidaw,74,65,4.2"
"Site 2649,96.289591,19.738140,Dagon,Mandalay,293,45,7.9"
"Site 2650,95.074719,15.600041,Insein,Naypyidaw,55,120,6.8"
"Site 2651,93.095551,21.527634,Yankin,Naypyidaw,74,120,4.4"
"Site 2652,97.104823,16.347548,Insein,Mon,39,120,6.4"
"Site 2653,97.836607,20.017096,Insein,Mandalay,98,65,3.8"
"Site 2654,97.360588,15.809836,North Okkalapa,Mon,266,120,1.2"
"Site 2655,97.280810,19.811613,Botahtaung,Sagaing,147,60,4.5"
"Site 2656,94.577978,16.868002,Thingangyun,Naypyidaw,318,180,4.2"
"Site 2657,93.444486,16.555753,Thingangyun,Mandalay,35,180,3.4"
"Site 2658,95.949742,21.363325,Kamayut,Naypyidaw,303,90,3.9"
"Site 2659,94.741278,21.879242,Dala,Shan,257,180,1.5"
"Site 2660,95.625212,15.825129,Mingalar Taung Nyunt,Kayin,258,45,5.2"
"Site 2661,96.182312,21.295318,Mayangone,Mandalay,270,60,3.7"
"Site 2662,96.025986,18.604408,Botahtaung,Bago,280,45,2.1"
"Site 2663,93.306451,19.507680,Dagon,Kayin,163,180,7.9"
"Site 2664,94.427929,18.196927,Kyauktada,Shan,265,180,4.0"
"Site 2665,95.907691,18.002229,Dala,Kayin,186,180,1.3"
"Site 2666,97.685002,20.603242,Hlaingthaya,Mon,169,65,3.4"
"Site 2667,94.141053,19.482049,Mingaladon,Magway,355,60,5.5"
"Site 2668,94.182751,21.908858,Insein,Sagaing,315,120,6.0"
"Site 2669,97.710712,20.015298,Yankin,Yangon,240,120,5.9"
"Site 2670,95.065926,18.558485,Hlaingthaya,Magway,38,45,1.7"
"Site 2671,94.445845,20.394855,South Okkalapa,Magway,99,65,2.0"
"Site 2672,96.409264,15.887158,Botahtaung,Ayeyarwady,270,90,7.5"
"Site 2673,93.952233,18.935730,North Okkalapa,Mandalay,80,60,4.5"
"Site 2674,98.746464,21.380967,Yankin,Sagaing,207,180,2.7"
"Site 2675,93.019227,17.764143,Seikkan,Kayin,277,120,1.8"
"Site 2676,97.495262,15.504851,Insein,Mon,277,45,2.5"
"Site 2677,95.803289,21.307250,Insein,Yangon,120,90,0.8"
"Site 2678,93.694942,18.484737,North Okkalapa,Mon,215,65,6.1"
"Site 2679,93.296981,15.313535,North Okkalapa,Ayeyarwady,88,65,5.2"
"Site 2680,95.300663,19.531045,Seikkan,Mon,65,65,4.0"
"Site 2681,95.979741,16.653643,Botahtaung,Ayeyarwady,255,180,3.3"
"Site 2682,94.763605,18.057997,Thingangyun,Kayin,141,60,2.5"
"Site 2683,97.638142,16.096903,Pazundaung,Ayeyarwady,60,65,1.9"
"Site 2684,98.869163,21.227486,Kamayut,Yangon,133,45,1.4"
"Site 2685,95.972237,18.103378,Thingangyun,Kayin,32,120,1.3"
"Site 2686,97.734428,16.959667,Mingalar Taung Nyunt,Shan,280,120,7.2"
"Site 2687,94.258712,18.035404,North Okkalapa,Naypyidaw,185,65,5.3"
"Site 2688,93.023591,20.433940,Shwepyitha,Magway,38,120,3.6"
"Site 2689,98.745427,16.149445,Thingangyun,Yangon,35,65,4.1"
"Site 2690,93.004765,21.999434,Mingaladon,Bago,266,180,5.2"
"Site 2691,95.318807,21.961456,Thingangyun,Yangon,241,60,4.9"
"Site 2692,95.724102,15.928335,Thingangyun,Kayin,356,120,7.6"
"Site 2693,94.606757,16.725774,Dala,Naypyidaw,68,65,7.8"
"Site 2694,96.130442,20.984274,Yankin,Mandalay,43,90,1.2"
"Site 2695,98.519477,16.838272,North Okkalapa,Sagaing,16,180,3.6"
"Site 2696,97.134012,18.799716,Pazundaung,Magway,118,120,1.4"
"Site 2697,94.751237,15.624603,Dala,Ayeyarwady,283,120,2.0"
"Site 2698,95.981629,17.118158,Pazundaung,Sagaing,353,60,2.6"
"Site 2699,96.532970,20.762644,Shwepyitha,Kayin,124,180,1.5"
"Site 2700,95.087147,17.967923,Pazundaung,Kayin,29,120,6.2"
"Site 2701,97.365918,15.777605,Shwepyitha,Sagaing,16,65,4.6"
"Site 2702,94.634114,18.208700,Hlaing,Ayeyarwady,309,90,4.1"
"Site 2703,93.680187,20.958589,Dagon,Naypyidaw,149,45,2.8"
"Site 2704,96.121848,15.155393,Dala,Mon,164,60,6.8"
"Site 2705,98.903868,18.808079,Pazundaung,Magway,211,65,3.1"
"Site 2706,98.778174,16.543077,Mayangone,Yangon,184,45,7.4"
"Site 2707,98.300783,21.554010,Kyauktada,Magway,83,120,3.9"
"Site 2708,94.216945,17.065837,Pazundaung,Shan,320,60,7.0"
"Site 2709,95.267774,17.697277,Botahtaung,Magway,186,90,6.5"
"Site 2710,96.675632,19.927464,Botahtaung,Ayeyarwady,203,60,4.8"
"Site 2711,95.355678,15.298342,Thingangyun,Ayeyarwady,169,120,1.0"
"Site 2712,96.179720,17.810012,Yankin,Magway,28,60,7.4"
"Site 2713,93.697101,18.215421,Insein,Ayeyarwady,28,180,3.0"
"Site 2714,98.659989,18.192691,Seikkan,Bago,31,90,3.6"
"Site 2715,98.308372,16.606062,Botahtaung,Sagaing,194,90,5.7"
"Site 2716,97.880650,21.688011,Yankin,Yangon,235,60,4.5"
"Site 2717,97.938684,17.370636,Kamayut,Shan,282,65,1.6"
"Site 2718,94.159779,16.664608,Insein,Kayin,285,60,7.5"
"Site 2719,96.889180,15.340387,Dagon,Shan,170,60,3.0"
"Site 2720,93.144787,20.335297,Mingaladon,Naypyidaw,299,45,5.0"
"Site 2721,98.793676,16.612904,Mingalar Taung Nyunt,Mon,334,45,5.0"
"Site 2722,93.958768,21.899650,Yankin,Sagaing,302,90,3.5"
"Site 2723,93.848251,20.489230,South Okkalapa,Ayeyarwady,273,90,1.1"
"Site 2724,98.466938,21.561557,Dagon,Magway,78,120,5.1"
"Site 2725,98.598779,17.046435,Dagon,Shan,59,45,4.5"
"Site 2726,97.367600,16.618473,Thingangyun,Ayeyarwady,15,65,0.7"
"Site 2727,98.265930,21.140554,Botahtaung,Sagaing,128,120,5.2"
"Site 2728,94.665240,17.231015,Hlaingthaya,Mon,144,180,1.3"
"Site 2729,94.520537,16.470174,Kyauktada,Mandalay,3,45,2.9"
"Site 2730,96.401898,21.881233,Botahtaung,Magway,183,120,0.5"
"Site 2731,93.631557,18.800974,Kyauktada,Mon,322,120,4.3"
"Site 2732,97.443998,16.975292,Yankin,Magway,214,45,3.9"
"Site 2733,96.002435,21.970286,Hlaing,Naypyidaw,270,90,1.0"
"Site 2734,96.844005,16.641356,Insein,Mon,171,90,6.3"
"Site 2735,95.659202,19.394230,Hlaingthaya,Magway,219,120,2.9"
"Site 2736,94.360027,20.328410,Botahtaung,Mandalay,77,65,6.5"
"Site 2737,98.470278,21.270772,Mingalar Taung Nyunt,Mandalay,181,45,4.2"
"Site 2738,97.048339,20.298626,Mingalar Taung Nyunt,Naypyidaw,118,180,2.7"
"Site 2739,96.672987,21.541695,Shwepyitha,Mandalay,44,60,4.3"
"Site 2740,95.055246,21.222170,Seikkan,Mandalay,194,120,1.9"
"Site 2741,93.595120,19.547665,South Okkalapa,Bago,349,120,2.9"
"Site 2742,95.871537,21.295648,Shwepyitha,Mon,28,120,7.4"
"Site 2743,97.931521,21.262699,Kyauktada,Sagaing,86,180,0.9"
"Site 2744,96.433040,20.604253,Seikkan,Kayin,254,120,1.4"
"Site 2745,93.713896,20.124884,Insein,Magway,39,60,7.0"
"Site 2746,96.156784,18.657706,Dala,Mandalay,268,90,2.4"
"Site 2747,93.873943,15.323351,Mingalar Taung Nyunt,Ayeyarwady,103,180,6.8"
"Site 2748,97.942739,15.028501,Mayangone,Yangon,301,60,3.3"
"Site 2749,97.437873,19.431059,Kyauktada,Yangon,255,180,3.5"
"Site 2750,98.234731,18.501933,Insein,Magway,349,120,2.8"
"Site 2751,98.552523,18.362468,Mayangone,Naypyidaw,292,180,1.4"
"Site 2752,96.974794,20.017915,Thingangyun,Bago,313,60,7.8"
"Site 2753,94.087914,21.949952,Mingaladon,Ayeyarwady,347,65,5.0"
"Site 2754,93.285372,19.028135,Botahtaung,Mon,343,45,2.4"
"Site 2755,95.226019,20.921596,Mingalar Taung Nyunt,Bago,175,120,3.5"
"Site 2756,98.983800,19.567689,Mayangone,Bago,204,65,2.8"
"Site 2757,95.536777,19.225714,Hlaingthaya,Bago,100,120,3.3"
"Site 2758,93.532049,16.215404,Hlaingthaya,Naypyidaw,350,180,1.1"
"Site 2759,93.954736,19.855134,Pazundaung,Mandalay,178,65,7.8"
"Site 2760,96.252508,20.302609,Hlaingthaya,Kayin,273,180,6.0"
"Site 2761,94.447586,21.495904,Mingalar Taung Nyunt,Mon,21,65,5.0"
"Site 2762,97.488113,19.175515,Insein,Mon,17,180,3.0"
"Site 2763,95.574621,16.219989,South Okkalapa,Bago,285,180,4.0"
"Site 2764,97.263059,21.950974,Hlaingthaya,Kayin,337,90,2.3"
"Site 2765,93.697836,15.642988,Seikkan,Yangon,94,65,0.6"
"Site 2766,96.970298,16.442226,Seikkan,Sagaing,243,60,6.0"
"Site 2767,98.867946,21.626932,Botahtaung,Mandalay,119,60,7.4"
"Site 2768,97.221722,21.591543,Dala,Mandalay,52,60,4.7"
"Site 2769,94.966156,20.513095,Kyauktada,Bago,307,45,5.3"
"Site 2770,96.093918,16.642117,Mingalar Taung Nyunt,Shan,165,45,5.8"
"Site 2771,93.766541,20.091040,Botahtaung,Naypyidaw,28,60,6.9"
"Site 2772,96.917332,20.999275,Yankin,Kayin,171,120,4.1"
"Site 2773,96.076616,21.477493,Seikkan,Bago,8,90,8.0"
"Site 2774,97.485228,20.856377,Kamayut,Sagaing,54,120,3.7"
"Site 2775,93.739464,18.429696,Hlaingthaya,Shan,330,120,5.9"
"Site 2776,98.766655,19.729512,Pazundaung,Yangon,352,90,6.6"
"Site 2777,93.386735,15.051357,Yankin,Yangon,335,65,6.4"
"Site 2778,94.735738,15.393416,Shwepyitha,Bago,136,120,7.3"
"Site 2779,98.760644,16.576466,Kyauktada,Mandalay,158,60,6.5"
"Site 2780,98.533610,21.114779,Yankin,Mandalay,212,120,7.7"
"Site 2781,94.006464,21.763092,North Okkalapa,Mon,237,180,3.7"
"Site 2782,93.256194,18.225091,Botahtaung,Shan,60,90,6.5"
"Site 2783,93.835123,19.962053,Botahtaung,Ayeyarwady,86,90,3.0"
"Site 2784,93.302135,19.352203,Mayangone,Ayeyarwady,175,60,7.3"
"Site 2785,93.476959,21.948728,Thingangyun,Sagaing,238,65,7.1"
"Site 2786,97.795196,15.125907,Kyauktada,Naypyidaw,146,90,2.4"
"Site 2787,96.119930,17.011824,Yankin,Mon,221,45,4.8"
"Site 2788,97.426069,18.451242,Shwepyitha,Naypyidaw,80,45,6.3"
"Site 2789,97.598919,20.249120,Botahtaung,Ayeyarwady,182,60,4.1"
"Site 2790,96.000583,15.639967,Mingaladon,Naypyidaw,35,90,2.6"
"Site 2791,94.647310,20.139588,Shwepyitha,Bago,338,180,2.7"
"Site 2792,94.190971,18.500255,Seikkan,Bago,265,180,5.2"
"Site 2793,94.958451,15.256514,Pazundaung,Magway,302,65,2.4"
"Site 2794,97.933877,18.388250,Thingangyun,Ayeyarwady,94,90,1.1"
"Site 2795,93.643532,18.636603,Yankin,Shan,64,45,3.1"
"Site 2796,97.329745,19.692731,Dala,Kayin,6,180,2.9"
"Site 2797,95.625280,16.484923,North Okkalapa,Ayeyarwady,144,65,5.8"
"Site 2798,93.573389,20.528125,Insein,Ayeyarwady,209,180,2.5"
"Site 2799,96.425280,16.603164,Pazundaung,Yangon,339,65,5.8"
"Site 2800,93.846368,15.657062,Insein,Kayin,290,60,5.8"
"Site 2801,95.221538,17.543192,Dagon,Sagaing,340,90,6.2"
"Site 2802,94.154111,17.920763,Insein,Yangon,132,60,3.6"
"Site 2803,95.997793,18.498840,Botahtaung,Kayin,214,65,3.3"
"Site 2804,98.990819,21.062696,Kamayut,Magway,167,65,7.2"
"Site 2805,94.605798,15.654505,Dagon,Magway,139,180,5.9"
"Site 2806,96.989615,18.879423,Kamayut,Ayeyarwady,202,65,3.9"
"Site 2807,95.414725,17.620674,Seikkan,Sagaing,320,65,1.4"
"Site 2808,93.303649,17.271159,Mingaladon,Naypyidaw,218,65,4.0"
"Site 2809,97.958427,16.163710,Hlaing,Shan,154,120,5.9"
"Site 2810,96.671110,18.768397,Shwepyitha,Yangon,268,60,5.6"
"Site 2811,98.878913,21.126534,Kyauktada,Mandalay,117,60,4.1"
"Site 2812,95.705316,17.698509,Dala,Bago,111,45,4.9"
"Site 2813,94.962889,18.731530,Seikkan,Sagaing,211,90,6.9"
"Site 2814,98.162591,16.224542,Hlaingthaya,Mandalay,268,45,7.4"
"Site 2815,96.192973,15.879394,Kamayut,Kayin,220,65,0.9"
"Site 2816,97.630663,17.684768,Pazundaung,Mandalay,282,120,0.9"
"Site 2817,96.291150,18.954852,Seikkan,Sagaing,327,180,4.4"
"Site 2818,97.476258,17.583616,Botahtaung,Ayeyarwady,123,90,7.0"
"Site 2819,97.216043,17.888978,Botahtaung,Ayeyarwady,39,120,6.4"
"Site 2820,98.075542,18.777659,Mingalar Taung Nyunt,Naypyidaw,149,65,7.4"
"Site 2821,95.287753,17.340006,Seikkan,Bago,276,45,1.8"
"Site 2822,97.913000,16.543817,Insein,Shan,275,45,0.6"
"Site 2823,95.244012,19.901012,Pazundaung,Bago,315,60,5.4"
"Site 2824,95.197374,21.659707,Mingalar Taung Nyunt,Mandalay,192,45,0.8"
"Site 2825,93.472466,15.009514,Pazundaung,Sagaing,111,180,1.7"
"Site 2826,96.175583,20.306171,Yankin,Naypyidaw,118,65,6.2"
"Site 2827,93.490935,15.000755,Hlaingthaya,Bago,256,120,2.8"
"Site 2828,95.652848,20.541283,Mingalar Taung Nyunt,Mon,182,65,5.6"
"Site 2829,96.752100,17.684935,Dala,Ayeyarwady,118,180,0.9"
"Site 2830,93.016469,15.737371,Yankin,Yangon,2,60,1.0"
"Site 2831,93.206843,18.293737,Dagon,Bago,179,60,2.8"
"Site 2832,97.168249,19.247973,Mayangone,Kayin,8,45,6.7"
"Site 2833,95.948701,19.022666,Mingaladon,Naypyidaw,233,60,7.8"
"Site 2834,98.399663,17.533600,Hlaing,Shan,219,180,6.6"
"Site 2835,95.112567,17.339139,Insein,Mandalay,344,180,4.6"
"Site 2836,96.198473,15.189511,Pazundaung,Magway,210,90,2.2"
"Site 2837,93.611022,20.685915,Shwepyitha,Magway,292,45,1.0"
"Site 2838,97.852042,20.857431,Dagon,Shan,305,90,6.4"
"Site 2839,98.629809,18.706104,Botahtaung,Naypyidaw,131,120,6.7"
"Site 2840,97.694634,17.206916,Shwepyitha,Mandalay,207,65,7.4"
"Site 2841,97.161652,20.715551,Hlaingthaya,Mandalay,121,120,1.4"
"Site 2842,97.343172,20.313849,Shwepyitha,Ayeyarwady,154,65,6.5"
"Site 2843,97.390696,17.851344,South Okkalapa,Magway,266,45,5.7"
"Site 2844,98.609458,15.055133,Kyauktada,Bago,338,45,1.0"
"Site 2845,96.587668,16.474364,Mayangone,Naypyidaw,333,45,1.0"
"Site 2846,98.426365,16.773963,Thingangyun,Kayin,1,45,7.7"
"Site 2847,98.289516,17.265991,Insein,Naypyidaw,120,60,3.5"
"Site 2848,95.211311,19.574191,Kamayut,Kayin,203,60,7.4"
"Site 2849,98.699562,21.148130,Mayangone,Yangon,241,90,1.8"
"Site 2850,96.160794,16.353371,Botahtaung,Bago,232,65,3.0"
"Site 2851,93.588966,15.123357,South Okkalapa,Shan,133,180,7.2"
"Site 2852,98.347854,15.931594,Seikkan,Yangon,333,60,2.9"
"Site 2853,93.316037,19.433888,Seikkan,Shan,39,60,2.6"
"Site 2854,94.442453,18.532420,Seikkan,Bago,319,180,0.8"
"Site 2855,93.498740,20.490928,Insein,Mandalay,170,45,5.4"
"Site 2856,96.239040,17.495443,South Okkalapa,Ayeyarwady,157,120,7.8"
"Site 2857,94.005345,17.113928,Hlaingthaya,Shan,166,120,3.0"
"Site 2858,96.670611,20.550149,Hlaing,Shan,173,60,5.4"
"Site 2859,98.894381,18.498548,Seikkan,Bago,1,60,5.5"
"Site 2860,93.091220,16.090721,Hlaing,Bago,346,45,7.3"
"Site 2861,94.375585,17.360627,Mayangone,Mon,132,45,1.1"
"Site 2862,97.333996,17.565873,South Okkalapa,Naypyidaw,31,65,2.1"
"Site 2863,94.159675,16.281186,Kamayut,Kayin,95,65,7.5"
"Site 2864,95.002518,15.301956,Mingaladon,Mandalay,40,60,7.8"
"Site 2865,94.237778,19.788431,South Okkalapa,Ayeyarwady,186,65,6.0"
"Site 2866,95.160837,21.443835,Hlaingthaya,Mon,18,60,1.3"
"Site 2867,94.541189,20.176655,Kamayut,Kayin,345,120,5.2"
"Site 2868,94.411524,16.582691,Shwepyitha,Sagaing,267,180,3.2"
"Site 2869,98.940971,16.934149,Mingaladon,Bago,356,45,5.6"
"Site 2870,96.521411,21.656363,Insein,Shan,358,180,2.0"
"Site 2871,97.999608,18.134574,Mingalar Taung Nyunt,Naypyidaw,97,65,6.8"
"Site 2872,97.161547,16.997524,Seikkan,Bago,323,120,4.3"
"Site 2873,97.750020,19.376927,Dala,Magway,159,45,5.2"
"Site 2874,94.578394,15.252030,Botahtaung,Ayeyarwady,222,180,7.0"
"Site 2875,95.692287,20.056745,Mayangone,Sagaing,261,180,5.9"
"Site 2876,95.131186,15.547643,North Okkalapa,Ayeyarwady,147,45,1.3"
"Site 2877,95.933573,15.244277,Hlaing,Yangon,220,60,1.9"
"Site 2878,95.107666,19.033024,Hlaingthaya,Mon,123,90,3.4"
"Site 2879,96.856533,17.896588,Hlaing,Naypyidaw,256,90,1.7"
"Site 2880,93.676205,21.571928,Hlaingthaya,Yangon,306,45,7.5"
"Site 2881,98.919264,19.984349,Botahtaung,Magway,135,90,4.9"
"Site 2882,97.381243,17.344953,Mingaladon,Naypyidaw,16,45,5.9"
"Site 2883,93.838537,19.143257,Seikkan,Ayeyarwady,353,120,5.8"
"Site 2884,97.169340,20.278025,Insein,Sagaing,88,120,1.8"
"Site 2885,96.949542,18.424138,Mingalar Taung Nyunt,Magway,9,60,6.9"
"Site 2886,97.503401,20.056251,Kamayut,Mon,167,65,4.8"
"Site 2887,93.459385,16.017537,South Okkalapa,Mon,124,60,3.0"
"Site 2888,93.917198,16.425674,Kyauktada,Mon,234,60,3.6"
"Site 2889,96.139615,21.832171,Mingalar Taung Nyunt,Mandalay,41,120,5.0"
"Site 2890,98.320743,20.701724,Yankin,Magway,84,45,4.9"
"Site 2891,96.096386,17.288603,Mayangone,Mandalay,153,45,3.1"
"Site 2892,95.783606,21.937318,Kyauktada,Kayin,48,65,6.0"
"Site 2893,96.784915,17.478625,Kyauktada,Yangon,319,90,7.4"
"Site 2894,97.040078,16.026434,Mingaladon,Mandalay,5,90,7.0"
"Site 2895,95.086864,21.311207,Botahtaung,Ayeyarwady,37,60,4.0"
"Site 2896,97.267884,15.563820,Yankin,Mandalay,0,120,4.9"
"Site 2897,98.759253,17.659967,Yankin,Mon,240,120,1.3"
"Site 2898,94.679651,15.099474,Dagon,Shan,132,180,3.0"
"Site 2899,94.832636,20.687004,Botahtaung,Naypyidaw,356,180,7.6"
"Site 2900,95.227682,17.183594,Seikkan,Mon,233,90,0.8"
"Site 2901,93.020106,19.453370,Hlaing,Naypyidaw,188,60,2.7"
"Site 2902,94.193704,21.483663,South Okkalapa,Ayeyarwady,306,120,2.3"
"Site 2903,93.880787,15.665848,North Okkalapa,Magway,21,45,4.1"
"Site 2904,94.937396,20.950832,Thingangyun,Mon,10,120,6.0"
"Site 2905,98.006362,15.232785,Kyauktada,Naypyidaw,29,65,5.0"
"Site 2906,98.041723,19.507997,Mingalar Taung Nyunt,Sagaing,65,45,5.7"
"Site 2907,94.194053,15.122821,Shwepyitha,Mon,107,65,7.9"
"Site 2908,95.717882,15.983230,Kyauktada,Mon,10,90,7.4"
"Site 2909,97.958252,20.583002,Mayangone,Magway,267,90,5.9"
"Site 2910,95.459767,15.688258,South Okkalapa,Magway,160,45,6.2"
"Site 2911,94.261215,15.716963,Mayangone,Shan,81,90,6.5"
"Site 2912,96.293192,18.340761,South Okkalapa,Naypyidaw,166,120,3.4"
"Site 2913,96.209390,15.049753,Insein,Shan,91,90,4.2"
"Site 2914,96.199523,18.538335,Thingangyun,Mon,28,180,0.7"
"Site 2915,96.030223,17.589630,Dagon,Yangon,134,65,3.6"
"Site 2916,96.981009,20.955958,Mingalar Taung Nyunt,Mandalay,204,65,6.1"
"Site 2917,93.486076,17.798029,South Okkalapa,Bago,136,65,3.8"
"Site 2918,98.779624,18.518269,Yankin,Shan,197,120,1.9"
"Site 2919,96.726603,16.642435,Kyauktada,Mon,175,65,6.5"
"Site 2920,98.277220,21.830566,Mayangone,Mon,253,120,3.2"
"Site 2921,97.671320,21.610556,Botahtaung,Ayeyarwady,163,45,5.0"
"Site 2922,95.191767,21.438629,Mayangone,Kayin,297,120,2.7"
"Site 2923,94.308460,16.629128,South Okkalapa,Magway,355,60,6.2"
"Site 2924,97.501828,16.877351,Hlaingthaya,Kayin,168,90,5.8"
"Site 2925,97.037953,16.771882,Dagon,Mandalay,118,65,7.2"
"Site 2926,97.844647,18.969874,Pazundaung,Bago,296,45,8.0"
"Site 2927,97.156109,19.800966,Mayangone,Sagaing,314,45,2.8"
"Site 2928,93.084460,16.894838,Shwepyitha,Sagaing,24,60,0.6"
"Site 2929,96.811581,18.003720,North Okkalapa,Yangon,102,180,3.0"
"Site 2930,95.014426,17.840745,Thingangyun,Mon,70,90,8.0"
"Site 2931,96.835810,19.474565,Mingalar Taung Nyunt,Shan,307,120,6.5"
"Site 2932,93.877234,17.017503,Hlaing,Mandalay,246,90,3.2"
"Site 2933,98.305517,16.232605,Hlaing,Yangon,111,90,6.3"
"Site 2934,98.905503,21.452422,Insein,Shan,305,180,0.8"
"Site 2935,97.525812,17.694048,Thingangyun,Bago,244,45,0.7"
"Site 2936,93.583520,20.151611,Hlaingthaya,Mon,330,65,6.8"
"Site 2937,96.397278,19.862503,Kyauktada,Ayeyarwady,237,60,5.7"
"Site 2938,94.840757,15.469970,South Okkalapa,Mandalay,61,120,4.6"
"Site 2939,96.997555,15.738013,Kamayut,Mon,176,65,2.5"
"Site 2940,95.975954,19.881550,Dagon,Kayin,190,60,7.0"
"Site 2941,97.316885,19.780133,Yankin,Ayeyarwady,127,45,2.2"
"Site 2942,98.005877,15.027517,Kyauktada,Kayin,322,65,3.5"
"Site 2943,95.837553,21.955183,Hlaing,Naypyidaw,161,60,0.8"
"Site 2944,94.325721,17.016966,Mingalar Taung Nyunt,Sagaing,300,65,7.1"
"Site 2945,95.093390,20.217156,Pazundaung,Sagaing,57,60,6.6"
"Site 2946,93.020315,19.248158,Dala,Mon,127,45,7.2"
"Site 2947,97.340535,15.808214,Dagon,Mon,92,90,1.8"
"Site 2948,95.078379,16.865310,Seikkan,Magway,31,90,7.7"
"Site 2949,96.157182,17.271798,Yankin,Sagaing,139,45,3.0"
"Site 2950,98.743029,15.885695,Hlaingthaya,Naypyidaw,307,65,6.6"
"Site 2951,93.458153,18.309736,Yankin,Sagaing,166,120,7.0"
"Site 2952,95.563948,18.119666,Kamayut,Bago,305,45,7.9"
"Site 2953,98.035915,19.680132,Hlaingthaya,Mon,315,90,1.7"
"Site 2954,96.899552,19.684406,Mayangone,Mandalay,343,120,1.2"
"Site 2955,98.225741,19.649415,Mingalar Taung Nyunt,Sagaing,27,45,2.2"
"Site 2956,94.228355,19.446022,Dala,Naypyidaw,90,60,2.3"
"Site 2957,96.789201,21.797532,South Okkalapa,Shan,57,90,2.3"
"Site 2958,93.422112,16.157102,Thingangyun,Magway,149,60,0.9"
"Site 2959,93.890080,19.682638,Mingaladon,Bago,37,45,5.5"
"Site 2960,97.456942,17.224308,Kyauktada,Bago,36,45,5.6"
"Site 2961,94.257028,18.213386,Mayangone,Sagaing,204,90,4.1"
"Site 2962,94.889140,20.230544,Pazundaung,Bago,350,65,6.3"
"Site 2963,95.191059,15.454099,Insein,Mon,293,60,4.2"
"Site 2964,93.096568,17.765725,Dagon,Bago,328,90,6.9"
"Site 2965,93.330783,21.610913,Thingangyun,Kayin,287,45,5.5"
"Site 2966,96.151947,15.396776,Hlaingthaya,Mon,152,45,5.9"
"Site 2967,96.715966,15.732946,Shwepyitha,Shan,142,90,1.9"
"Site 2968,98.015125,18.112870,Kyauktada,Naypyidaw,196,180,6.0"
"Site 2969,94.049440,16.722608,Kamayut,Magway,62,65,4.1"
"Site 2970,96.181131,20.518177,Botahtaung,Bago,34,120,3.0"
"Site 2971,95.467162,17.748097,Dala,Ayeyarwady,105,90,3.7"
"Site 2972,96.710929,19.572593,South Okkalapa,Yangon,155,45,3.9"
"Site 2973,93.570075,15.047728,Yankin,Sagaing,178,180,1.7"
"Site 2974,98.868003,17.789148,North Okkalapa,Kayin,46,60,0.6"
"Site 2975,98.422936,18.201297,Dagon,Bago,277,65,7.6"
"Site 2976,96.890386,15.546296,Dala,Magway,48,90,6.4"
"Site 2977,98.469068,16.555408,Thingangyun,Kayin,247,90,3.4"
"Site 2978,98.698222,17.602581,Dagon,Mon,64,180,7.7"
"Site 2979,94.211245,20.248719,Shwepyitha,Bago,21,90,0.6"
"Site 2980,95.975778,20.960503,Mingalar Taung Nyunt,Naypyidaw,338,120,3.1"
"Site 2981,96.447478,15.699855,Dala,Shan,82,60,2.6"
"Site 2982,97.605730,17.959893,Dala,Magway,236,90,2.7"
"Site 2983,93.568355,17.569672,Dagon,Mandalay,110,180,0.8"
"Site 2984,94.574186,17.130002,Hlaingthaya,Naypyidaw,180,180,4.0"
"Site 2985,98.780273,20.935034,Kyauktada,Mandalay,242,60,2.7"
"Site 2986,94.798292,19.361929,Hlaingthaya,Ayeyarwady,36,120,2.3"
"Site 2987,96.406472,21.014003,Hlaingthaya,Mandalay,332,90,1.1"
"Site 2988,96.617410,17.192804,South Okkalapa,Bago,257,65,3.6"
"Site 2989,97.192505,21.229862,South Okkalapa,Mandalay,355,120,6.7"
"Site 2990,97.446500,19.594200,Pazundaung,Mon,0,120,2.8"
"Site 2991,97.399187,16.624911,South Okkalapa,Mandalay,51,60,7.9"
"Site 2992,93.137523,18.314582,Hlaing,Shan,6,180,1.7"
"Site 2993,93.549116,21.827184,Mingaladon,Mon,151,45,6.5"
"Site 2994,95.250730,15.994855,Hlaingthaya,Naypyidaw,347,45,5.5"
"Site 2995,94.603914,20.955909,Kyauktada,Yangon,159,45,5.5"
"Site 2996,94.817624,20.773842,Dagon,Bago,269,120,2.6"
"Site 2997,94.895926,20.444658,Pazundaung,Mon,328,120,1.6"
"Site 2998,97.809583,21.562822,Mingaladon,Naypyidaw,26,60,7.1"
"Site 2999,97.108997,18.915912,Mingaladon,Mon,282,180,5.0"
"Site 3000,95.488465,20.394409,Hlaingthaya,Ayeyarwady,84,65,1.1"
"Site 3001,93.670731,15.788468,Mingaladon,Yangon,110,65,1.1"
"Site 3002,95.474800,19.354530,North Okkalapa,Ayeyarwady,216,45,6.9"
"Site 3003,94.949935,16.964736,Seikkan,Kayin,213,60,1.4"
"Site 3004,96.503521,19.611112,Botahtaung,Shan,344,180,0.8"
"Site 3005,96.141824,21.517537,Mingalar Taung Nyunt,Magway,65,60,3.0"
"Site 3006,97.615592,21.751545,Botahtaung,Shan,204,60,2.1"
"Site 3007,93.267100,17.824092,Yankin,Bago,213,60,4.1"
"Site 3008,96.892420,16.549377,Mayangone,Bago,56,45,4.0"
"Site 3009,97.451631,15.783380,Dala,Mandalay,142,90,4.0"
"Site 3010,93.973574,17.094982,Pazundaung,Sagaing,223,90,7.5"
"Site 3011,98.064146,17.542897,Kyauktada,Shan,201,90,4.8"
"Site 3012,95.379459,19.639489,Kyauktada,Shan,297,60,5.3"
"Site 3013,98.236915,21.526830,North Okkalapa,Mandalay,100,180,3.6"
"Site 3014,93.111438,17.516977,Shwepyitha,Yangon,187,65,1.4"
"Site 3015,96.892480,16.993829,Kamayut,Bago,189,45,4.6"
"Site 3016,94.192226,17.590794,Hlaing,Ayeyarwady,140,180,5.3"
"Site 3017,96.797913,21.636856,Shwepyitha,Magway,153,60,6.7"
"Site 3018,93.076956,15.576283,Thingangyun,Bago,85,180,7.9"
"Site 3019,95.194376,18.469846,South Okkalapa,Yangon,135,60,6.0"
"Site 3020,98.082620,17.338898,Pazundaung,Yangon,19,120,6.7"
"Site 3021,98.796013,15.315918,Kyauktada,Magway,143,90,2.8"
"Site 3022,95.524936,20.791741,Thingangyun,Mandalay,230,90,0.8"
"Site 3023,97.287195,20.080255,North Okkalapa,Sagaing,78,90,2.8"
"Site 3024,96.097875,20.098568,Yankin,Kayin,55,120,5.3"
"Site 3025,97.082915,21.954494,Mingalar Taung Nyunt,Kayin,316,45,1.7"
"Site 3026,97.486045,18.902722,Insein,Bago,26,120,4.9"
"Site 3027,97.660651,18.257531,Mingaladon,Yangon,13,180,4.6"
"Site 3028,94.719181,19.402389,Insein,Yangon,145,45,0.7"
"Site 3029,95.478197,17.301960,Dagon,Mon,48,180,5.7"
"Site 3030,94.988411,20.699257,Yankin,Sagaing,267,120,2.1"
"Site 3031,95.898461,15.981045,North Okkalapa,Mandalay,316,180,5.1"
"Site 3032,98.454174,15.529852,Insein,Yangon,276,120,4.5"
"Site 3033,95.474476,21.668649,Seikkan,Yangon,81,65,3.5"
"Site 3034,97.872596,19.505370,Kamayut,Magway,320,60,1.7"
"Site 3035,94.311233,18.545063,Seikkan,Mandalay,85,90,7.7"
"Site 3036,93.993002,17.651674,Hlaing,Shan,64,60,2.5"
"Site 3037,93.167945,21.865853,Seikkan,Naypyidaw,56,90,5.3"
"Site 3038,98.690084,15.722056,South Okkalapa,Mandalay,153,45,5.0"
"Site 3039,98.792974,18.920642,Shwepyitha,Shan,239,65,6.5"
"Site 3040,98.403449,20.187778,Yankin,Kayin,181,45,6.8"
"Site 3041,95.670390,20.542536,Botahtaung,Mandalay,267,120,3.4"
"Site 3042,95.295859,17.639403,South Okkalapa,Yangon,43,45,5.9"
"Site 3043,93.485541,20.447145,Kyauktada,Ayeyarwady,117,180,5.0"
"Site 3044,98.920072,20.906607,Dagon,Yangon,322,60,7.9"
"Site 3045,96.271317,18.717794,Mingaladon,Yangon,203,45,5.0"
"Site 3046,96.052069,18.025695,Insein,Shan,249,120,3.7"
"Site 3047,93.223341,20.422937,Shwepyitha,Mon,347,45,2.6"
"Site 3048,93.944430,15.813678,Seikkan,Ayeyarwady,3,120,2.7"
"Site 3049,97.713120,18.417598,Mingalar Taung Nyunt,Bago,121,120,6.4"
"Site 3050,93.881330,20.451828,Mingalar Taung Nyunt,Mon,270,60,5.6"
"Site 3051,97.458940,15.013207,South Okkalapa,Kayin,288,65,3.4"
"Site 3052,97.821732,15.625339,Mingaladon,Ayeyarwady,300,180,1.6"
"Site 3053,97.066487,15.104513,Dala,Naypyidaw,105,90,6.2"
"Site 3054,98.800625,21.518446,Mingalar Taung Nyunt,Sagaing,265,120,3.1"
"Site 3055,93.716953,17.037868,Hlaing,Yangon,246,180,7.8"
"Site 3056,95.821959,16.584614,Yankin,Bago,93,120,1.7"
"Site 3057,98.336815,18.159827,Kamayut,Mandalay,75,180,3.2"
"Site 3058,98.315187,21.360056,North Okkalapa,Mon,331,60,4.6"
"Site 3059,95.688689,17.832155,Shwepyitha,Bago,141,180,6.4"
"Site 3060,96.653843,15.800858,Mayangone,Mandalay,307,60,6.0"
"Site 3061,94.914995,18.614860,Kamayut,Shan,321,90,1.8"
"Site 3062,97.980092,15.752283,Dala,Kayin,272,120,5.4"
"Site 3063,95.012803,16.627907,Kamayut,Naypyidaw,163,45,3.9"
"Site 3064,93.454739,17.875401,Mayangone,Bago,105,65,1.0"
"Site 3065,94.664088,15.775883,Insein,Shan,195,120,6.3"
"Site 3066,95.599591,21.508776,Hlaing,Bago,185,120,6.3"
"Site 3067,96.852847,19.881588,Thingangyun,Yangon,14,180,4.5"
"Site 3068,96.722258,20.910424,Mingalar Taung Nyunt,Naypyidaw,52,120,6.8"
"Site 3069,95.124023,17.997253,Hlaingthaya,Mon,224,60,5.6"
"Site 3070,96.357065,21.084545,Dagon,Shan,346,45,1.0"
"Site 3071,96.518531,19.656627,Mingalar Taung Nyunt,Naypyidaw,89,45,0.9"
"Site 3072,94.378227,19.227462,Yankin,Bago,233,90,2.8"
"Site 3073,96.177691,20.834668,Yankin,Naypyidaw,157,45,4.7"
"Site 3074,94.361580,15.102545,North Okkalapa,Naypyidaw,343,180,3.1"
"Site 3075,97.627656,19.600816,Hlaing,Magway,353,45,5.0"
"Site 3076,98.373426,18.146889,Yankin,Mandalay,304,60,3.3"
"Site 3077,95.657818,17.619050,Insein,Bago,216,65,4.5"
"Site 3078,98.130511,16.347870,Shwepyitha,Mandalay,113,120,5.3"
"Site 3079,98.721210,19.098183,Botahtaung,Sagaing,180,120,4.3"
"Site 3080,93.852937,21.913685,Dala,Magway,83,60,7.6"
"Site 3081,97.483086,21.494399,Hlaingthaya,Naypyidaw,123,90,5.8"
"Site 3082,96.326141,19.172236,Hlaingthaya,Shan,298,90,6.1"
"Site 3083,98.512602,18.610800,Hlaing,Yangon,330,65,3.3"
"Site 3084,93.379408,21.891808,Kamayut,Bago,180,60,7.2"
"Site 3085,97.841839,20.009017,Botahtaung,Shan,81,65,4.7"
"Site 3086,98.527974,17.610072,Mayangone,Magway,196,90,2.6"
"Site 3087,98.946028,19.190224,South Okkalapa,Kayin,200,120,3.2"
"Site 3088,95.549638,21.225858,Pazundaung,Shan,221,60,2.2"
"Site 3089,93.323914,15.773677,Shwepyitha,Bago,27,90,5.3"
"Site 3090,94.025214,18.163628,North Okkalapa,Shan,310,120,3.8"
"Site 3091,96.231151,20.320215,Dagon,Mon,232,65,1.9"
"Site 3092,98.271709,19.304322,Hlaingthaya,Sagaing,170,60,5.4"
"Site 3093,95.139541,16.663055,Insein,Naypyidaw,100,45,3.2"
"Site 3094,95.221047,15.844370,Hlaingthaya,Naypyidaw,241,180,1.9"
"Site 3095,96.512586,15.207616,Seikkan,Kayin,196,45,6.9"
"Site 3096,94.833117,21.724451,Seikkan,Mon,242,180,6.0"
"Site 3097,95.969238,16.457504,Seikkan,Mon,99,60,5.0"
"Site 3098,93.470538,18.874047,Mayangone,Bago,244,45,0.9"
"Site 3099,95.300200,21.292990,Botahtaung,Ayeyarwady,261,120,7.6"
"Site 3100,97.186882,20.614891,Mayangone,Mandalay,332,45,6.1"
"Site 3101,97.738222,17.348774,North Okkalapa,Mon,241,45,0.9"
"Site 3102,97.995253,18.617168,Pazundaung,Mon,105,60,5.1"
"Site 3103,98.034427,15.931377,Mingaladon,Mandalay,123,120,3.6"
"Site 3104,98.196885,16.352078,Kamayut,Sagaing,49,180,1.4"
"Site 3105,93.359688,15.782495,Mayangone,Mandalay,218,120,1.6"
"Site 3106,98.412848,18.467170,Kyauktada,Mon,248,65,5.5"
"Site 3107,94.820318,19.140296,Thingangyun,Shan,106,60,3.3"
"Site 3108,97.150784,18.495873,South Okkalapa,Mandalay,108,45,3.2"
"Site 3109,93.978158,21.228848,Pazundaung,Naypyidaw,133,45,4.4"
"Site 3110,94.677036,21.881823,North Okkalapa,Yangon,78,45,3.8"
"Site 3111,97.657652,15.941127,Mingaladon,Ayeyarwady,89,65,6.9"
"Site 3112,94.443845,18.864081,South Okkalapa,Mon,189,180,3.0"
"Site 3113,96.451285,15.320595,North Okkalapa,Mon,271,65,4.6"
"Site 3114,96.845314,16.971890,Shwepyitha,Ayeyarwady,175,45,7.1"
"Site 3115,96.815244,15.030987,Thingangyun,Ayeyarwady,32,45,1.7"
"Site 3116,97.072009,17.678282,Mingaladon,Shan,283,90,5.5"
"Site 3117,98.371837,19.326860,South Okkalapa,Ayeyarwady,301,180,3.7"
"Site 3118,94.516678,20.662720,Thingangyun,Mandalay,142,180,0.8"
"Site 3119,98.608324,16.573751,Insein,Shan,108,180,4.6"
"Site 3120,95.245090,18.796799,Thingangyun,Sagaing,326,65,6.2"
"Site 3121,93.152455,16.138322,Dala,Yangon,258,120,7.4"
"Site 3122,97.784185,17.106811,Hlaingthaya,Mon,106,180,5.8"
"Site 3123,93.460680,15.190066,Pazundaung,Mandalay,114,45,7.7"
"Site 3124,95.040288,17.820787,Mayangone,Bago,352,60,4.6"
"Site 3125,94.117183,15.578025,Kyauktada,Ayeyarwady,50,60,4.8"
"Site 3126,97.271925,18.843078,Mingaladon,Ayeyarwady,58,90,7.9"
"Site 3127,93.772192,18.027014,Hlaing,Magway,37,45,2.5"
"Site 3128,96.143716,17.347984,Yankin,Sagaing,187,45,3.8"
"Site 3129,96.551889,17.548269,Yankin,Shan,250,45,0.6"
"Site 3130,95.835783,15.724887,Mayangone,Mandalay,154,120,4.2"
"Site 3131,97.485639,17.098245,Shwepyitha,Shan,21,65,2.8"
"Site 3132,93.515048,20.167358,Insein,Magway,94,65,7.8"
"Site 3133,94.529020,18.575945,Mingaladon,Sagaing,280,90,7.8"
"Site 3134,94.493700,15.640221,Shwepyitha,Mandalay,125,65,7.7"
"Site 3135,96.327067,21.445211,Dala,Shan,353,120,5.0"
"Site 3136,97.647167,19.292665,Dagon,Kayin,126,60,5.8"
"Site 3137,98.033172,16.280595,Insein,Shan,153,60,7.9"
"Site 3138,94.797207,18.989107,Dagon,Magway,93,180,6.5"
"Site 3139,95.160188,15.328559,Dala,Magway,111,60,3.7"
"Site 3140,94.389664,19.442313,Yankin,Shan,258,60,4.9"
"Site 3141,97.084741,15.572645,Dala,Shan,33,65,0.7"
"Site 3142,94.813849,15.895639,Botahtaung,Naypyidaw,115,180,3.3"
"Site 3143,98.513270,20.441088,Dagon,Mon,128,65,0.9"
"Site 3144,94.581098,20.530212,North Okkalapa,Mandalay,132,65,3.9"
"Site 3145,98.114386,15.738464,Mingalar Taung Nyunt,Mandalay,171,90,5.1"
"Site 3146,93.999359,15.834018,Seikkan,Shan,150,120,1.3"
"Site 3147,93.130898,20.203871,Dagon,Ayeyarwady,179,90,3.5"
"Site 3148,98.709262,21.097519,Kamayut,Shan,182,60,4.5"
"Site 3149,95.982198,20.882885,Kyauktada,Bago,130,180,7.7"
"Site 3150,98.825548,21.645968,Mayangone,Mon,217,120,0.9"
"Site 3151,95.766178,18.997415,Thingangyun,Sagaing,287,90,2.0"
"Site 3152,93.637840,20.524205,Shwepyitha,Ayeyarwady,169,90,3.1"
"Site 3153,96.283895,16.505693,North Okkalapa,Sagaing,82,90,7.6"
"Site 3154,95.817995,19.428719,South Okkalapa,Shan,34,180,5.7"
"Site 3155,96.569579,20.560467,Hlaingthaya,Shan,244,65,1.4"
"Site 3156,95.955959,20.874973,North Okkalapa,Kayin,190,60,2.1"
"Site 3157,96.052900,19.017677,Botahtaung,Mon,235,65,6.3"
"Site 3158,96.243213,21.983969,Mingaladon,Yangon,304,90,5.9"
"Site 3159,93.589531,21.953775,Shwepyitha,Yangon,344,120,1.8"
"Site 3160,94.871190,17.306666,South Okkalapa,Ayeyarwady,174,180,1.7"
"Site 3161,95.228712,16.157194,South Okkalapa,Shan,207,120,6.4"
"Site 3162,98.379534,15.369221,Yankin,Shan,53,60,4.0"
"Site 3163,94.441615,20.014029,Pazundaung,Sagaing,38,90,3.9"
"Site 3164,98.076439,15.077126,Seikkan,Kayin,314,60,4.8"
"Site 3165,94.618795,20.168496,Dagon,Sagaing,14,120,2.6"
"Site 3166,94.790372,17.604344,Dala,Naypyidaw,55,180,3.7"
"Site 3167,95.899080,20.300484,Shwepyitha,Bago,304,180,3.8"
"Site 3168,94.744913,18.302357,Mingaladon,Shan,194,45,3.2"
"Site 3169,95.301455,21.334142,Yankin,Bago,300,180,6.7"
"Site 3170,97.837353,20.690177,Thingangyun,Magway,227,45,2.4"
"Site 3171,94.841560,21.211726,Mingalar Taung Nyunt,Shan,109,65,7.1"
"Site 3172,95.274285,19.821792,Hlaing,Ayeyarwady,244,90,1.4"
"Site 3173,93.503076,19.717116,South Okkalapa,Naypyidaw,207,180,2.1"
"Site 3174,97.217478,17.507636,Dala,Mandalay,114,180,5.1"
"Site 3175,95.116586,15.890301,Kamayut,Mon,187,60,0.6"
"Site 3176,96.683543,18.390293,Kyauktada,Yangon,149,180,7.9"
"Site 3177,98.719550,18.012271,Insein,Ayeyarwady,284,180,4.5"
"Site 3178,94.913530,17.073881,Thingangyun,Mandalay,230,90,0.7"
"Site 3179,98.677908,17.482813,South Okkalapa,Mon,273,180,6.2"
"Site 3180,96.118996,15.031849,Dagon,Naypyidaw,223,180,6.7"
"Site 3181,98.903165,16.005858,Dala,Mandalay,211,120,2.9"
"Site 3182,97.627700,19.350922,Mingalar Taung Nyunt,Sagaing,294,60,6.1"
"Site 3183,94.986997,20.691703,Insein,Magway,61,65,2.6"
"Site 3184,98.549241,15.539660,Mayangone,Kayin,101,65,8.0"
"Site 3185,93.663073,16.624480,Hlaingthaya,Naypyidaw,244,60,6.0"
"Site 3186,98.102576,17.039976,Mingaladon,Naypyidaw,343,90,5.4"
"Site 3187,98.304221,16.403160,Botahtaung,Bago,118,180,4.9"
"Site 3188,95.513279,16.349261,Kamayut,Shan,233,65,4.1"
"Site 3189,94.831968,16.076875,Dala,Shan,202,180,6.6"
"Site 3190,93.669685,17.794661,Insein,Shan,95,180,1.4"
"Site 3191,94.785706,20.284107,Mingaladon,Magway,93,90,1.4"
"Site 3192,95.107951,18.305098,North Okkalapa,Naypyidaw,213,180,4.3"
"Site 3193,94.904351,19.738719,Mingalar Taung Nyunt,Mandalay,217,120,0.9"
"Site 3194,97.994396,18.552538,Thingangyun,Kayin,4,45,6.6"
"Site 3195,93.821502,21.694015,Dagon,Naypyidaw,317,60,2.6"
"Site 3196,98.503350,15.511552,Pazundaung,Mon,348,90,0.8"
"Site 3197,94.289638,18.064116,Dala,Naypyidaw,353,120,3.1"
"Site 3198,98.176050,21.117160,Mayangone,Kayin,163,90,1.8"
"Site 3199,95.728401,16.772116,Seikkan,Mandalay,230,60,7.2"
"Site 3200,94.066387,19.820748,Thingangyun,Magway,38,65,2.3"
"Site 3201,96.120864,17.074079,Kyauktada,Bago,48,120,3.1"
"Site 3202,94.711018,15.159162,Mingalar Taung Nyunt,Ayeyarwady,353,60,4.1"
"Site 3203,95.201156,16.963727,Seikkan,Mandalay,294,45,3.2"
"Site 3204,98.735643,19.475867,Pazundaung,Naypyidaw,30,180,6.7"
"Site 3205,95.599913,15.218842,Hlaing,Mon,233,65,7.7"
"Site 3206,94.909314,21.395958,Shwepyitha,Kayin,80,65,3.9"
"Site 3207,97.368855,17.822314,Shwepyitha,Shan,132,90,5.7"
"Site 3208,95.142651,17.718969,Yankin,Ayeyarwady,298,65,2.3"
"Site 3209,95.083671,15.417560,Pazundaung,Naypyidaw,282,180,1.8"
"Site 3210,93.343398,15.816497,Mingalar Taung Nyunt,Bago,287,45,3.6"
"Site 3211,97.361754,21.043919,Thingangyun,Bago,224,120,5.4"
"Site 3212,93.518003,20.419463,Kyauktada,Shan,285,90,1.0"
"Site 3213,95.929684,18.117326,Hlaing,Kayin,324,60,7.6"
"Site 3214,97.501585,18.098987,Kyauktada,Yangon,258,120,6.2"
"Site 3215,93.879828,16.775160,Hlaingthaya,Yangon,287,180,0.6"
"Site 3216,98.716036,16.499712,Kyauktada,Sagaing,25,45,7.5"
"Site 3217,96.112711,18.837354,North Okkalapa,Mandalay,37,60,6.0"
"Site 3218,97.374555,21.198662,Kyauktada,Ayeyarwady,321,180,3.1"
"Site 3219,97.336421,18.221082,Hlaingthaya,Yangon,237,65,1.4"
"Site 3220,96.877640,20.368309,Mayangone,Mandalay,77,45,6.0"
"Site 3221,93.467419,17.846999,South Okkalapa,Mandalay,235,180,5.6"
"Site 3222,94.865034,21.831441,Botahtaung,Mon,153,45,4.9"
"Site 3223,94.937545,20.655758,Seikkan,Ayeyarwady,334,60,5.4"
"Site 3224,94.650967,21.708485,Insein,Naypyidaw,195,65,4.4"
"Site 3225,97.111236,21.578235,Thingangyun,Magway,114,180,2.8"
"Site 3226,93.179048,17.279002,Seikkan,Mandalay,129,60,0.8"
"Site 3227,98.886369,16.710548,Insein,Magway,214,45,5.0"
"Site 3228,97.570970,17.818869,Mingalar Taung Nyunt,Magway,110,60,6.9"
"Site 3229,94.461712,19.151999,Kamayut,Shan,200,65,6.6"
"Site 3230,98.247344,15.920553,Insein,Naypyidaw,47,90,5.0"
"Site 3231,98.202955,20.059211,Dagon,Magway,212,45,7.6"
"Site 3232,93.719414,19.792710,Dagon,Naypyidaw,13,60,2.1"
"Site 3233,94.299263,21.180932,Botahtaung,Magway,101,90,0.6"
"Site 3234,95.074378,17.382828,Shwepyitha,Magway,242,65,5.6"
"Site 3235,95.992807,16.994489,Mingalar Taung Nyunt,Bago,139,120,0.9"
"Site 3236,96.206010,17.080681,Kyauktada,Mon,91,180,2.5"
"Site 3237,94.219967,20.514538,Mingalar Taung Nyunt,Ayeyarwady,105,120,4.0"
"Site 3238,96.070717,21.413707,Hlaingthaya,Kayin,343,60,6.9"
"Site 3239,93.358822,18.753492,Pazundaung,Magway,195,60,2.3"
"Site 3240,96.530703,17.631398,Dagon,Mandalay,154,65,3.0"
"Site 3241,96.228243,17.587033,Pazundaung,Yangon,227,60,3.0"
"Site 3242,95.253905,17.883700,North Okkalapa,Shan,324,65,2.7"
"Site 3243,96.742077,15.979463,Hlaing,Mon,94,65,1.3"
"Site 3244,98.634450,15.843669,Mingalar Taung Nyunt,Sagaing,154,90,7.5"
"Site 3245,98.796680,21.841871,Kamayut,Mon,31,120,6.2"
"Site 3246,95.555730,20.238962,Thingangyun,Shan,263,65,1.5"
"Site 3247,96.816830,21.639327,Insein,Mandalay,16,120,3.6"
"Site 3248,97.894367,18.356019,North Okkalapa,Ayeyarwady,303,90,6.5"
"Site 3249,93.903600,19.170440,Thingangyun,Sagaing,166,65,2.8"
"Site 3250,93.342780,21.882042,Mingalar Taung Nyunt,Yangon,138,120,2.3"
"Site 3251,98.315401,21.173657,Insein,Bago,192,120,5.7"
"Site 3252,96.899195,16.022961,Kamayut,Mandalay,26,180,0.7"
"Site 3253,93.591035,19.608497,Kyauktada,Shan,300,90,1.2"
"Site 3254,98.436336,15.609327,Mingalar Taung Nyunt,Mandalay,99,65,4.2"
"Site 3255,95.387039,16.060710,Mingaladon,Magway,219,60,2.8"
"Site 3256,93.497363,15.494220,Dagon,Ayeyarwady,341,65,6.8"
"Site 3257,98.982518,16.817356,Mingalar Taung Nyunt,Yangon,40,120,3.6"
"Site 3258,95.422756,21.135115,Kamayut,Yangon,96,60,4.8"
"Site 3259,94.719015,18.259357,Thingangyun,Sagaing,132,180,5.6"
"Site 3260,95.737576,15.302890,Hlaingthaya,Magway,211,60,6.8"
"Site 3261,94.547395,19.998074,Dala,Sagaing,170,90,2.6"
"Site 3262,94.646231,15.517922,Hlaing,Naypyidaw,89,60,5.8"
"Site 3263,94.499832,18.559293,Insein,Mandalay,13,180,1.0"
"Site 3264,97.171894,21.788628,Insein,Shan,101,65,2.1"
"Site 3265,93.077390,19.399195,Botahtaung,Mon,283,90,3.1"
"Site 3266,94.790411,21.271437,Thingangyun,Mon,219,45,0.8"
"Site 3267,93.383535,17.378711,Mingaladon,Bago,339,180,5.4"
"Site 3268,98.503537,19.101210,Hlaing,Naypyidaw,199,180,7.6"
"Site 3269,96.764643,21.912043,Mayangone,Magway,4,120,7.5"
"Site 3270,94.540655,21.954678,Botahtaung,Naypyidaw,306,65,7.5"
"Site 3271,93.295315,15.977359,Hlaing,Mon,299,60,5.4"
"Site 3272,93.144957,17.051399,Kyauktada,Magway,238,60,3.9"
"Site 3273,94.800478,20.914421,Hlaingthaya,Kayin,56,180,6.2"
"Site 3274,93.223176,17.490953,Thingangyun,Naypyidaw,287,65,7.6"
"Site 3275,97.449589,16.150353,Thingangyun,Kayin,41,90,7.4"
"Site 3276,98.319311,15.894875,Kamayut,Mandalay,113,90,0.5"
"Site 3277,97.047760,19.732450,Thingangyun,Naypyidaw,8,45,6.2"
"Site 3278,97.577158,18.748522,Botahtaung,Magway,193,45,5.6"
"Site 3279,98.805993,18.456588,Botahtaung,Bago,323,90,5.4"
"Site 3280,97.583699,20.479410,Shwepyitha,Kayin,218,90,2.3"
"Site 3281,97.295600,18.586134,Mingaladon,Yangon,229,180,0.6"
"Site 3282,95.434280,15.190438,Mingaladon,Ayeyarwady,84,65,3.8"
"Site 3283,94.505761,18.908257,South Okkalapa,Magway,24,65,3.2"
"Site 3284,98.946367,21.357590,Yankin,Yangon,209,120,0.9"
"Site 3285,95.677024,21.270916,Kyauktada,Mon,175,180,7.2"
"Site 3286,95.892769,17.802118,Mingaladon,Naypyidaw,188,45,0.7"
"Site 3287,95.757878,16.858523,Kyauktada,Mon,348,120,7.8"
"Site 3288,95.847544,20.764447,Insein,Magway,243,120,7.7"
"Site 3289,96.064245,17.229053,Mayangone,Shan,334,45,5.6"
"Site 3290,96.245339,18.478888,Mingaladon,Sagaing,298,120,2.3"
"Site 3291,97.842821,18.674363,Dala,Mon,313,90,6.6"
"Site 3292,97.435804,17.010039,Dala,Sagaing,58,45,7.5"
"Site 3293,97.646326,16.533931,Mayangone,Bago,344,60,2.0"
"Site 3294,97.848934,19.713026,Insein,Magway,295,65,5.9"
"Site 3295,98.667275,16.973155,Kamayut,Mandalay,109,90,0.8"
"Site 3296,95.319065,18.454363,Hlaingthaya,Naypyidaw,256,60,7.6"
"Site 3297,94.101248,18.539867,North Okkalapa,Kayin,290,120,6.7"
"Site 3298,98.541130,21.716477,Mayangone,Shan,236,90,5.2"
"Site 3299,98.403428,21.136100,Mingalar Taung Nyunt,Kayin,19,120,2.6"
"Site 3300,96.532092,19.718111,Insein,Mon,264,120,1.9"
"Site 3301,98.462809,21.590141,Hlaingthaya,Mon,78,90,4.3"
"Site 3302,98.498460,20.998295,Botahtaung,Mon,335,45,3.4"
"Site 3303,93.848676,20.833725,Dagon,Mandalay,213,45,5.3"
"Site 3304,98.403266,21.651036,Dala,Ayeyarwady,196,180,6.1"
"Site 3305,94.397198,15.299962,Shwepyitha,Bago,334,180,4.1"
"Site 3306,94.586824,17.292310,Pazundaung,Mandalay,34,180,2.9"
"Site 3307,98.639376,20.040520,Shwepyitha,Ayeyarwady,21,90,6.2"
"Site 3308,95.379052,18.671505,Botahtaung,Yangon,171,120,3.7"
"Site 3309,93.062426,19.676820,Mingalar Taung Nyunt,Mandalay,274,180,4.1"
"Site 3310,97.091411,19.801169,Kamayut,Ayeyarwady,261,45,4.4"
"Site 3311,98.892123,18.158787,Dagon,Naypyidaw,137,180,6.7"
"Site 3312,95.378602,17.095224,Botahtaung,Magway,319,90,3.9"
"Site 3313,98.454040,18.927727,Mingaladon,Ayeyarwady,214,180,3.9"
"Site 3314,96.569066,21.297776,Seikkan,Naypyidaw,141,90,3.0"
"Site 3315,95.601937,17.541789,Insein,Shan,349,45,4.2"
"Site 3316,93.874519,20.007222,Yankin,Sagaing,12,60,2.5"
"Site 3317,96.307477,20.930333,Mingaladon,Naypyidaw,285,90,5.8"
"Site 3318,97.455660,17.400499,Dala,Shan,50,45,1.3"
"Site 3319,94.419473,21.122038,Hlaingthaya,Shan,356,45,4.5"
"Site 3320,97.796720,19.977031,Botahtaung,Yangon,14,45,1.8"
"Site 3321,96.283321,16.567290,Hlaingthaya,Mandalay,207,120,7.6"
"Site 3322,98.719457,20.304792,Hlaingthaya,Magway,208,90,5.7"
"Site 3323,96.492731,20.361810,Seikkan,Kayin,107,120,4.0"
"Site 3324,95.796491,19.728427,Seikkan,Naypyidaw,352,65,5.6"
"Site 3325,96.259399,18.108849,Mingalar Taung Nyunt,Ayeyarwady,43,60,3.4"
"Site 3326,96.406596,20.639565,Kamayut,Sagaing,134,60,5.7"
"Site 3327,98.980700,16.822011,Mingaladon,Kayin,294,65,5.6"
"Site 3328,93.138373,16.813026,Mingaladon,Naypyidaw,139,60,6.2"
"Site 3329,95.468985,16.388421,Mingaladon,Shan,45,120,2.1"
"Site 3330,93.582740,19.850912,Seikkan,Shan,297,60,1.3"
"Site 3331,98.626737,18.581329,Dagon,Sagaing,299,45,6.1"
"Site 3332,97.759899,16.126863,Mayangone,Yangon,119,120,5.5"
"Site 3333,94.620729,18.200610,Hlaingthaya,Naypyidaw,166,120,6.7"
"Site 3334,94.966271,17.527405,Shwepyitha,Naypyidaw,313,65,3.9"
"Site 3335,96.458374,20.418203,Dala,Bago,16,65,6.5"
"Site 3336,93.750316,18.884977,Dala,Shan,282,120,5.7"
"Site 3337,96.631372,16.036853,Hlaingthaya,Bago,327,90,7.4"
"Site 3338,97.464861,15.273207,Thingangyun,Sagaing,299,65,1.1"
"Site 3339,96.045109,16.739872,Dagon,Sagaing,42,120,5.4"
"Site 3340,98.783689,16.314647,Dala,Kayin,247,90,2.1"
"Site 3341,93.182446,20.779968,Yankin,Mandalay,139,60,3.4"
"Site 3342,96.937534,16.637616,Pazundaung,Magway,258,60,2.2"
"Site 3343,98.729058,20.041084,Seikkan,Sagaing,240,90,4.6"
"Site 3344,97.943546,17.950626,Dala,Naypyidaw,255,45,2.4"
"Site 3345,93.975614,19.058108,Botahtaung,Bago,264,90,7.3"
"Site 3346,94.529428,21.812191,Hlaingthaya,Kayin,155,180,2.5"
"Site 3347,97.789764,20.728357,Kamayut,Magway,151,90,7.2"
"Site 3348,96.768013,16.290482,Shwepyitha,Mandalay,72,120,7.9"
"Site 3349,97.079107,19.182677,Insein,Sagaing,15,65,3.4"
"Site 3350,97.731115,20.141683,Dagon,Mandalay,303,65,2.3"
"Site 3351,95.023313,20.839909,Hlaing,Sagaing,352,45,5.3"
"Site 3352,98.921363,16.387161,Mingaladon,Magway,19,180,1.1"
"Site 3353,95.959812,19.311669,Insein,Shan,184,120,4.1"
"Site 3354,97.280287,15.494908,Pazundaung,Sagaing,235,65,5.8"
"Site 3355,95.712385,20.778702,Mingaladon,Mandalay,68,45,3.2"
"Site 3356,94.642197,20.574929,Mayangone,Mandalay,49,65,5.9"
"Site 3357,98.695040,21.898434,Mingaladon,Naypyidaw,92,120,6.5"
"Site 3358,95.962255,20.890198,Yankin,Mon,189,45,5.0"
"Site 3359,94.621248,18.603544,Dagon,Yangon,296,120,6.7"
"Site 3360,97.349237,21.663673,Mayangone,Mon,232,180,6.8"
"Site 3361,95.379868,17.132258,South Okkalapa,Magway,230,45,2.3"
"Site 3362,98.856681,16.274226,Insein,Naypyidaw,46,45,0.9"
"Site 3363,96.407727,20.371271,Mingaladon,Yangon,93,180,6.5"
"Site 3364,95.947636,20.734510,Dagon,Magway,14,120,3.1"
"Site 3365,98.656669,15.495463,Dala,Naypyidaw,329,120,4.5"
"Site 3366,98.947540,21.181447,Mingalar Taung Nyunt,Magway,256,90,3.0"
"Site 3367,96.207952,18.107702,Yankin,Shan,59,90,2.3"
"Site 3368,95.987768,18.426341,Hlaingthaya,Bago,147,60,6.4"
"Site 3369,96.366656,21.078213,Insein,Mon,113,180,7.1"
"Site 3370,93.783088,17.109255,Kyauktada,Sagaing,315,180,4.9"
"Site 3371,98.891995,17.120914,Mingalar Taung Nyunt,Bago,116,180,2.6"
"Site 3372,93.147246,18.042640,Dala,Naypyidaw,351,120,2.6"
"Site 3373,95.149434,20.147078,Thingangyun,Mandalay,230,60,3.8"
"Site 3374,97.119709,16.068510,Insein,Kayin,111,120,2.5"
"Site 3375,96.954911,17.588763,Dala,Mon,11,65,3.8"
"Site 3376,97.482355,16.686558,Dagon,Kayin,158,90,7.4"
"Site 3377,93.585671,18.192108,Seikkan,Magway,237,120,4.3"
"Site 3378,98.464330,18.063915,South Okkalapa,Shan,16,60,6.7"
"Site 3379,95.655202,17.668016,Dagon,Ayeyarwady,287,90,4.9"
"Site 3380,96.984908,16.189467,Mingaladon,Magway,205,90,1.3"
"Site 3381,96.995382,16.269488,Dala,Shan,127,120,2.4"
"Site 3382,94.836681,15.198263,Mayangone,Kayin,3,180,5.2"
"Site 3383,98.301832,20.684566,Insein,Mandalay,43,180,4.9"
"Site 3384,98.446348,18.142585,North Okkalapa,Naypyidaw,133,90,4.8"
"Site 3385,96.440489,16.207352,Mingaladon,Kayin,142,120,4.0"
"Site 3386,94.931362,16.938371,Shwepyitha,Bago,91,60,5.7"
"Site 3387,94.494559,16.230810,Kamayut,Yangon,142,120,1.0"
"Site 3388,93.166696,19.858571,Botahtaung,Mandalay,234,180,6.5"
"Site 3389,93.633778,15.318601,Hlaingthaya,Shan,63,65,5.2"
"Site 3390,93.702645,20.210752,Hlaing,Naypyidaw,342,65,3.9"
"Site 3391,96.584018,18.950876,Mayangone,Sagaing,343,180,5.7"
"Site 3392,94.011022,19.505551,Seikkan,Kayin,101,60,4.1"
"Site 3393,93.982126,21.091404,Botahtaung,Naypyidaw,190,60,3.5"
"Site 3394,97.659640,15.362302,North Okkalapa,Bago,333,90,2.5"
"Site 3395,98.020625,15.460590,Dagon,Kayin,270,180,1.9"
"Site 3396,96.167468,16.684622,South Okkalapa,Yangon,117,90,4.1"
"Site 3397,97.464630,21.317429,Hlaing,Magway,254,60,0.9"
"Site 3398,94.315044,15.227152,Shwepyitha,Shan,246,180,0.7"
"Site 3399,97.122009,21.528443,Botahtaung,Yangon,128,90,5.6"
"Site 3400,98.103098,18.412508,Kyauktada,Bago,73,120,1.1"
"Site 3401,97.971623,21.546147,Seikkan,Naypyidaw,324,60,3.1"
"Site 3402,96.832320,21.316781,South Okkalapa,Ayeyarwady,2,45,7.3"
"Site 3403,96.818807,19.953199,Hlaingthaya,Sagaing,82,180,2.8"
"Site 3404,96.499718,21.756048,Dala,Bago,185,65,4.1"
"Site 3405,95.396207,16.767043,Yankin,Kayin,147,90,1.6"
"Site 3406,97.458773,20.864781,Hlaing,Yangon,53,120,4.9"
"Site 3407,97.000915,17.756436,Seikkan,Mon,169,60,7.0"
"Site 3408,96.917729,21.343595,Kamayut,Yangon,169,65,2.9"
"Site 3409,94.736546,20.885117,Hlaingthaya,Mon,97,65,5.2"
"Site 3410,93.718020,20.150543,Dala,Kayin,242,120,0.9"
"Site 3411,97.700653,18.987044,Dala,Mandalay,23,45,6.1"
"Site 3412,95.604265,20.195445,Insein,Mon,288,120,2.5"
"Site 3413,94.986970,18.187309,Shwepyitha,Kayin,354,180,4.0"
"Site 3414,98.909381,16.720059,Kamayut,Magway,193,45,1.4"
"Site 3415,95.652608,17.347266,North Okkalapa,Yangon,118,60,2.8"
"Site 3416,93.675133,20.854060,South Okkalapa,Mon,7,45,2.4"
"Site 3417,96.227029,20.586024,Kamayut,Naypyidaw,280,120,1.3"
"Site 3418,98.332624,21.662180,Thingangyun,Kayin,267,60,2.1"
"Site 3419,96.271466,21.970371,Kyauktada,Naypyidaw,123,60,7.7"
"Site 3420,94.409352,17.796535,Thingangyun,Magway,245,90,3.1"
"Site 3421,95.315759,16.125535,Mingaladon,Ayeyarwady,12,120,3.2"
"Site 3422,97.970258,18.558409,South Okkalapa,Bago,217,65,3.2"
"Site 3423,94.661767,21.955927,Seikkan,Yangon,118,45,1.3"
"Site 3424,93.558420,19.711529,Pazundaung,Shan,202,180,1.7"
"Site 3425,94.673288,17.195041,Kyauktada,Yangon,237,180,1.8"
"Site 3426,93.947828,16.107455,Dala,Kayin,295,60,1.9"
"Site 3427,94.388964,21.247416,Mingaladon,Ayeyarwady,236,60,3.6"
"Site 3428,95.835118,19.077600,Yankin,Bago,258,180,6.0"
"Site 3429,98.327528,19.137762,Mingalar Taung Nyunt,Naypyidaw,55,120,2.5"
"Site 3430,94.639607,17.831650,Insein,Mandalay,291,65,6.7"
"Site 3431,94.166478,16.371121,Seikkan,Mandalay,65,90,6.7"
"Site 3432,95.934480,19.339824,Pazundaung,Ayeyarwady,256,45,6.7"
"Site 3433,98.630813,16.900578,Hlaingthaya,Mon,304,120,1.7"
"Site 3434,97.051714,15.291811,Botahtaung,Yangon,341,120,4.1"
"Site 3435,96.457278,18.633882,Botahtaung,Kayin,227,65,6.9"
"Site 3436,98.968828,20.003726,Mayangone,Magway,244,90,7.1"
"Site 3437,98.903108,21.250042,North Okkalapa,Naypyidaw,141,90,1.5"
"Site 3438,98.078753,17.439229,Hlaing,Magway,30,65,4.9"
"Site 3439,95.248537,17.550493,Shwepyitha,Ayeyarwady,254,120,5.5"
"Site 3440,97.183275,18.067127,Hlaing,Sagaing,101,60,4.2"
"Site 3441,96.210339,15.123729,Mingaladon,Sagaing,343,180,3.6"
"Site 3442,95.487135,20.053197,South Okkalapa,Shan,46,180,2.6"
"Site 3443,98.318198,18.764984,Mingaladon,Mon,12,65,6.5"
"Site 3444,94.167929,16.772886,Seikkan,Magway,308,65,6.4"
"Site 3445,94.600381,16.265451,Hlaing,Yangon,119,120,4.1"
"Site 3446,97.766250,19.888244,North Okkalapa,Kayin,13,120,2.2"
"Site 3447,95.498904,16.916950,North Okkalapa,Bago,4,45,0.6"
"Site 3448,93.406811,16.974066,Mingaladon,Ayeyarwady,337,90,4.5"
"Site 3449,96.319411,17.668650,Yankin,Mon,23,60,6.7"
"Site 3450,97.443723,21.249081,Botahtaung,Mon,67,90,5.1"
"Site 3451,94.055161,16.481801,North Okkalapa,Sagaing,76,65,3.1"
"Site 3452,93.843169,15.851610,North Okkalapa,Ayeyarwady,263,60,2.0"
"Site 3453,95.148027,20.527438,North Okkalapa,Naypyidaw,153,90,6.7"
"Site 3454,98.740674,15.948667,Dala,Yangon,241,60,2.6"
"Site 3455,94.952259,20.846532,Seikkan,Sagaing,103,90,1.1"
"Site 3456,94.106787,20.304142,Kamayut,Mon,23,65,6.6"
"Site 3457,93.944892,16.206655,North Okkalapa,Sagaing,258,60,4.7"
"Site 3458,95.898914,18.736739,Dala,Naypyidaw,207,180,0.8"
"Site 3459,93.291475,20.771994,Yankin,Yangon,177,90,4.9"
"Site 3460,94.954183,20.837446,Botahtaung,Mon,70,45,1.4"
"Site 3461,94.512358,20.078733,Thingangyun,Kayin,176,90,3.6"
"Site 3462,95.810717,19.575264,South Okkalapa,Magway,217,180,7.4"
"Site 3463,93.155797,18.008137,North Okkalapa,Magway,319,65,4.8"
"Site 3464,98.957030,21.328103,Botahtaung,Magway,225,60,1.1"
"Site 3465,98.184989,18.444264,Kyauktada,Ayeyarwady,266,45,7.5"
"Site 3466,93.583938,18.864522,Shwepyitha,Bago,322,180,3.5"
"Site 3467,94.814139,19.568906,Pazundaung,Sagaing,9,120,4.1"
"Site 3468,93.903116,15.257634,Botahtaung,Shan,6,60,2.7"
"Site 3469,97.997679,20.056729,Seikkan,Ayeyarwady,319,60,6.0"
"Site 3470,94.470542,18.191238,Mingaladon,Mon,193,180,4.7"
"Site 3471,98.206097,17.027931,Thingangyun,Naypyidaw,216,120,3.7"
"Site 3472,95.674723,15.871464,Botahtaung,Ayeyarwady,166,60,0.6"
"Site 3473,98.547863,18.796793,Thingangyun,Mandalay,34,120,7.8"
"Site 3474,96.823249,21.420903,Yankin,Sagaing,279,90,4.1"
"Site 3475,94.856783,19.390013,Seikkan,Yangon,292,120,0.6"
"Site 3476,97.055892,17.504148,Shwepyitha,Mon,3,180,2.6"
"Site 3477,97.359969,19.328003,Mayangone,Yangon,78,120,5.8"
"Site 3478,95.160786,21.184692,Botahtaung,Naypyidaw,341,45,1.9"
"Site 3479,97.618090,18.413218,Hlaingthaya,Ayeyarwady,212,90,1.1"
"Site 3480,97.244232,19.718244,Botahtaung,Yangon,117,180,0.7"
"Site 3481,97.004871,19.962000,Mingalar Taung Nyunt,Bago,97,90,0.5"
"Site 3482,93.083555,18.922108,Kyauktada,Kayin,82,180,2.5"
"Site 3483,94.781719,16.801167,Mayangone,Bago,159,90,3.4"
"Site 3484,98.649523,18.536643,Yankin,Yangon,18,90,7.3"
"Site 3485,94.211097,17.971495,South Okkalapa,Sagaing,223,180,3.2"
"Site 3486,95.163527,19.743699,Mingalar Taung Nyunt,Yangon,246,45,7.2"
"Site 3487,95.683182,16.956857,Thingangyun,Mon,304,180,3.6"
"Site 3488,94.764953,18.780914,Dala,Bago,340,180,4.6"
"Site 3489,94.260831,15.335717,Seikkan,Shan,53,45,0.7"
"Site 3490,97.513240,15.653276,Mingalar Taung Nyunt,Shan,16,65,6.3"
"Site 3491,96.473107,15.612992,Dala,Mandalay,138,120,5.1"
"Site 3492,98.425617,17.388627,North Okkalapa,Sagaing,355,90,2.5"
"Site 3493,93.441533,15.998658,Insein,Bago,51,45,3.6"
"Site 3494,95.910819,18.466044,Dagon,Bago,270,120,6.8"
"Site 3495,95.945139,17.406378,Mingalar Taung Nyunt,Bago,25,120,6.9"
"Site 3496,93.268103,18.800828,Mingalar Taung Nyunt,Mandalay,182,65,5.0"
"Site 3497,95.424480,18.299415,Dala,Sagaing,33,45,6.8"
"Site 3498,98.859723,20.914455,Hlaing,Yangon,91,65,5.5"
"Site 3499,95.169042,16.836492,South Okkalapa,Ayeyarwady,251,120,6.1"
"Site 3500,96.680615,16.728410,Insein,Shan,58,120,4.7"
"Site 3501,95.650074,16.331563,Hlaing,Kayin,80,65,2.7"
"Site 3502,96.024252,18.281353,Botahtaung,Sagaing,17,45,1.2"
"Site 3503,98.676505,17.537058,Dala,Shan,198,90,7.0"
"Site 3504,96.685953,17.983723,Pazundaung,Mandalay,53,120,3.1"
"Site 3505,97.976754,17.597746,Dala,Kayin,338,60,3.2"
"Site 3506,96.647820,21.357154,Hlaingthaya,Kayin,82,60,1.4"
"Site 3507,96.369255,21.478054,Mayangone,Mon,336,90,1.3"
"Site 3508,96.523732,21.759842,Thingangyun,Magway,277,120,1.9"
"Site 3509,95.111805,17.560255,Thingangyun,Shan,77,65,5.2"
"Site 3510,98.326557,19.030821,Insein,Bago,189,45,1.4"
"Site 3511,96.563168,17.085142,North Okkalapa,Shan,79,90,0.8"
"Site 3512,97.370166,20.995832,Hlaingthaya,Bago,32,60,6.4"
"Site 3513,95.581333,19.046739,Botahtaung,Mandalay,134,65,3.8"
"Site 3514,97.907060,17.615465,Hlaing,Ayeyarwady,193,180,3.4"
"Site 3515,97.885430,16.873216,Insein,Bago,351,90,5.8"
"Site 3516,94.425984,19.790127,Botahtaung,Sagaing,305,180,6.1"
"Site 3517,94.006656,15.707973,Shwepyitha,Yangon,349,65,4.0"
"Site 3518,95.429557,19.880380,Mingalar Taung Nyunt,Mandalay,202,90,2.6"
"Site 3519,96.127501,17.057973,Dagon,Ayeyarwady,299,120,1.4"
"Site 3520,94.281718,19.454271,Hlaingthaya,Bago,348,60,6.9"
"Site 3521,97.911454,19.681229,Shwepyitha,Yangon,96,90,2.1"
"Site 3522,93.941748,21.851646,Hlaing,Ayeyarwady,81,90,7.4"
"Site 3523,97.174712,21.858120,Yankin,Shan,51,60,4.1"
"Site 3524,95.229298,21.453729,Dala,Sagaing,143,90,2.0"
"Site 3525,98.132961,15.390181,Shwepyitha,Yangon,170,180,7.5"
"Site 3526,98.575827,19.449937,Mingaladon,Magway,281,180,2.1"
"Site 3527,93.954044,19.910343,Botahtaung,Shan,174,90,6.2"
"Site 3528,97.248981,21.202936,Pazundaung,Mandalay,238,65,0.5"
"Site 3529,94.936028,15.807502,Hlaing,Mandalay,215,60,5.0"
"Site 3530,94.681610,20.979334,Mingalar Taung Nyunt,Magway,318,90,7.4"
"Site 3531,96.904581,21.772474,Yankin,Kayin,7,60,6.7"
"Site 3532,97.687984,20.617084,South Okkalapa,Naypyidaw,282,120,6.0"
"Site 3533,98.608950,15.746900,Pazundaung,Mon,249,45,5.3"
"Site 3534,97.118248,16.863495,Mingalar Taung Nyunt,Mandalay,90,60,0.7"
"Site 3535,97.454220,17.810036,Dala,Yangon,309,90,4.0"
"Site 3536,93.510752,20.998284,Shwepyitha,Mandalay,224,65,0.7"
"Site 3537,98.694044,15.801612,Dagon,Magway,316,90,5.7"
"Site 3538,97.097042,21.703650,North Okkalapa,Yangon,74,90,2.1"
"Site 3539,98.349453,16.753222,Dagon,Kayin,109,65,0.5"
"Site 3540,94.771322,15.063902,Kamayut,Naypyidaw,159,120,3.8"
"Site 3541,93.980031,20.476495,Shwepyitha,Ayeyarwady,61,45,7.4"
"Site 3542,96.498664,16.555135,Dagon,Magway,357,65,0.8"
"Site 3543,95.955063,21.282544,Yankin,Ayeyarwady,274,120,6.1"
"Site 3544,96.665922,15.418337,Mingaladon,Sagaing,151,180,6.9"
"Site 3545,93.807299,21.288580,Seikkan,Mandalay,110,65,6.5"
"Site 3546,95.134571,17.269591,Hlaingthaya,Sagaing,182,180,2.5"
"Site 3547,97.582944,18.999586,Mingalar Taung Nyunt,Naypyidaw,67,60,6.0"
"Site 3548,96.207669,20.901782,Pazundaung,Kayin,137,45,6.0"
"Site 3549,95.928853,19.381596,Botahtaung,Yangon,81,180,1.5"
"Site 3550,95.947461,21.230796,Kamayut,Magway,301,45,3.8"
"Site 3551,93.045408,17.450764,Kyauktada,Naypyidaw,332,90,1.2"
"Site 3552,97.158839,21.871721,Seikkan,Mandalay,85,90,7.6"
"Site 3553,95.561160,21.667762,Kyauktada,Yangon,328,90,0.6"
"Site 3554,96.631252,21.376650,Shwepyitha,Shan,324,180,7.6"
"Site 3555,96.143475,20.260678,Hlaing,Yangon,151,90,4.0"
"Site 3556,93.381232,16.985952,Pazundaung,Mon,111,120,3.4"
"Site 3557,98.620316,17.354486,Thingangyun,Magway,122,180,4.4"
"Site 3558,96.111905,19.525760,Pazundaung,Naypyidaw,137,120,3.0"
"Site 3559,98.049925,19.871866,Mingaladon,Naypyidaw,344,45,3.5"
"Site 3560,95.605247,19.906667,Shwepyitha,Naypyidaw,51,45,6.5"
"Site 3561,95.395444,15.448765,Pazundaung,Shan,218,45,1.2"
"Site 3562,97.917736,18.260059,Shwepyitha,Bago,50,60,2.4"
"Site 3563,93.091920,18.446091,Dala,Ayeyarwady,9,65,3.3"
"Site 3564,97.718479,15.815090,Insein,Naypyidaw,227,65,4.7"
"Site 3565,97.943546,17.367102,Dagon,Shan,36,90,2.7"
"Site 3566,98.071595,19.158665,Mingaladon,Ayeyarwady,17,90,5.5"
"Site 3567,93.808838,17.104135,Mayangone,Naypyidaw,219,60,1.0"
"Site 3568,98.866145,17.617741,Insein,Mon,291,65,2.2"
"Site 3569,94.850376,18.505355,Thingangyun,Sagaing,48,180,7.0"
"Site 3570,95.922272,21.314180,Mingalar Taung Nyunt,Yangon,252,60,3.4"
"Site 3571,97.973488,20.169613,Yankin,Bago,257,65,1.5"
"Site 3572,98.962367,20.761981,Kyauktada,Magway,171,180,2.5"
"Site 3573,93.731151,18.500051,Mingaladon,Naypyidaw,260,120,5.3"
"Site 3574,93.757799,18.604466,Kyauktada,Yangon,246,45,0.6"
"Site 3575,96.498749,21.351930,Kamayut,Naypyidaw,287,90,0.5"
"Site 3576,94.285267,15.313049,Thingangyun,Ayeyarwady,261,180,7.1"
"Site 3577,96.248341,16.987629,Yankin,Mandalay,189,90,3.8"
"Site 3578,98.960317,16.036859,Mayangone,Kayin,4,120,1.0"
"Site 3579,98.490911,21.154911,Dagon,Shan,114,65,4.8"
"Site 3580,97.663423,15.924208,Kyauktada,Sagaing,292,65,6.5"
"Site 3581,97.236452,16.673694,South Okkalapa,Kayin,138,180,6.5"
"Site 3582,94.022016,17.637515,Dagon,Magway,48,120,5.8"
"Site 3583,93.513926,19.077343,Dala,Yangon,11,45,5.5"
"Site 3584,94.016857,18.133452,Mayangone,Kayin,88,120,6.0"
"Site 3585,98.269589,19.004181,North Okkalapa,Magway,198,90,2.9"
"Site 3586,95.904811,16.776210,Botahtaung,Ayeyarwady,63,120,4.0"
"Site 3587,97.223787,19.681612,Hlaingthaya,Bago,4,45,1.0"
"Site 3588,97.865773,18.017125,Pazundaung,Mandalay,179,120,6.3"
"Site 3589,97.224161,16.449546,Seikkan,Naypyidaw,353,180,3.5"
"Site 3590,93.346893,16.444813,Shwepyitha,Kayin,64,180,2.4"
"Site 3591,95.975594,20.393090,Hlaing,Yangon,286,60,2.8"
"Site 3592,98.701972,18.766356,Insein,Bago,57,60,6.9"
"Site 3593,97.708294,16.897897,Hlaing,Magway,192,120,6.7"
"Site 3594,98.127270,20.754248,Kamayut,Mandalay,193,180,5.1"
"Site 3595,95.379195,20.390412,Mingalar Taung Nyunt,Sagaing,354,60,1.7"
"Site 3596,96.704217,15.926272,Yankin,Shan,300,60,6.2"
"Site 3597,93.708557,16.204706,Mingaladon,Magway,64,45,3.3"
"Site 3598,97.073680,17.019065,Kyauktada,Mon,138,60,5.5"
"Site 3599,93.860653,19.666898,Hlaingthaya,Yangon,256,120,3.0"
"Site 3600,94.803038,18.403954,South Okkalapa,Sagaing,189,90,6.1"
"Site 3601,96.245356,20.060054,South Okkalapa,Shan,10,180,1.6"
"Site 3602,98.649532,17.854465,Yankin,Kayin,139,90,3.3"
"Site 3603,96.912848,15.543344,South Okkalapa,Bago,321,120,7.5"
"Site 3604,96.621276,15.978036,Hlaingthaya,Yangon,248,60,4.4"
"Site 3605,97.563601,16.894265,Kamayut,Shan,263,120,5.2"
"Site 3606,98.609985,17.535737,Mingaladon,Yangon,54,180,1.3"
"Site 3607,97.348477,16.012256,Hlaing,Magway,147,90,6.3"
"Site 3608,96.768999,19.894895,Mingalar Taung Nyunt,Magway,241,65,3.0"
"Site 3609,96.914199,15.224364,Insein,Sagaing,159,65,5.0"
"Site 3610,98.784328,19.637595,Dala,Mon,202,120,1.4"
"Site 3611,93.324464,18.204542,Mingaladon,Bago,239,90,3.1"
"Site 3612,97.488091,21.411267,Dala,Bago,187,180,5.6"
"Site 3613,95.643064,20.794537,Mingaladon,Yangon,223,120,7.1"
"Site 3614,94.852596,20.256532,Yankin,Kayin,294,90,4.3"
"Site 3615,94.060808,15.675208,Kamayut,Mandalay,1,60,7.6"
"Site 3616,94.666156,17.204933,Dagon,Bago,200,180,7.8"
"Site 3617,95.453758,19.080912,Hlaingthaya,Mandalay,127,45,1.4"
"Site 3618,95.018969,15.996262,Hlaingthaya,Ayeyarwady,257,90,3.0"
"Site 3619,97.353646,16.159179,Dagon,Naypyidaw,89,60,5.7"
"Site 3620,93.144449,15.096058,Pazundaung,Yangon,311,120,2.7"
"Site 3621,97.493007,18.808624,Dala,Yangon,216,60,0.7"
"Site 3622,97.425566,16.716471,Mayangone,Magway,326,45,5.1"
"Site 3623,98.314661,17.960582,Yankin,Shan,184,180,4.1"
"Site 3624,93.743176,18.979140,Pazundaung,Mandalay,20,65,2.7"
"Site 3625,95.840842,18.747007,Thingangyun,Mandalay,316,180,2.1"
"Site 3626,95.020305,17.000829,Seikkan,Shan,195,45,5.3"
"Site 3627,98.340458,19.153693,Mayangone,Ayeyarwady,261,45,4.4"
"Site 3628,93.139370,18.460563,Kamayut,Mandalay,302,180,1.9"
"Site 3629,98.255888,21.525793,North Okkalapa,Mandalay,254,120,3.8"
"Site 3630,98.061241,17.684710,Yankin,Sagaing,238,45,2.4"
"Site 3631,93.893370,21.919888,Mingalar Taung Nyunt,Kayin,310,65,0.5"
"Site 3632,98.706743,20.881476,Thingangyun,Sagaing,36,180,7.6"
"Site 3633,98.993739,20.202828,Hlaingthaya,Mon,15,60,6.3"
"Site 3634,97.154773,19.967357,South Okkalapa,Naypyidaw,230,60,1.6"
"Site 3635,97.880172,15.516240,Seikkan,Bago,100,180,4.5"
"Site 3636,98.124029,19.012533,Dala,Bago,322,45,5.0"
"Site 3637,97.892413,20.217341,North Okkalapa,Bago,169,180,2.5"
"Site 3638,94.824915,20.515114,Pazundaung,Shan,193,180,6.5"
"Site 3639,94.168183,18.127934,Mayangone,Naypyidaw,257,90,2.7"
"Site 3640,94.875133,15.136686,Mayangone,Kayin,222,90,1.6"
"Site 3641,98.096021,19.400124,Dala,Shan,120,90,1.0"
"Site 3642,96.183961,15.963723,Yankin,Bago,298,60,1.7"
"Site 3643,95.581126,17.471497,Mingalar Taung Nyunt,Mandalay,123,45,4.4"
"Site 3644,95.396018,19.946322,Hlaingthaya,Yangon,357,90,2.5"
"Site 3645,96.925926,16.934858,Mingalar Taung Nyunt,Yangon,189,120,0.8"
"Site 3646,93.621121,16.594077,Yankin,Kayin,302,60,0.9"
"Site 3647,96.025282,17.800917,Seikkan,Yangon,347,180,6.8"
"Site 3648,93.038474,15.767325,South Okkalapa,Kayin,184,65,2.2"
"Site 3649,97.594593,18.001605,Kyauktada,Sagaing,224,60,5.7"
"Site 3650,94.403101,15.532139,South Okkalapa,Shan,46,120,2.7"
"Site 3651,95.595040,20.641087,Mayangone,Shan,333,90,7.2"
"Site 3652,98.654021,21.569153,Yankin,Magway,284,45,7.0"
"Site 3653,96.547129,21.530589,Thingangyun,Sagaing,51,60,3.0"
"Site 3654,96.329038,19.322059,Dala,Sagaing,112,180,1.1"
"Site 3655,94.899321,17.195165,Insein,Kayin,169,65,6.4"
"Site 3656,96.037095,19.040421,North Okkalapa,Mandalay,177,120,3.9"
"Site 3657,96.526929,19.720486,Kamayut,Bago,227,45,0.7"
"Site 3658,93.948084,20.263716,Mayangone,Yangon,272,65,5.4"
"Site 3659,98.710005,16.856390,Dala,Naypyidaw,12,45,2.7"
"Site 3660,95.693479,16.068946,Dagon,Shan,199,120,5.8"
"Site 3661,94.515436,16.952144,Pazundaung,Mon,37,180,2.8"
"Site 3662,94.547414,21.012269,Kamayut,Naypyidaw,238,180,2.0"
"Site 3663,93.150602,19.803565,Mayangone,Yangon,245,180,1.2"
"Site 3664,96.156315,18.730831,Dagon,Mandalay,281,120,1.9"
"Site 3665,95.841894,16.927813,Shwepyitha,Yangon,338,65,6.5"
"Site 3666,97.805915,16.023436,Insein,Yangon,181,180,7.2"
"Site 3667,98.892180,16.663299,Hlaingthaya,Magway,95,65,2.3"
"Site 3668,97.176396,19.289917,Kyauktada,Ayeyarwady,217,65,4.6"
"Site 3669,95.014151,15.581731,South Okkalapa,Mon,324,120,4.4"
"Site 3670,98.750631,19.990337,Hlaing,Yangon,67,180,1.4"
"Site 3671,95.259957,20.686101,South Okkalapa,Mandalay,28,90,1.1"
"Site 3672,97.340180,18.770888,Pazundaung,Kayin,101,65,6.6"
"Site 3673,95.026170,19.296596,Mayangone,Ayeyarwady,10,65,2.8"
"Site 3674,95.161010,15.410373,Kamayut,Sagaing,65,180,1.4"
"Site 3675,97.061996,17.975364,North Okkalapa,Magway,122,60,6.7"
"Site 3676,94.124187,18.277379,South Okkalapa,Sagaing,152,45,2.8"
"Site 3677,96.498992,15.824736,Yankin,Naypyidaw,19,65,4.5"
"Site 3678,95.794060,18.302215,North Okkalapa,Shan,34,65,7.9"
"Site 3679,98.541383,19.556270,Shwepyitha,Bago,299,120,7.5"
"Site 3680,94.064876,17.959095,Mingaladon,Mon,65,65,0.6"
"Site 3681,94.235160,19.881323,Hlaingthaya,Shan,44,65,0.8"
"Site 3682,94.652189,19.788639,Kyauktada,Naypyidaw,30,45,0.8"
"Site 3683,95.014601,15.701753,Kyauktada,Ayeyarwady,303,180,5.2"
"Site 3684,95.898857,19.294121,Shwepyitha,Sagaing,257,45,1.7"
"Site 3685,93.868948,21.630272,Kyauktada,Kayin,31,65,4.4"
"Site 3686,98.411259,16.700245,Dagon,Shan,98,180,7.1"
"Site 3687,97.294966,16.621259,Hlaingthaya,Mandalay,350,180,5.8"
"Site 3688,97.628423,17.864117,Insein,Yangon,110,180,5.5"
"Site 3689,95.286019,21.823627,Shwepyitha,Ayeyarwady,159,65,7.7"
"Site 3690,97.858736,18.983220,South Okkalapa,Shan,285,180,6.1"
"Site 3691,96.509763,21.823950,Hlaingthaya,Bago,68,180,7.4"
"Site 3692,94.354438,17.348957,Yankin,Magway,341,65,6.7"
"Site 3693,95.188524,21.019968,Mayangone,Shan,327,45,7.1"
"Site 3694,94.405794,20.312043,Shwepyitha,Sagaing,135,65,3.0"
"Site 3695,96.842846,17.083012,Botahtaung,Kayin,240,45,4.9"
"Site 3696,95.253782,17.169652,Kyauktada,Sagaing,352,65,7.8"
"Site 3697,95.776331,21.746891,Mingaladon,Magway,149,90,3.5"
"Site 3698,94.964583,20.211524,Insein,Bago,107,60,6.9"
"Site 3699,95.456370,20.655184,Pazundaung,Magway,328,65,4.6"
"Site 3700,97.965397,15.517197,Hlaing,Sagaing,348,90,4.0"
"Site 3701,95.881286,19.558864,South Okkalapa,Magway,142,45,7.2"
"Site 3702,98.926698,18.840468,Mayangone,Naypyidaw,42,45,5.1"
"Site 3703,95.658179,19.862796,Hlaing,Kayin,128,120,1.4"
"Site 3704,98.094639,16.125398,Kyauktada,Shan,355,180,4.0"
"Site 3705,95.200102,16.332275,Hlaing,Bago,40,65,7.5"
"Site 3706,93.483858,21.806865,Mingaladon,Ayeyarwady,173,120,3.1"
"Site 3707,93.442783,21.564303,Mayangone,Sagaing,270,45,1.8"
"Site 3708,96.872742,15.986674,Mingalar Taung Nyunt,Bago,254,90,3.3"
"Site 3709,97.824114,19.099851,Shwepyitha,Yangon,101,45,4.8"
"Site 3710,98.095064,18.605280,Hlaing,Mandalay,84,90,3.1"
"Site 3711,93.252455,17.989337,Insein,Yangon,281,90,2.5"
"Site 3712,93.526085,19.912047,Dagon,Mon,34,90,4.1"
"Site 3713,95.088159,20.645654,North Okkalapa,Ayeyarwady,36,65,1.4"
"Site 3714,96.455267,21.822810,Hlaing,Magway,217,65,5.1"
"Site 3715,94.597383,15.019766,Yankin,Sagaing,304,120,6.4"
"Site 3716,96.067022,17.450668,Mayangone,Shan,210,45,5.2"
"Site 3717,98.843204,15.413258,Mingalar Taung Nyunt,Shan,306,120,5.4"
"Site 3718,95.158238,19.857958,South Okkalapa,Naypyidaw,177,65,1.0"
"Site 3719,95.559895,20.507328,Thingangyun,Yangon,41,90,2.7"
"Site 3720,95.705260,19.453223,Dala,Magway,157,180,3.1"
"Site 3721,98.375051,19.362158,Seikkan,Bago,177,90,2.9"
"Site 3722,95.447938,19.352197,Seikkan,Bago,271,60,5.0"
"Site 3723,97.562995,16.644048,Pazundaung,Shan,240,90,8.0"
"Site 3724,95.135194,20.186495,Mayangone,Magway,46,180,5.3"
"Site 3725,93.566481,16.247093,Shwepyitha,Shan,268,45,7.0"
"Site 3726,95.627502,19.729687,South Okkalapa,Kayin,209,90,2.8"
"Site 3727,97.716245,18.792709,Kyauktada,Naypyidaw,1,120,6.6"
"Site 3728,97.942599,17.961194,Thingangyun,Mandalay,211,120,1.8"
"Site 3729,97.156724,17.329840,Hlaingthaya,Kayin,180,60,6.4"
"Site 3730,98.818746,21.880473,Hlaing,Mandalay,168,65,7.4"
"Site 3731,95.332780,15.894878,Kyauktada,Ayeyarwady,71,60,3.0"
"Site 3732,94.589059,20.071004,Kamayut,Yangon,218,180,1.4"
"Site 3733,96.963394,16.266315,Shwepyitha,Sagaing,271,120,6.1"
"Site 3734,98.112865,17.801110,Botahtaung,Yangon,221,120,3.4"
"Site 3735,95.393106,17.615381,Hlaingthaya,Ayeyarwady,174,180,5.6"
"Site 3736,95.151627,18.024282,Thingangyun,Magway,196,65,4.4"
"Site 3737,93.016955,15.687240,Mingalar Taung Nyunt,Mon,254,65,1.5"
"Site 3738,98.237672,15.731765,Shwepyitha,Naypyidaw,5,180,0.5"
"Site 3739,96.232067,19.373900,Hlaing,Yangon,98,65,5.0"
"Site 3740,96.823620,15.732934,Mingaladon,Yangon,38,120,2.4"
"Site 3741,94.154358,19.082232,Dala,Sagaing,208,180,1.1"
"Site 3742,95.821022,20.100150,Yankin,Bago,112,120,1.8"
"Site 3743,93.835752,21.945835,Yankin,Ayeyarwady,103,180,7.8"
"Site 3744,95.079203,19.530073,Insein,Mon,159,90,7.2"
"Site 3745,98.317970,15.398250,Seikkan,Sagaing,323,45,6.7"
"Site 3746,93.372434,21.260290,Insein,Sagaing,278,45,7.3"
"Site 3747,98.724289,16.377299,Shwepyitha,Sagaing,234,180,6.7"
"Site 3748,94.622629,16.763383,Botahtaung,Ayeyarwady,231,65,1.2"
"Site 3749,98.426313,15.032935,Mingaladon,Mon,287,90,2.8"
"Site 3750,98.726195,15.251539,Hlaingthaya,Magway,325,120,4.5"
"Site 3751,98.032193,15.360228,Mayangone,Mon,112,65,7.9"
"Site 3752,97.216428,19.935636,Mingaladon,Kayin,309,65,7.8"
"Site 3753,98.625543,17.557575,Botahtaung,Bago,44,60,2.5"
"Site 3754,97.692461,20.796134,Hlaing,Ayeyarwady,271,90,1.4"
"Site 3755,93.086286,17.820385,Hlaingthaya,Yangon,209,90,3.4"
"Site 3756,98.497241,19.843088,Kamayut,Mandalay,114,90,5.4"
"Site 3757,93.012974,21.147027,Kamayut,Ayeyarwady,198,90,6.3"
"Site 3758,97.336470,15.660159,Hlaing,Kayin,139,45,3.3"
"Site 3759,93.548891,20.491255,Insein,Mon,56,120,1.3"
"Site 3760,93.792232,17.903161,Seikkan,Yangon,119,65,7.1"
"Site 3761,93.727480,15.565373,Kyauktada,Kayin,242,60,4.0"
"Site 3762,95.174687,20.011833,Pazundaung,Mon,126,180,5.8"
"Site 3763,96.946716,18.284255,Dagon,Shan,305,45,3.2"
"Site 3764,96.055502,17.999396,Yankin,Kayin,288,90,1.9"
"Site 3765,93.957610,19.694883,Yankin,Ayeyarwady,214,65,2.2"
"Site 3766,97.093718,16.153202,Botahtaung,Naypyidaw,188,45,2.8"
"Site 3767,94.332600,19.618418,Mingalar Taung Nyunt,Ayeyarwady,89,45,5.8"
"Site 3768,94.783496,17.388419,Thingangyun,Ayeyarwady,240,60,0.8"
"Site 3769,94.486953,21.735213,Insein,Naypyidaw,212,45,0.8"
"Site 3770,95.647535,19.981253,Kyauktada,Shan,166,65,5.1"
"Site 3771,95.171675,21.651168,Botahtaung,Sagaing,355,60,4.6"
"Site 3772,94.549842,21.408184,Mingaladon,Yangon,326,65,1.9"
"Site 3773,93.106764,21.280077,Pazundaung,Shan,318,180,1.2"
"Site 3774,97.849622,20.557775,Insein,Ayeyarwady,357,90,2.4"
"Site 3775,97.462763,15.667053,Insein,Bago,220,90,7.7"
"Site 3776,95.368723,21.214696,Botahtaung,Bago,339,120,3.8"
"Site 3777,95.489792,20.191044,North Okkalapa,Sagaing,237,120,4.0"
"Site 3778,98.037706,18.080040,Botahtaung,Mon,254,65,2.0"
"Site 3779,97.476160,19.432341,Dagon,Yangon,223,65,2.0"
"Site 3780,96.241943,21.640978,Botahtaung,Kayin,353,90,1.7"
"Site 3781,96.257874,16.255275,Kamayut,Shan,247,65,1.7"
"Site 3782,98.510175,21.628043,Seikkan,Sagaing,79,180,2.2"
"Site 3783,96.308432,16.626337,Yankin,Magway,68,65,2.1"
"Site 3784,94.581772,15.961803,North Okkalapa,Shan,219,120,5.2"
"Site 3785,97.896125,19.641463,Mingalar Taung Nyunt,Kayin,358,65,4.0"
"Site 3786,98.166287,15.714102,Hlaing,Bago,183,90,4.9"
"Site 3787,98.183123,19.029382,Seikkan,Shan,188,180,3.4"
"Site 3788,98.499868,18.394004,Kyauktada,Yangon,208,60,7.2"
"Site 3789,95.694114,21.731302,Mingalar Taung Nyunt,Ayeyarwady,78,120,4.3"
"Site 3790,98.762975,15.135560,Pazundaung,Bago,358,65,3.7"
"Site 3791,97.932608,16.168735,Hlaingthaya,Naypyidaw,201,65,3.8"
"Site 3792,95.214038,20.862306,Seikkan,Yangon,138,60,2.7"
"Site 3793,93.485612,16.314817,Hlaing,Magway,27,45,3.3"
"Site 3794,96.841912,21.539547,North Okkalapa,Naypyidaw,59,120,7.6"
"Site 3795,93.517683,19.703047,Dagon,Sagaing,8,180,2.5"
"Site 3796,98.193108,20.194480,Botahtaung,Shan,266,180,6.7"
"Site 3797,95.525350,15.412096,Pazundaung,Sagaing,87,45,3.8"
"Site 3798,97.151675,18.538571,Thingangyun,Shan,109,120,5.9"
"Site 3799,98.921041,18.570568,Shwepyitha,Magway,254,65,7.9"
"Site 3800,98.083617,21.592004,Dagon,Kayin,315,180,6.9"
"Site 3801,97.176780,17.973084,Shwepyitha,Mandalay,303,60,6.0"
"Site 3802,95.254526,17.641474,Hlaingthaya,Ayeyarwady,290,60,2.5"
"Site 3803,94.256579,20.876159,Mayangone,Mon,251,60,4.3"
"Site 3804,96.201769,20.984691,Kamayut,Kayin,225,120,3.0"
"Site 3805,96.191970,15.267316,South Okkalapa,Naypyidaw,304,65,3.2"
"Site 3806,94.158775,16.929205,Yankin,Shan,245,60,3.7"
"Site 3807,94.579982,17.726003,South Okkalapa,Mandalay,93,60,2.5"
"Site 3808,94.365067,20.587609,Hlaingthaya,Mandalay,93,60,7.3"
"Site 3809,97.744777,21.797330,Seikkan,Yangon,237,90,3.9"
"Site 3810,95.486153,19.776789,Mingalar Taung Nyunt,Bago,319,65,0.6"
"Site 3811,93.645292,20.096122,Yankin,Sagaing,166,90,6.7"
"Site 3812,94.385782,19.470863,Kyauktada,Shan,70,45,3.1"
"Site 3813,93.054121,21.951902,Pazundaung,Naypyidaw,332,180,2.1"
"Site 3814,95.838933,17.450073,Shwepyitha,Bago,29,65,6.2"
"Site 3815,95.679286,15.518947,Pazundaung,Shan,316,45,6.6"
"Site 3816,97.680036,15.230889,Hlaing,Bago,300,65,6.6"
"Site 3817,93.133658,17.845132,Seikkan,Mon,298,90,7.7"
"Site 3818,94.067933,16.548810,Hlaing,Shan,168,90,2.7"
"Site 3819,98.450044,15.737508,Seikkan,Yangon,169,45,5.3"
"Site 3820,93.933292,16.657308,Botahtaung,Shan,110,65,0.7"
"Site 3821,95.990396,21.610236,Mingalar Taung Nyunt,Kayin,185,65,7.8"
"Site 3822,95.772496,21.303660,Dala,Shan,217,45,6.4"
"Site 3823,98.389243,16.447613,Dala,Mon,216,65,4.6"
"Site 3824,94.533106,19.060185,Insein,Yangon,150,45,7.2"
"Site 3825,93.286720,16.069601,South Okkalapa,Sagaing,302,60,2.0"
"Site 3826,97.145768,21.753962,Botahtaung,Bago,314,90,1.5"
"Site 3827,96.311368,18.581939,Mayangone,Naypyidaw,252,45,0.5"
"Site 3828,94.711835,16.436156,Hlaing,Kayin,127,180,5.8"
"Site 3829,95.559807,18.874578,Kyauktada,Naypyidaw,23,180,4.6"
"Site 3830,94.186038,15.075916,Hlaing,Mon,200,45,4.5"
"Site 3831,98.225366,21.490938,Thingangyun,Bago,261,45,3.9"
"Site 3832,98.658160,18.495309,Dala,Shan,354,120,4.8"
"Site 3833,98.141268,18.190990,Dala,Kayin,87,180,6.5"
"Site 3834,94.878233,15.366166,Hlaing,Ayeyarwady,290,65,5.0"
"Site 3835,98.219723,18.210505,Seikkan,Naypyidaw,130,65,6.2"
"Site 3836,97.720875,16.492193,Kyauktada,Ayeyarwady,59,120,4.4"
"Site 3837,97.137824,18.849843,Seikkan,Magway,192,90,3.9"
"Site 3838,96.748341,16.752965,Mingalar Taung Nyunt,Mandalay,38,45,1.8"
"Site 3839,98.102227,19.558989,Shwepyitha,Ayeyarwady,283,45,4.2"
"Site 3840,94.248543,20.457462,Dala,Yangon,10,45,6.5"
"Site 3841,93.461445,20.157124,North Okkalapa,Naypyidaw,282,60,4.0"
"Site 3842,98.750918,17.829812,Dagon,Bago,244,120,3.3"
"Site 3843,96.022178,21.561557,Kyauktada,Yangon,71,90,5.7"
"Site 3844,97.262866,21.243570,Mingalar Taung Nyunt,Yangon,194,65,6.2"
"Site 3845,97.805290,18.591124,Hlaingthaya,Mandalay,36,60,4.9"
"Site 3846,93.478960,21.076038,Hlaing,Kayin,331,45,3.6"
"Site 3847,96.363552,16.427832,Botahtaung,Naypyidaw,134,120,7.5"
"Site 3848,96.495158,21.682533,North Okkalapa,Bago,1,65,6.5"
"Site 3849,96.770826,20.002008,Thingangyun,Ayeyarwady,324,65,1.4"
"Site 3850,95.905427,20.490418,Dala,Naypyidaw,175,120,7.9"
"Site 3851,98.766772,20.341929,Shwepyitha,Magway,242,180,5.2"
"Site 3852,96.425784,16.473157,Mingalar Taung Nyunt,Magway,90,45,2.6"
"Site 3853,96.295329,19.763120,Shwepyitha,Ayeyarwady,55,60,4.1"
"Site 3854,98.170667,21.913094,Pazundaung,Kayin,315,120,7.1"
"Site 3855,98.674981,21.877278,Hlaingthaya,Ayeyarwady,115,45,2.8"
"Site 3856,97.818686,20.292480,Hlaing,Mon,94,65,2.9"
"Site 3857,97.935711,15.603280,South Okkalapa,Kayin,325,90,3.4"
"Site 3858,93.225883,16.634153,North Okkalapa,Magway,160,60,7.8"
"Site 3859,96.765430,18.476299,Thingangyun,Shan,331,60,5.5"
"Site 3860,96.873538,15.262815,Dala,Bago,310,45,6.2"
"Site 3861,93.160572,16.978946,North Okkalapa,Naypyidaw,2,45,5.6"
"Site 3862,96.281615,19.970370,Insein,Kayin,196,120,5.3"
"Site 3863,93.485768,19.754123,Botahtaung,Naypyidaw,68,45,7.0"
"Site 3864,95.311384,20.181360,Kamayut,Ayeyarwady,9,180,5.4"
"Site 3865,95.249917,15.615565,Dagon,Ayeyarwady,72,65,7.2"
"Site 3866,97.915606,16.104100,Pazundaung,Ayeyarwady,324,45,3.8"
"Site 3867,93.594499,15.744363,Thingangyun,Naypyidaw,268,45,7.3"
"Site 3868,93.523648,21.612892,South Okkalapa,Mandalay,319,120,3.4"
"Site 3869,93.119402,18.389777,Botahtaung,Bago,97,90,1.6"
"Site 3870,94.158008,17.616925,Hlaingthaya,Magway,67,45,2.9"
"Site 3871,93.901978,18.072546,Hlaing,Bago,139,120,5.7"
"Site 3872,94.811167,19.543266,Dala,Sagaing,12,60,7.9"
"Site 3873,98.668451,17.611889,Mingaladon,Mandalay,217,120,3.2"
"Site 3874,96.371865,16.031923,Hlaingthaya,Yangon,280,45,5.6"
"Site 3875,96.229008,21.710397,Mingalar Taung Nyunt,Magway,215,45,3.6"
"Site 3876,96.381842,20.582024,Thingangyun,Ayeyarwady,193,45,6.0"
"Site 3877,98.583050,16.743798,Botahtaung,Shan,257,60,5.3"
"Site 3878,93.886844,19.240075,South Okkalapa,Mandalay,33,60,2.4"
"Site 3879,93.883458,19.697701,Shwepyitha,Magway,69,60,1.8"
"Site 3880,94.551507,19.664528,Hlaingthaya,Bago,63,45,7.2"
"Site 3881,95.999029,16.652860,Mingalar Taung Nyunt,Shan,65,120,1.3"
"Site 3882,95.124264,21.179221,Mingaladon,Mandalay,57,120,6.9"
"Site 3883,97.077317,16.577676,Dagon,Yangon,92,65,6.7"
"Site 3884,98.046042,20.573100,Dagon,Mon,327,120,4.9"
"Site 3885,96.239617,19.812343,Kamayut,Kayin,16,60,5.7"
"Site 3886,95.564663,15.261984,Hlaingthaya,Bago,322,45,7.0"
"Site 3887,98.134014,17.279726,Kamayut,Mandalay,111,120,4.6"
"Site 3888,95.076117,21.301679,South Okkalapa,Shan,225,180,4.0"
"Site 3889,93.332996,17.157122,Mingalar Taung Nyunt,Bago,293,120,0.9"
"Site 3890,93.765354,20.551147,Kyauktada,Kayin,233,60,3.2"
"Site 3891,97.945326,15.098997,Pazundaung,Yangon,260,180,4.4"
"Site 3892,95.215138,19.539125,Shwepyitha,Kayin,19,60,1.6"
"Site 3893,93.184720,16.067057,Hlaing,Shan,25,120,1.9"
"Site 3894,97.557309,20.040333,Thingangyun,Mandalay,96,90,5.2"
"Site 3895,94.153071,16.353098,Botahtaung,Mandalay,53,65,5.7"
"Site 3896,98.616005,21.344051,Insein,Sagaing,122,180,7.4"
"Site 3897,94.867484,19.227983,Insein,Ayeyarwady,178,90,6.4"
"Site 3898,94.229756,21.814917,Kyauktada,Ayeyarwady,170,65,4.3"
"Site 3899,98.060141,17.633999,Shwepyitha,Ayeyarwady,248,45,6.8"
"Site 3900,96.088950,19.956010,Shwepyitha,Magway,127,65,7.3"
"Site 3901,97.907883,16.756556,Mingaladon,Ayeyarwady,117,90,7.4"
"Site 3902,95.032163,16.185751,Mingalar Taung Nyunt,Ayeyarwady,276,90,3.5"
"Site 3903,93.705702,20.910084,Dagon,Magway,171,90,6.7"
"Site 3904,94.486477,20.580338,Hlaingthaya,Shan,152,65,8.0"
"Site 3905,94.115920,21.723931,North Okkalapa,Mandalay,292,45,6.5"
"Site 3906,96.987384,15.291181,Mayangone,Kayin,47,60,2.7"
"Site 3907,98.134357,21.506309,Mingalar Taung Nyunt,Yangon,109,60,2.3"
"Site 3908,93.326942,21.834946,South Okkalapa,Mon,66,60,1.1"
"Site 3909,97.798028,18.839044,Thingangyun,Sagaing,149,90,7.5"
"Site 3910,96.716737,18.523214,Yankin,Mandalay,69,180,7.6"
"Site 3911,96.163694,16.990029,Mayangone,Mandalay,183,180,0.5"
"Site 3912,93.946324,15.923662,South Okkalapa,Ayeyarwady,299,60,7.5"
"Site 3913,95.464178,21.124640,Thingangyun,Naypyidaw,83,90,4.3"
"Site 3914,94.429466,19.216737,Insein,Shan,105,65,3.4"
"Site 3915,93.346718,17.560252,Botahtaung,Ayeyarwady,146,90,4.9"
"Site 3916,93.344810,20.921181,Seikkan,Kayin,111,60,3.1"
"Site 3917,94.125407,19.966684,Pazundaung,Yangon,6,65,3.2"
"Site 3918,97.458391,15.643489,Mingalar Taung Nyunt,Bago,244,120,2.8"
"Site 3919,97.070058,19.214976,South Okkalapa,Ayeyarwady,236,90,7.1"
"Site 3920,93.192208,19.332323,Mingaladon,Yangon,129,120,5.1"
"Site 3921,96.805679,17.277475,Mayangone,Ayeyarwady,176,90,4.3"
"Site 3922,98.814385,17.758227,Botahtaung,Bago,274,45,7.2"
"Site 3923,94.723581,18.587569,Seikkan,Sagaing,264,65,6.8"
"Site 3924,95.169242,21.146067,Dala,Shan,114,90,0.9"
"Site 3925,98.648911,15.122293,Pazundaung,Sagaing,53,180,6.8"
"Site 3926,97.976160,15.270793,Hlaingthaya,Magway,127,60,1.0"
"Site 3927,98.279835,15.821940,Yankin,Naypyidaw,309,45,2.7"
"Site 3928,95.711291,18.603648,Mayangone,Shan,295,120,6.7"
"Site 3929,97.646908,17.756025,Thingangyun,Yangon,166,90,3.9"
"Site 3930,93.170126,21.192071,Mingalar Taung Nyunt,Mon,320,45,1.4"
"Site 3931,95.017304,16.806345,Kyauktada,Sagaing,113,60,7.5"
"Site 3932,97.137638,19.929157,Dala,Naypyidaw,128,65,2.5"
"Site 3933,96.204047,19.226288,Hlaing,Mandalay,240,180,0.7"
"Site 3934,97.867520,21.764254,Insein,Mandalay,134,60,2.0"
"Site 3935,96.579573,15.575713,Dala,Bago,348,90,0.7"
"Site 3936,97.815578,19.812102,Hlaing,Mandalay,36,60,4.4"
"Site 3937,98.475625,18.126464,Hlaing,Bago,52,180,3.8"
"Site 3938,95.749457,19.277695,Hlaing,Yangon,343,65,6.5"
"Site 3939,96.019314,16.878589,Shwepyitha,Mandalay,258,60,5.0"
"Site 3940,95.506173,20.408990,Yankin,Magway,116,90,0.8"
"Site 3941,96.571106,15.870632,Dala,Yangon,102,45,5.0"
"Site 3942,97.708137,16.376640,Pazundaung,Naypyidaw,345,65,2.5"
"Site 3943,94.782654,20.430126,North Okkalapa,Kayin,276,90,2.7"
"Site 3944,94.137211,15.322888,Yankin,Yangon,114,60,3.9"
"Site 3945,94.381785,16.175738,Hlaing,Bago,177,45,1.1"
"Site 3946,97.008748,16.800422,Seikkan,Naypyidaw,30,180,7.3"
"Site 3947,93.163798,18.300850,Pazundaung,Bago,220,65,7.3"
"Site 3948,94.327238,21.134910,Kamayut,Sagaing,147,180,3.0"
"Site 3949,94.281454,18.239109,Botahtaung,Magway,139,45,7.0"
"Site 3950,94.631427,18.831313,Hlaingthaya,Naypyidaw,113,60,4.1"
"Site 3951,94.258950,15.558615,Shwepyitha,Magway,16,120,5.9"
"Site 3952,98.440827,17.779117,Mingalar Taung Nyunt,Sagaing,236,65,0.9"
"Site 3953,95.268898,19.093884,Shwepyitha,Mon,65,60,7.5"
"Site 3954,98.177014,20.133789,Dala,Shan,96,45,5.7"
"Site 3955,93.437024,21.613579,Insein,Yangon,108,90,1.5"
"Site 3956,93.188710,20.638225,Mingaladon,Magway,37,65,1.7"
"Site 3957,93.662813,20.752731,Kamayut,Mandalay,77,180,5.9"
"Site 3958,94.490877,15.519105,Botahtaung,Naypyidaw,290,45,6.2"
"Site 3959,93.589703,20.406158,North Okkalapa,Shan,31,180,4.7"
"Site 3960,95.859205,20.949294,Dagon,Bago,177,65,3.2"
"Site 3961,95.301279,17.797446,Mayangone,Shan,123,65,6.1"
"Site 3962,96.143828,15.342219,Shwepyitha,Shan,269,45,7.5"
"Site 3963,97.956193,16.809226,Kamayut,Ayeyarwady,317,180,5.6"
"Site 3964,97.331987,21.330777,Hlaing,Kayin,229,120,5.5"
"Site 3965,95.501830,17.503056,Kyauktada,Shan,117,180,5.3"
"Site 3966,96.325901,16.637276,Mayangone,Ayeyarwady,0,90,4.2"
"Site 3967,96.980982,20.369971,Insein,Shan,192,65,2.8"
"Site 3968,93.631049,15.040242,Dagon,Mon,223,65,3.1"
"Site 3969,96.806637,20.481659,Mingalar Taung Nyunt,Mandalay,135,180,6.9"
"Site 3970,93.087786,17.252062,Mingaladon,Mon,193,180,7.0"
"Site 3971,96.868178,15.914491,Kamayut,Mandalay,296,60,1.6"
"Site 3972,98.905154,19.889026,Dagon,Magway,3,120,7.4"
"Site 3973,98.873600,19.715203,Hlaing,Shan,182,180,3.6"
"Site 3974,96.220806,21.561704,South Okkalapa,Kayin,163,180,3.9"
"Site 3975,96.236069,16.614610,Kyauktada,Sagaing,104,45,1.8"
"Site 3976,94.614281,20.307655,Mingalar Taung Nyunt,Magway,174,45,2.9"
"Site 3977,97.108500,15.334027,Pazundaung,Magway,80,45,1.0"
"Site 3978,96.094535,16.251426,Botahtaung,Bago,341,180,3.5"
"Site 3979,93.857524,18.752493,Kamayut,Mandalay,141,65,6.1"
"Site 3980,93.308833,21.226894,Yankin,Ayeyarwady,133,60,4.8"
"Site 3981,94.773292,21.463206,Yankin,Yangon,304,90,7.6"
"Site 3982,95.863710,19.591095,Dala,Bago,99,45,7.9"
"Site 3983,97.407709,19.174757,Mayangone,Magway,57,45,3.0"
"Site 3984,97.750565,17.746528,Dagon,Mon,144,90,4.8"
"Site 3985,98.040699,17.781087,Kamayut,Ayeyarwady,92,90,5.2"
"Site 3986,93.264828,21.133525,South Okkalapa,Kayin,260,180,3.8"
"Site 3987,97.434458,15.445338,Hlaingthaya,Naypyidaw,44,90,5.4"
"Site 3988,93.515758,15.698393,Yankin,Magway,313,120,3.1"
"Site 3989,93.605975,17.502667,Shwepyitha,Shan,164,65,2.9"
"Site 3990,93.103455,18.273724,Seikkan,Magway,258,120,5.9"
"Site 3991,96.183212,15.257423,Insein,Bago,155,45,2.8"
"Site 3992,94.834670,21.303866,Mingaladon,Sagaing,6,90,2.1"
"Site 3993,97.499734,19.365216,Dagon,Bago,257,90,6.9"
"Site 3994,94.992050,18.427497,Mingaladon,Yangon,37,45,5.8"
"Site 3995,96.408717,17.710534,Mingaladon,Mandalay,101,60,7.8"
"Site 3996,95.158082,18.040862,Botahtaung,Mandalay,290,65,0.5"
"Site 3997,96.997110,16.894464,Kyauktada,Mandalay,219,45,7.8"
"Site 3998,94.658169,19.853695,North Okkalapa,Magway,335,90,7.4"
"Site 3999,98.655316,18.643046,Shwepyitha,Shan,317,120,3.1"
"Site 4000,98.756785,18.656705,Mingalar Taung Nyunt,Magway,217,90,5.9"
"Site 4001,95.125747,18.163165,Thingangyun,Magway,261,180,5.0"
"Site 4002,93.570410,21.401789,Seikkan,Mon,312,180,3.4"
"Site 4003,96.404637,18.437247,Yankin,Magway,358,45,5.7"
"Site 4004,97.147226,16.082796,Pazundaung,Magway,189,65,7.5"
"Site 4005,97.357265,17.096274,Hlaingthaya,Shan,49,90,6.7"
"Site 4006,93.422804,21.917727,Pazundaung,Mandalay,26,180,2.8"
"Site 4007,93.123064,16.001274,South Okkalapa,Mon,342,90,4.7"
"Site 4008,97.757784,19.197957,Pazundaung,Ayeyarwady,123,90,2.9"
"Site 4009,94.196030,15.076600,Hlaingthaya,Ayeyarwady,278,45,4.6"
"Site 4010,97.224731,21.488929,Shwepyitha,Naypyidaw,222,120,4.4"
"Site 4011,93.816090,19.192839,Shwepyitha,Ayeyarwady,240,120,7.4"
"Site 4012,93.337733,17.172563,Kyauktada,Shan,2,45,1.7"
"Site 4013,95.666138,17.208639,Dala,Magway,273,60,3.7"
"Site 4014,98.147611,18.242797,North Okkalapa,Sagaing,201,180,4.7"
"Site 4015,97.577225,21.324204,Pazundaung,Yangon,176,180,4.2"
"Site 4016,98.284752,19.401948,Dala,Yangon,141,120,2.6"
"Site 4017,97.866264,21.347718,Hlaing,Shan,215,60,7.4"
"Site 4018,95.937878,21.907563,Dala,Ayeyarwady,54,90,4.8"
"Site 4019,93.738588,16.517965,Hlaingthaya,Shan,265,60,5.3"
"Site 4020,98.975391,15.422357,North Okkalapa,Mandalay,352,180,5.2"
"Site 4021,98.649659,17.299048,Seikkan,Shan,226,180,2.0"
"Site 4022,97.143231,19.091691,Pazundaung,Magway,74,90,3.4"
"Site 4023,94.836404,15.147129,Seikkan,Yangon,20,180,4.7"
"Site 4024,97.439650,15.414058,Mingaladon,Shan,43,65,0.8"
"Site 4025,95.899107,15.558558,Mingaladon,Naypyidaw,237,90,1.2"
"Site 4026,93.952839,19.061714,Dagon,Bago,228,65,3.2"
"Site 4027,97.319479,18.293575,South Okkalapa,Magway,120,120,3.5"
"Site 4028,98.598680,15.161478,Hlaing,Ayeyarwady,24,60,1.2"
"Site 4029,95.856177,16.301147,Hlaingthaya,Shan,219,90,5.7"
"Site 4030,97.013157,21.621904,Hlaingthaya,Ayeyarwady,162,60,0.8"
"Site 4031,98.309494,15.162468,Mayangone,Bago,59,90,3.2"
"Site 4032,98.233810,19.730020,Hlaing,Ayeyarwady,279,65,6.0"
"Site 4033,95.614763,21.340250,Kyauktada,Naypyidaw,18,90,5.2"
"Site 4034,96.386300,18.787902,Yankin,Yangon,31,120,5.0"
"Site 4035,94.916893,18.744556,Kyauktada,Yangon,209,90,7.6"
"Site 4036,98.618054,21.299952,Pazundaung,Mon,310,90,4.0"
"Site 4037,98.503747,19.659802,Mingalar Taung Nyunt,Naypyidaw,247,45,1.9"
"Site 4038,97.148856,15.418988,North Okkalapa,Mon,250,60,4.8"
"Site 4039,94.488518,21.694771,Botahtaung,Sagaing,40,60,7.3"
"Site 4040,96.440019,18.095933,Mingaladon,Bago,307,60,7.4"
"Site 4041,95.982009,21.412498,Shwepyitha,Mon,95,45,3.1"
"Site 4042,95.688716,18.721675,Hlaingthaya,Mon,207,65,7.2"
"Site 4043,97.033232,21.981026,Seikkan,Ayeyarwady,295,60,6.0"
"Site 4044,94.854654,19.688762,Dagon,Bago,153,180,6.4"
"Site 4045,98.202383,16.908513,Botahtaung,Bago,224,60,1.5"
"Site 4046,97.846902,20.974504,Mingaladon,Sagaing,2,120,1.0"
"Site 4047,94.997952,19.298918,South Okkalapa,Yangon,58,60,2.9"
"Site 4048,94.216411,17.318272,Dagon,Mon,341,120,6.7"
"Site 4049,96.892439,20.029426,South Okkalapa,Kayin,147,65,4.8"
"Site 4050,96.332520,15.850731,South Okkalapa,Yangon,122,60,7.9"
"Site 4051,96.316021,20.416321,Hlaingthaya,Mandalay,137,120,7.5"
"Site 4052,98.984760,16.799483,South Okkalapa,Magway,175,90,4.4"
"Site 4053,97.055041,16.660167,Dala,Ayeyarwady,221,65,6.7"
"Site 4054,96.565034,19.670850,Shwepyitha,Sagaing,219,45,1.7"
"Site 4055,95.155098,17.740518,Yankin,Naypyidaw,160,65,4.0"
"Site 4056,97.687541,19.226746,Shwepyitha,Shan,76,120,0.8"
"Site 4057,95.958032,19.604636,Mayangone,Ayeyarwady,229,45,5.2"
"Site 4058,95.667963,20.748816,Hlaing,Yangon,76,65,6.5"
"Site 4059,93.901250,21.786264,Dala,Yangon,178,180,7.3"
"Site 4060,97.699844,15.721776,Seikkan,Kayin,171,45,3.7"
"Site 4061,95.425255,19.916184,Seikkan,Sagaing,96,60,2.6"
"Site 4062,93.156635,21.978478,Hlaing,Magway,248,120,6.5"
"Site 4063,96.582529,16.246576,South Okkalapa,Mandalay,68,45,4.7"
"Site 4064,98.485650,15.789740,Dagon,Magway,72,180,4.9"
"Site 4065,95.226397,20.352355,Shwepyitha,Naypyidaw,183,45,4.8"
"Site 4066,95.674184,19.423924,Mayangone,Ayeyarwady,303,65,1.9"
"Site 4067,94.309660,16.629926,Botahtaung,Ayeyarwady,260,65,5.5"
"Site 4068,93.652777,18.119636,Kyauktada,Sagaing,20,180,5.3"
"Site 4069,97.995249,18.078519,Thingangyun,Shan,42,180,4.5"
"Site 4070,93.986029,16.779286,Hlaing,Mon,203,65,4.9"
"Site 4071,93.901312,17.611983,Hlaingthaya,Yangon,36,180,3.7"
"Site 4072,96.512455,18.315522,Dagon,Sagaing,139,90,5.9"
"Site 4073,94.814913,21.235429,Dala,Mandalay,38,120,6.6"
"Site 4074,94.134473,17.378594,Yankin,Naypyidaw,190,60,7.3"
"Site 4075,94.210721,15.945555,Botahtaung,Naypyidaw,162,180,7.8"
"Site 4076,96.828612,15.826713,South Okkalapa,Yangon,237,45,5.3"
"Site 4077,95.772534,15.749526,Thingangyun,Bago,307,60,1.4"
"Site 4078,94.259062,21.809543,Kamayut,Magway,194,45,3.9"
"Site 4079,96.640824,20.239284,Dagon,Naypyidaw,166,180,3.1"
"Site 4080,94.869618,16.400428,Botahtaung,Shan,353,180,3.1"
"Site 4081,97.090663,19.983714,Yankin,Magway,134,45,0.9"
"Site 4082,95.460509,20.441681,Insein,Mandalay,95,120,3.7"
"Site 4083,95.741433,15.319911,Dala,Yangon,231,60,6.7"
"Site 4084,97.491646,21.319307,Mingaladon,Mandalay,235,60,1.7"
"Site 4085,97.807199,18.973139,North Okkalapa,Naypyidaw,210,180,6.2"
"Site 4086,93.805383,16.759169,Mingaladon,Shan,202,45,5.7"
"Site 4087,98.158088,17.346006,Dala,Yangon,94,120,4.3"
"Site 4088,96.398619,19.560060,Yankin,Yangon,351,90,2.2"
"Site 4089,97.403113,19.241771,Pazundaung,Mon,262,180,1.2"
"Site 4090,93.232434,21.980994,Shwepyitha,Mon,221,60,1.2"
"Site 4091,96.887323,16.685219,Thingangyun,Yangon,270,90,0.7"
"Site 4092,98.795512,18.087554,Pazundaung,Magway,83,45,2.5"
"Site 4093,94.393163,19.380689,Insein,Bago,151,60,5.0"
"Site 4094,93.958810,16.848886,Mayangone,Mandalay,270,45,7.1"
"Site 4095,96.382059,15.333947,Pazundaung,Bago,217,65,4.1"
"Site 4096,95.137021,19.886699,Botahtaung,Sagaing,46,120,4.8"
"Site 4097,94.079882,16.779768,Dala,Mandalay,183,65,3.7"
"Site 4098,93.159689,21.167634,Insein,Shan,203,45,3.7"
"Site 4099,96.680266,16.624365,Mayangone,Shan,228,45,2.0"
"Site 4100,93.582659,20.316162,Thingangyun,Mandalay,42,45,6.9"
"Site 4101,98.049567,20.373857,Yankin,Yangon,171,65,0.9"
"Site 4102,95.096917,18.780903,Hlaing,Ayeyarwady,7,120,1.2"
"Site 4103,94.540586,20.597757,North Okkalapa,Ayeyarwady,118,180,1.6"
"Site 4104,98.444335,16.023816,Mayangone,Bago,342,90,1.3"
"Site 4105,98.718679,17.678531,South Okkalapa,Ayeyarwady,259,65,2.6"
"Site 4106,94.621503,20.033594,Mingalar Taung Nyunt,Ayeyarwady,47,45,6.1"
"Site 4107,96.132537,16.552648,Dala,Yangon,317,60,2.0"
"Site 4108,95.905765,21.951856,Hlaingthaya,Shan,15,180,6.4"
"Site 4109,95.405470,21.763540,Mingalar Taung Nyunt,Yangon,52,180,3.0"
"Site 4110,97.880533,16.016720,Dagon,Kayin,164,90,5.0"
"Site 4111,94.102580,17.224814,Seikkan,Bago,212,180,5.8"
"Site 4112,96.841192,18.795118,Dagon,Ayeyarwady,327,90,3.0"
"Site 4113,95.511080,17.883787,Mayangone,Yangon,322,180,6.1"
"Site 4114,93.373427,18.349280,Mingalar Taung Nyunt,Shan,237,180,5.8"
"Site 4115,94.787203,15.222677,Insein,Kayin,127,45,7.3"
"Site 4116,98.698791,21.292605,Botahtaung,Shan,238,180,7.7"
"Site 4117,94.616559,19.233247,Thingangyun,Sagaing,275,120,5.4"
"Site 4118,96.746233,20.740474,North Okkalapa,Shan,341,45,7.3"
"Site 4119,93.827678,19.360712,Dala,Mandalay,161,45,6.4"
"Site 4120,95.333395,21.243878,Mingaladon,Sagaing,10,120,0.9"
"Site 4121,93.856594,16.258143,Yankin,Yangon,286,45,2.4"
"Site 4122,95.642553,20.916136,Kamayut,Naypyidaw,8,60,1.7"
"Site 4123,93.181449,18.262220,Dagon,Sagaing,1,45,0.5"
"Site 4124,98.143370,18.999513,Kyauktada,Naypyidaw,297,180,4.5"
"Site 4125,96.526542,19.588346,Shwepyitha,Magway,278,45,2.4"
"Site 4126,95.163682,19.772877,Dala,Ayeyarwady,212,45,4.4"
"Site 4127,93.892542,16.009900,Botahtaung,Shan,14,60,1.8"
"Site 4128,93.180547,19.277390,Dagon,Naypyidaw,47,45,2.1"
"Site 4129,93.186904,19.694150,Yankin,Shan,183,180,2.5"
"Site 4130,93.955363,18.553869,Kamayut,Bago,205,60,3.8"
"Site 4131,97.290946,18.635092,Kamayut,Sagaing,176,180,5.4"
"Site 4132,94.552487,21.458998,Botahtaung,Mon,284,90,2.4"
"Site 4133,96.364933,15.386483,Mingaladon,Ayeyarwady,333,120,2.1"
"Site 4134,96.095519,16.367538,Mayangone,Ayeyarwady,252,45,5.4"
"Site 4135,97.621090,15.195541,Botahtaung,Sagaing,287,180,3.4"
"Site 4136,97.510797,17.090487,Mingalar Taung Nyunt,Yangon,153,120,5.7"
"Site 4137,96.230430,15.470912,Pazundaung,Kayin,205,120,4.7"
"Site 4138,95.859179,19.520721,Hlaingthaya,Shan,181,180,6.9"
"Site 4139,94.454988,21.989070,Shwepyitha,Mandalay,84,65,7.1"
"Site 4140,94.863875,15.721221,Mingalar Taung Nyunt,Kayin,47,180,7.4"
"Site 4141,95.502696,19.055484,Kyauktada,Naypyidaw,43,60,1.9"
"Site 4142,95.389698,21.963374,Dagon,Sagaing,0,45,7.5"
"Site 4143,95.261433,17.730182,Hlaing,Kayin,47,65,6.1"
"Site 4144,98.304881,16.705311,Seikkan,Shan,50,65,3.6"
"Site 4145,97.612924,16.050141,Yankin,Yangon,11,120,0.9"
"Site 4146,93.436139,15.374265,Mingalar Taung Nyunt,Bago,249,90,3.5"
"Site 4147,94.583887,16.991218,Kamayut,Mandalay,77,90,5.4"
"Site 4148,95.839878,18.310603,Shwepyitha,Yangon,46,60,1.0"
"Site 4149,95.321942,18.707559,Yankin,Mandalay,7,65,6.2"
"Site 4150,93.423867,18.071254,North Okkalapa,Naypyidaw,152,180,1.6"
"Site 4151,98.954977,20.735406,Pazundaung,Mon,74,90,7.8"
"Site 4152,97.891262,17.678560,Insein,Mon,41,180,4.2"
"Site 4153,96.138560,18.323476,South Okkalapa,Bago,91,60,5.3"
"Site 4154,93.916842,17.342406,Thingangyun,Kayin,240,120,3.2"
"Site 4155,96.412962,15.846639,Hlaing,Kayin,346,60,5.4"
"Site 4156,97.387009,15.124696,Hlaingthaya,Magway,249,90,5.8"
"Site 4157,96.710708,20.735315,Mingalar Taung Nyunt,Bago,41,90,2.4"
"Site 4158,93.466401,20.345212,Mingalar Taung Nyunt,Naypyidaw,165,65,6.9"
"Site 4159,96.730441,18.091455,North Okkalapa,Magway,97,60,3.2"
"Site 4160,97.436166,19.825524,Hlaingthaya,Mandalay,287,120,6.9"
"Site 4161,96.335425,15.448282,Shwepyitha,Sagaing,335,65,1.2"
"Site 4162,95.937801,15.157743,Hlaing,Yangon,205,45,7.8"
"Site 4163,94.566152,19.485134,North Okkalapa,Naypyidaw,216,120,0.7"
"Site 4164,94.970575,15.959282,Insein,Yangon,284,45,2.7"
"Site 4165,95.006145,21.917749,Mingalar Taung Nyunt,Ayeyarwady,317,90,2.5"
"Site 4166,96.732178,19.588058,Kyauktada,Ayeyarwady,224,65,4.5"
"Site 4167,96.273398,17.932013,Mayangone,Magway,89,65,1.9"
"Site 4168,96.320850,17.399444,Mingaladon,Yangon,153,45,0.7"
"Site 4169,98.464408,18.312014,Insein,Bago,349,180,1.6"
"Site 4170,95.587424,21.630747,Mayangone,Kayin,301,180,2.6"
"Site 4171,97.267046,20.495859,Pazundaung,Sagaing,219,45,1.4"
"Site 4172,96.260196,18.927665,Mingalar Taung Nyunt,Shan,113,120,6.9"
"Site 4173,94.165711,18.381875,Yankin,Yangon,357,45,3.3"
"Site 4174,98.531902,17.062187,Hlaingthaya,Naypyidaw,343,90,7.1"
"Site 4175,93.845909,21.278403,Kyauktada,Kayin,171,45,6.6"
"Site 4176,98.283141,20.483289,Mingalar Taung Nyunt,Sagaing,138,60,4.4"
"Site 4177,94.344290,16.389255,Dagon,Yangon,304,180,2.4"
"Site 4178,98.090976,21.829751,North Okkalapa,Mandalay,322,180,2.6"
"Site 4179,98.713465,19.364832,Pazundaung,Ayeyarwady,150,45,7.3"
"Site 4180,97.841781,20.689204,Mingalar Taung Nyunt,Ayeyarwady,217,120,2.0"
"Site 4181,94.248964,19.088629,Hlaing,Sagaing,281,65,1.5"
"Site 4182,96.238197,21.832768,North Okkalapa,Naypyidaw,335,180,5.5"
"Site 4183,95.470482,17.384031,Seikkan,Bago,23,90,6.1"
"Site 4184,98.802792,16.267199,Thingangyun,Kayin,31,60,5.5"
"Site 4185,94.699624,21.929638,Yankin,Bago,58,180,3.4"
"Site 4186,96.060623,17.133359,Hlaing,Bago,284,60,1.1"
"Site 4187,97.978741,19.773509,Botahtaung,Ayeyarwady,229,180,2.2"
"Site 4188,97.513864,15.266686,Mingalar Taung Nyunt,Yangon,24,45,1.2"
"Site 4189,93.002408,15.280327,Insein,Magway,55,60,2.4"
"Site 4190,94.593688,15.132163,Pazundaung,Naypyidaw,75,60,6.4"
"Site 4191,98.161174,17.535207,South Okkalapa,Kayin,115,65,3.5"
"Site 4192,96.540487,20.471817,Insein,Kayin,210,65,2.7"
"Site 4193,98.433746,17.382790,Seikkan,Kayin,79,60,5.0"
"Site 4194,97.943752,20.503288,Yankin,Mandalay,32,90,7.6"
"Site 4195,95.321626,17.229386,Mingaladon,Bago,94,90,7.6"
"Site 4196,96.472431,21.251859,Hlaingthaya,Bago,37,90,4.5"
"Site 4197,96.850230,18.092721,South Okkalapa,Naypyidaw,102,60,6.4"
"Site 4198,93.464325,20.281394,Shwepyitha,Yangon,133,60,7.5"
"Site 4199,98.469556,17.195049,Mayangone,Magway,275,65,3.3"
"Site 4200,95.448401,20.024909,Dagon,Naypyidaw,348,45,7.6"
"Site 4201,93.165370,16.181995,Kamayut,Sagaing,143,65,3.2"
"Site 4202,95.535705,16.991682,Mingaladon,Mandalay,298,180,0.9"
"Site 4203,94.253243,19.756523,Thingangyun,Kayin,290,90,1.2"
"Site 4204,94.706896,18.758783,Shwepyitha,Mon,188,45,4.7"
"Site 4205,96.460758,16.347183,North Okkalapa,Naypyidaw,244,180,2.2"
"Site 4206,93.228848,15.151959,Pazundaung,Bago,5,60,5.4"
"Site 4207,98.076273,18.470620,Mayangone,Magway,304,45,5.1"
"Site 4208,94.747873,18.529747,Yankin,Kayin,297,60,6.3"
"Site 4209,94.125054,16.290591,Dala,Shan,343,90,1.8"
"Site 4210,96.570121,17.282472,Mingaladon,Bago,32,45,5.9"
"Site 4211,98.287917,15.179603,Kyauktada,Mandalay,46,45,0.6"
"Site 4212,96.509949,20.652443,Mingaladon,Mandalay,354,60,2.6"
"Site 4213,94.519073,21.051600,Seikkan,Naypyidaw,118,120,1.3"
"Site 4214,97.814194,17.275216,Botahtaung,Mon,35,90,3.3"
"Site 4215,94.336099,20.229624,Yankin,Mon,255,120,3.4"
"Site 4216,96.388541,17.189811,Botahtaung,Ayeyarwady,210,90,7.1"
"Site 4217,96.702744,17.636660,Kyauktada,Naypyidaw,162,180,3.8"
"Site 4218,94.312215,19.242326,Mingalar Taung Nyunt,Naypyidaw,18,65,5.2"
"Site 4219,97.060569,17.666738,Kyauktada,Naypyidaw,142,65,1.7"
"Site 4220,96.672419,19.515901,Dagon,Naypyidaw,5,180,1.1"
"Site 4221,95.625473,17.035714,North Okkalapa,Ayeyarwady,215,60,3.2"
"Site 4222,94.640638,15.079160,Thingangyun,Mon,96,120,6.2"
"Site 4223,97.597004,21.483238,North Okkalapa,Kayin,37,65,4.7"
"Site 4224,95.617838,18.461519,Shwepyitha,Mon,310,65,0.8"
"Site 4225,98.726939,16.505929,North Okkalapa,Yangon,264,180,6.1"
"Site 4226,97.541214,19.297231,Pazundaung,Naypyidaw,82,45,2.8"
"Site 4227,93.434449,17.007366,Botahtaung,Sagaing,115,120,2.4"
"Site 4228,94.037633,16.082916,South Okkalapa,Mandalay,19,180,1.6"
"Site 4229,97.574455,16.296428,South Okkalapa,Mandalay,254,60,5.4"
"Site 4230,97.022465,19.186023,Thingangyun,Ayeyarwady,79,120,1.4"
"Site 4231,95.567449,16.687471,Mingaladon,Kayin,181,45,2.9"
"Site 4232,97.312188,19.718893,North Okkalapa,Mon,297,60,7.2"
"Site 4233,94.007974,19.630984,Mingalar Taung Nyunt,Bago,80,90,5.4"
"Site 4234,95.137299,17.072822,South Okkalapa,Mandalay,93,90,7.8"
"Site 4235,98.811115,19.564864,South Okkalapa,Kayin,277,90,5.4"
"Site 4236,97.766456,18.743470,Dala,Yangon,167,60,5.8"
"Site 4237,94.624386,21.529668,Shwepyitha,Mandalay,311,180,1.8"
"Site 4238,98.999642,18.060970,Kamayut,Shan,13,65,3.7"
"Site 4239,94.273334,19.306922,Botahtaung,Ayeyarwady,152,65,2.5"
"Site 4240,93.423706,17.516824,Shwepyitha,Mandalay,6,120,6.0"
"Site 4241,96.625499,16.467720,Pazundaung,Mandalay,353,60,5.8"
"Site 4242,95.122303,18.012204,Hlaingthaya,Ayeyarwady,27,90,5.4"
"Site 4243,96.842752,19.499114,Insein,Shan,123,60,4.4"
"Site 4244,95.284490,20.156004,Dala,Ayeyarwady,16,90,2.3"
"Site 4245,95.194244,17.021855,Seikkan,Mon,220,90,1.6"
"Site 4246,97.208922,21.974990,Yankin,Bago,25,120,7.2"
"Site 4247,95.536145,21.490487,Hlaing,Sagaing,291,60,1.5"
"Site 4248,97.754753,17.000295,Kamayut,Yangon,180,45,3.0"
"Site 4249,97.006980,18.572637,Insein,Yangon,39,45,2.9"
"Site 4250,98.436615,16.304632,Mingalar Taung Nyunt,Ayeyarwady,108,90,3.4"
"Site 4251,95.743326,21.376201,North Okkalapa,Kayin,131,65,5.8"
"Site 4252,97.665195,16.688188,Mingalar Taung Nyunt,Kayin,308,120,5.8"
"Site 4253,98.234907,21.379566,Hlaing,Ayeyarwady,185,45,2.5"
"Site 4254,96.841811,16.343199,Kamayut,Kayin,302,180,2.4"
"Site 4255,94.224050,15.550635,Dala,Shan,25,180,6.5"
"Site 4256,94.221817,16.867146,North Okkalapa,Ayeyarwady,77,45,3.9"
"Site 4257,98.931712,19.814723,Kamayut,Kayin,243,65,1.7"
"Site 4258,95.463246,15.825819,Thingangyun,Magway,29,90,6.7"
"Site 4259,98.981595,15.149710,Yankin,Naypyidaw,122,45,0.6"
"Site 4260,95.754770,15.567032,Kamayut,Bago,16,120,4.4"
"Site 4261,95.355493,17.046737,Yankin,Shan,152,120,3.9"
"Site 4262,93.336477,17.971996,South Okkalapa,Sagaing,310,65,6.2"
"Site 4263,93.844471,20.671839,Yankin,Shan,133,65,7.5"
"Site 4264,98.251950,21.215999,Kyauktada,Sagaing,120,65,3.3"
"Site 4265,97.062923,17.444377,Seikkan,Yangon,134,45,0.9"
"Site 4266,94.487913,15.314998,Shwepyitha,Ayeyarwady,215,90,5.8"
"Site 4267,95.428465,16.904460,Kamayut,Bago,180,90,7.6"
"Site 4268,97.237467,16.936507,Shwepyitha,Ayeyarwady,92,120,2.1"
"Site 4269,95.119925,21.927153,Botahtaung,Kayin,52,120,3.9"
"Site 4270,94.410559,20.971063,Insein,Magway,108,90,0.7"
"Site 4271,93.621137,16.692548,Mayangone,Kayin,331,90,4.9"
"Site 4272,96.019779,20.362766,Seikkan,Yangon,52,120,6.2"
"Site 4273,96.155690,20.490870,Kyauktada,Yangon,220,120,0.6"
"Site 4274,94.538329,16.019895,Mayangone,Magway,57,120,3.3"
"Site 4275,93.460116,17.592264,Kamayut,Sagaing,340,90,0.7"
"Site 4276,94.280922,16.070190,Kamayut,Shan,107,45,4.8"
"Site 4277,96.075863,18.387107,Mingaladon,Naypyidaw,309,65,3.2"
"Site 4278,97.667041,20.383747,Dala,Naypyidaw,319,180,4.1"
"Site 4279,97.449112,18.006356,Mayangone,Ayeyarwady,143,90,6.7"
"Site 4280,98.839154,19.690144,Botahtaung,Yangon,42,120,6.4"
"Site 4281,98.927555,19.975385,Dagon,Bago,143,90,2.9"
"Site 4282,95.839176,19.593235,Mingalar Taung Nyunt,Mon,113,120,7.5"
"Site 4283,98.871144,16.082540,Dala,Yangon,296,65,5.0"
"Site 4284,98.957651,21.031657,Mingalar Taung Nyunt,Kayin,276,120,1.7"
"Site 4285,98.312313,19.181776,Pazundaung,Kayin,245,90,5.4"
"Site 4286,98.981760,16.639424,Shwepyitha,Naypyidaw,162,60,2.5"
"Site 4287,94.400589,16.941088,Thingangyun,Magway,248,180,2.7"
"Site 4288,95.012484,18.325550,Kamayut,Naypyidaw,38,65,6.0"
"Site 4289,94.181091,20.723370,Pazundaung,Mandalay,272,90,5.6"
"Site 4290,97.797831,19.539139,Yankin,Yangon,242,60,1.0"
"Site 4291,94.557423,18.280356,Hlaing,Mandalay,200,45,3.3"
"Site 4292,98.781183,19.090109,Seikkan,Mon,224,180,6.5"
"Site 4293,98.140825,19.562064,Shwepyitha,Mandalay,261,180,7.8"
"Site 4294,93.321037,19.259651,Hlaingthaya,Naypyidaw,174,120,4.3"
"Site 4295,97.010440,20.063254,South Okkalapa,Shan,133,60,0.8"
"Site 4296,93.039797,16.955620,Dala,Magway,50,65,7.3"
"Site 4297,97.926650,17.162253,Dala,Mon,177,180,3.1"
"Site 4298,93.323642,20.280522,Pazundaung,Bago,123,180,6.4"
"Site 4299,94.399226,21.068031,Yankin,Sagaing,244,120,1.2"
"Site 4300,98.183574,18.900126,Pazundaung,Mon,161,60,1.7"
"Site 4301,94.269482,18.114918,Pazundaung,Magway,342,45,3.4"
"Site 4302,96.272920,19.754977,Yankin,Shan,346,180,1.4"
"Site 4303,95.663797,17.647260,Mingaladon,Bago,201,120,6.0"
"Site 4304,96.608895,17.207858,Yankin,Naypyidaw,246,65,1.5"
"Site 4305,95.698392,17.352812,Dagon,Kayin,357,45,2.3"
"Site 4306,94.289661,16.974824,Mingaladon,Mandalay,169,90,7.8"
"Site 4307,94.141119,17.576905,Mayangone,Ayeyarwady,9,120,5.8"
"Site 4308,97.069232,20.320484,Hlaing,Mon,211,90,4.3"
"Site 4309,93.932443,21.713764,Seikkan,Ayeyarwady,47,90,2.0"
"Site 4310,97.232070,20.631560,Mayangone,Shan,163,45,0.7"
"Site 4311,93.505631,21.503374,Kamayut,Mandalay,183,90,1.3"
"Site 4312,93.893041,15.205761,Kamayut,Kayin,0,90,7.3"
"Site 4313,98.897126,17.339476,Kyauktada,Magway,136,45,7.1"
"Site 4314,96.382037,16.820564,Pazundaung,Bago,95,180,4.0"
"Site 4315,97.363809,20.942755,Shwepyitha,Naypyidaw,200,65,6.5"
"Site 4316,97.254739,19.511085,Botahtaung,Ayeyarwady,353,45,3.8"
"Site 4317,98.082554,18.985419,Dala,Mon,240,60,4.2"
"Site 4318,95.743875,15.080684,Thingangyun,Ayeyarwady,129,65,3.7"
"Site 4319,95.691057,15.149481,Insein,Shan,62,60,5.8"
"Site 4320,98.152995,16.563075,Dala,Naypyidaw,323,60,4.2"
"Site 4321,95.172437,16.725768,North Okkalapa,Sagaing,313,90,3.0"
"Site 4322,98.564938,15.075191,Kyauktada,Mandalay,108,180,3.9"
"Site 4323,94.923061,19.013867,Insein,Mon,8,120,5.4"
"Site 4324,98.936316,19.736155,Shwepyitha,Mon,249,180,5.2"
"Site 4325,95.995792,15.543177,Thingangyun,Bago,112,180,7.3"
"Site 4326,95.374062,19.661438,Shwepyitha,Mon,277,90,2.6"
"Site 4327,93.117743,20.281119,Seikkan,Ayeyarwady,241,120,4.2"
"Site 4328,97.532763,18.991757,Kamayut,Magway,301,60,2.8"
"Site 4329,96.784088,18.089314,Insein,Naypyidaw,5,180,2.0"
"Site 4330,98.820223,17.785941,Kyauktada,Yangon,358,180,5.7"
"Site 4331,95.718276,17.060270,Dagon,Shan,151,45,4.4"
"Site 4332,98.255961,19.893385,Kamayut,Yangon,133,180,1.6"
"Site 4333,93.197236,19.324120,Hlaingthaya,Magway,124,65,7.3"
"Site 4334,98.974812,20.264589,North Okkalapa,Sagaing,75,180,6.5"
"Site 4335,93.814357,21.110837,Kamayut,Sagaing,73,65,7.9"
"Site 4336,93.332376,17.853699,Hlaing,Kayin,209,90,4.1"
"Site 4337,95.916448,21.493822,Dagon,Mon,148,180,2.7"
"Site 4338,94.632158,16.226373,Dagon,Sagaing,354,45,2.5"
"Site 4339,95.936472,18.661242,South Okkalapa,Yangon,115,60,6.4"
"Site 4340,93.908072,19.292085,Hlaingthaya,Yangon,141,90,0.9"
"Site 4341,95.170911,21.267958,Thingangyun,Magway,319,60,4.8"
"Site 4342,96.559893,21.271394,Pazundaung,Bago,336,60,7.6"
"Site 4343,98.266411,21.751355,Hlaing,Kayin,278,60,7.9"
"Site 4344,94.480744,21.175189,Hlaing,Bago,199,90,4.9"
"Site 4345,95.370588,21.454881,Mayangone,Shan,165,180,7.8"
"Site 4346,94.361679,18.630596,Kamayut,Mandalay,175,180,6.7"
"Site 4347,96.733796,20.838922,Mayangone,Ayeyarwady,307,45,3.2"
"Site 4348,94.890757,16.908823,North Okkalapa,Mandalay,69,45,1.7"
"Site 4349,93.267695,21.717261,Hlaingthaya,Bago,2,90,0.7"
"Site 4350,93.624371,16.627471,Hlaing,Shan,81,120,1.9"
"Site 4351,95.653081,16.815906,Mingalar Taung Nyunt,Naypyidaw,291,90,3.8"
"Site 4352,97.427123,19.822152,Hlaing,Bago,358,45,3.1"
"Site 4353,94.107912,18.102187,Dala,Naypyidaw,27,60,4.2"
"Site 4354,93.768978,15.052527,Dala,Ayeyarwady,253,180,1.1"
"Site 4355,98.619441,20.642981,Pazundaung,Mon,280,45,3.4"
"Site 4356,94.134447,21.068233,Seikkan,Mon,155,90,3.7"
"Site 4357,98.779560,16.915300,Hlaingthaya,Ayeyarwady,71,180,4.5"
"Site 4358,94.087773,18.137448,Kamayut,Yangon,340,120,4.8"
"Site 4359,94.866485,15.846457,Seikkan,Bago,142,90,1.1"
"Site 4360,93.572838,21.578611,Dagon,Ayeyarwady,275,65,5.0"
"Site 4361,96.299253,18.027093,Botahtaung,Magway,57,90,7.5"
"Site 4362,94.872409,21.532375,Shwepyitha,Yangon,299,120,1.7"
"Site 4363,93.106970,19.775586,Hlaing,Mandalay,132,45,4.4"
"Site 4364,97.037260,15.102223,Mayangone,Shan,135,90,1.6"
"Site 4365,95.679288,18.770301,Seikkan,Mandalay,293,180,5.3"
"Site 4366,98.963908,17.288134,Thingangyun,Mandalay,358,60,5.7"
"Site 4367,94.064681,19.106110,Mingaladon,Bago,172,180,4.5"
"Site 4368,93.616111,18.117994,Hlaingthaya,Ayeyarwady,281,65,3.5"
"Site 4369,96.727959,19.080397,Botahtaung,Mon,21,120,7.8"
"Site 4370,97.668484,20.783442,Thingangyun,Kayin,191,65,3.5"
"Site 4371,94.598701,15.312575,Pazundaung,Mandalay,131,65,5.7"
"Site 4372,96.517049,19.564586,Mingalar Taung Nyunt,Sagaing,13,60,2.5"
"Site 4373,98.296176,19.503128,Kyauktada,Kayin,357,45,0.6"
"Site 4374,94.029454,20.388924,Mingaladon,Ayeyarwady,350,90,2.9"
"Site 4375,94.881348,15.224959,Thingangyun,Bago,344,65,3.9"
"Site 4376,98.491568,16.082367,Mayangone,Mon,243,45,7.4"
"Site 4377,94.161908,17.861251,Kamayut,Kayin,256,120,7.6"
"Site 4378,96.926099,18.928352,Dagon,Magway,246,90,1.6"
"Site 4379,93.600133,15.611004,Mayangone,Magway,323,90,7.1"
"Site 4380,98.313647,21.683902,Shwepyitha,Ayeyarwady,171,120,5.3"
"Site 4381,96.106895,21.277442,Mayangone,Magway,28,45,3.2"
"Site 4382,96.154741,17.765679,Insein,Naypyidaw,334,65,3.2"
"Site 4383,93.458746,21.050750,North Okkalapa,Mon,274,180,5.3"
"Site 4384,93.803833,21.843282,Yankin,Sagaing,167,65,5.4"
"Site 4385,98.015000,17.965457,North Okkalapa,Magway,149,90,1.6"
"Site 4386,98.300416,18.473239,Thingangyun,Shan,53,65,1.6"
"Site 4387,94.511942,19.879427,Mingaladon,Sagaing,146,120,6.4"
"Site 4388,94.524441,20.508429,Dala,Mon,318,120,0.7"
"Site 4389,98.549386,18.016780,Hlaingthaya,Mandalay,215,120,2.5"
"Site 4390,95.002905,19.557399,Mingalar Taung Nyunt,Naypyidaw,124,120,0.8"
"Site 4391,95.252341,21.760490,Hlaing,Ayeyarwady,161,45,5.6"
"Site 4392,96.728962,19.699824,South Okkalapa,Mandalay,84,180,2.2"
"Site 4393,94.832521,15.237000,Mingaladon,Sagaing,170,65,7.8"
"Site 4394,95.981905,20.273064,Mingaladon,Bago,102,90,4.8"
"Site 4395,98.883616,17.783585,Yankin,Ayeyarwady,149,60,0.7"
"Site 4396,93.836688,16.641946,Insein,Kayin,25,120,3.7"
"Site 4397,96.493422,21.019503,Thingangyun,Yangon,329,90,4.8"
"Site 4398,98.801142,15.434188,Kyauktada,Shan,325,120,3.3"
"Site 4399,96.572924,17.286281,Hlaing,Mandalay,179,45,2.2"
"Site 4400,94.995451,16.563665,Kamayut,Mandalay,36,65,3.0"
"Site 4401,98.000911,16.653633,Shwepyitha,Mandalay,301,60,2.0"
"Site 4402,95.553428,18.068564,Kamayut,Shan,159,180,2.2"
"Site 4403,93.278425,21.630280,Mingaladon,Naypyidaw,299,60,6.2"
"Site 4404,96.236568,15.463605,Shwepyitha,Bago,189,45,0.9"
"Site 4405,97.868676,19.113229,Hlaingthaya,Naypyidaw,72,45,0.9"
"Site 4406,94.978190,19.628669,South Okkalapa,Kayin,77,65,7.8"
"Site 4407,98.082186,18.629040,Seikkan,Ayeyarwady,118,65,5.6"
"Site 4408,93.120490,21.690882,Seikkan,Mandalay,259,180,6.5"
"Site 4409,96.277126,17.836675,Dagon,Bago,122,60,7.9"
"Site 4410,93.501073,21.905827,Hlaingthaya,Yangon,285,180,1.1"
"Site 4411,97.687348,17.840407,Thingangyun,Ayeyarwady,117,65,7.5"
"Site 4412,95.663225,18.081065,Insein,Sagaing,240,90,5.6"
"Site 4413,98.248664,15.230517,North Okkalapa,Mon,272,65,2.6"
"Site 4414,96.266108,17.224422,Botahtaung,Bago,228,90,7.8"
"Site 4415,96.520404,19.978407,Dala,Magway,23,90,3.7"
"Site 4416,97.047884,20.285502,Kyauktada,Mandalay,183,120,7.0"
"Site 4417,95.783159,19.235772,Dala,Bago,301,180,4.2"
"Site 4418,96.809282,18.824659,Kyauktada,Magway,117,45,2.8"
"Site 4419,97.428482,18.957629,Mayangone,Shan,257,65,1.9"
"Site 4420,95.570735,18.579550,Hlaing,Naypyidaw,321,90,5.2"
"Site 4421,96.762018,15.565422,Mingalar Taung Nyunt,Ayeyarwady,319,65,5.7"
"Site 4422,93.360858,20.595735,Shwepyitha,Mon,250,60,7.3"
"Site 4423,93.701177,15.859354,Insein,Magway,275,120,1.0"
"Site 4424,96.262455,19.709939,Botahtaung,Naypyidaw,161,90,6.8"
"Site 4425,94.781645,16.320600,Kyauktada,Sagaing,328,65,2.8"
"Site 4426,98.505783,16.642931,Hlaingthaya,Ayeyarwady,265,45,2.4"
"Site 4427,98.879380,20.935380,Pazundaung,Magway,288,180,4.5"
"Site 4428,93.216547,17.894128,Pazundaung,Sagaing,326,65,7.6"
"Site 4429,94.956132,17.040467,Kamayut,Ayeyarwady,348,65,5.0"
"Site 4430,94.608568,21.115834,Dagon,Bago,244,45,1.4"
"Site 4431,94.640297,16.563357,Mingaladon,Magway,274,65,6.1"
"Site 4432,94.032454,15.350248,Mingalar Taung Nyunt,Ayeyarwady,243,45,6.9"
"Site 4433,93.291769,17.611542,Kamayut,Mandalay,69,45,7.3"
"Site 4434,98.883486,21.384708,Botahtaung,Magway,324,60,7.8"
"Site 4435,94.276078,17.775923,Hlaing,Mon,39,120,4.7"
"Site 4436,93.273489,17.820453,Shwepyitha,Yangon,69,90,2.5"
"Site 4437,98.354396,20.299962,Pazundaung,Kayin,207,65,1.7"
"Site 4438,97.180973,21.349256,Thingangyun,Naypyidaw,197,120,6.2"
"Site 4439,97.228586,19.972385,Mingaladon,Naypyidaw,195,45,6.8"
"Site 4440,94.711247,16.030384,Hlaing,Sagaing,277,65,0.7"
"Site 4441,98.500781,21.503040,Dala,Magway,298,60,2.8"
"Site 4442,97.629987,18.979362,Botahtaung,Yangon,144,60,1.5"
"Site 4443,93.445089,18.766582,Hlaingthaya,Shan,290,120,1.2"
"Site 4444,94.287827,15.552197,Yankin,Mon,33,45,6.7"
"Site 4445,93.939395,21.254428,Seikkan,Mon,45,120,3.7"
"Site 4446,94.678685,18.342871,Thingangyun,Kayin,65,90,2.6"
"Site 4447,93.400370,20.414733,Kyauktada,Ayeyarwady,52,90,0.9"
"Site 4448,93.629987,21.423681,South Okkalapa,Naypyidaw,128,60,2.2"
"Site 4449,93.677738,20.788426,Kyauktada,Mandalay,0,180,7.1"
"Site 4450,98.619196,21.077579,Dala,Kayin,228,60,6.4"
"Site 4451,96.917632,19.461002,Pazundaung,Sagaing,32,65,2.5"
"Site 4452,93.083356,15.438714,Insein,Kayin,191,180,4.0"
"Site 4453,95.104941,19.843911,Mingaladon,Naypyidaw,227,65,2.0"
"Site 4454,94.811393,15.946006,Dagon,Bago,297,45,3.9"
"Site 4455,96.233546,19.135329,Mingaladon,Naypyidaw,141,65,8.0"
"Site 4456,94.687180,21.849788,Shwepyitha,Ayeyarwady,190,90,1.8"
"Site 4457,98.518690,17.977043,Shwepyitha,Ayeyarwady,58,65,4.8"
"Site 4458,97.163646,18.238788,Botahtaung,Shan,48,65,7.3"
"Site 4459,96.129592,19.503650,Yankin,Shan,332,45,4.1"
"Site 4460,98.667691,21.362799,Pazundaung,Mon,300,45,4.1"
"Site 4461,93.504099,16.539431,Insein,Bago,42,90,6.9"
"Site 4462,93.225571,21.068833,Thingangyun,Shan,111,45,2.0"
"Site 4463,95.320388,17.495341,Hlaing,Yangon,101,180,1.0"
"Site 4464,98.713230,19.786974,Kamayut,Ayeyarwady,202,60,7.5"
"Site 4465,96.530057,17.271616,South Okkalapa,Ayeyarwady,178,120,1.3"
"Site 4466,95.207056,16.221644,Shwepyitha,Ayeyarwady,61,180,7.5"
"Site 4467,94.660931,21.508893,Seikkan,Bago,201,180,2.2"
"Site 4468,96.418307,16.933230,Thingangyun,Mon,201,45,3.7"
"Site 4469,95.437373,19.185601,Shwepyitha,Kayin,290,180,2.7"
"Site 4470,96.689701,16.854613,Pazundaung,Mandalay,228,120,3.9"
"Site 4471,94.154332,21.214713,Shwepyitha,Mon,95,65,6.3"
"Site 4472,97.870488,19.712398,Mingalar Taung Nyunt,Sagaing,263,65,5.9"
"Site 4473,95.838955,18.585878,Mayangone,Kayin,47,120,2.7"
"Site 4474,94.443314,20.571451,North Okkalapa,Sagaing,324,90,4.2"
"Site 4475,95.872848,19.007821,Insein,Yangon,111,90,7.8"
"Site 4476,95.600351,20.009158,Insein,Mandalay,290,65,3.8"
"Site 4477,96.064298,15.704973,Pazundaung,Kayin,95,120,7.8"
"Site 4478,98.533380,18.116139,Insein,Magway,61,65,3.7"
"Site 4479,93.015723,21.293418,Insein,Yangon,290,120,1.1"
"Site 4480,95.760036,19.003879,Dagon,Ayeyarwady,122,180,4.9"
"Site 4481,96.878934,17.399516,South Okkalapa,Mandalay,265,65,4.8"
"Site 4482,93.495011,21.672966,Shwepyitha,Magway,143,45,5.8"
"Site 4483,93.788043,21.388634,Dagon,Ayeyarwady,351,90,2.6"
"Site 4484,98.413407,19.360048,Mingaladon,Yangon,337,120,4.9"
"Site 4485,98.059838,19.238874,Shwepyitha,Ayeyarwady,167,45,3.6"
"Site 4486,96.374267,15.539989,Mingaladon,Yangon,123,90,5.4"
"Site 4487,93.310790,16.462320,Mingalar Taung Nyunt,Magway,303,180,0.6"
"Site 4488,95.551356,20.235531,Dala,Mon,315,90,5.8"
"Site 4489,96.651976,16.774023,Pazundaung,Naypyidaw,315,45,2.5"
"Site 4490,94.108258,20.914944,South Okkalapa,Kayin,67,90,6.3"
"Site 4491,97.245308,16.377235,Hlaingthaya,Kayin,62,60,1.1"
"Site 4492,95.288683,17.217164,South Okkalapa,Yangon,320,45,4.3"
"Site 4493,98.743122,19.249402,Thingangyun,Mandalay,145,45,7.0"
"Site 4494,97.598484,16.333503,Dala,Yangon,4,60,5.4"
"Site 4495,98.726267,16.876369,Dagon,Bago,203,120,4.3"
"Site 4496,95.824229,19.996600,Dala,Naypyidaw,75,65,4.6"
"Site 4497,96.254158,19.728838,Hlaingthaya,Yangon,357,180,0.8"
"Site 4498,95.720085,18.008205,Botahtaung,Mon,122,65,7.7"
"Site 4499,93.434206,21.864682,Hlaingthaya,Shan,329,90,6.7"
"Site 4500,94.200174,16.443466,Yankin,Ayeyarwady,232,120,1.1"
"Site 4501,97.504057,20.116812,Shwepyitha,Shan,306,90,4.5"
"Site 4502,97.255789,16.473411,Seikkan,Bago,337,65,7.6"
"Site 4503,93.204778,20.763954,Mayangone,Ayeyarwady,8,90,7.6"
"Site 4504,97.023128,21.386269,Kyauktada,Magway,226,90,7.7"
"Site 4505,97.996139,16.009067,Thingangyun,Sagaing,212,65,6.4"
"Site 4506,95.306083,17.170565,Insein,Shan,230,180,5.9"
"Site 4507,96.189399,15.973276,Seikkan,Magway,275,120,5.6"
"Site 4508,93.979685,17.671565,Pazundaung,Kayin,139,45,1.9"
"Site 4509,98.204483,20.436910,Dagon,Sagaing,194,60,7.3"
"Site 4510,98.759700,16.099225,Kyauktada,Mandalay,226,60,6.8"
"Site 4511,94.788817,19.253115,Dagon,Magway,261,65,2.5"
"Site 4512,94.423486,17.593818,Hlaingthaya,Bago,142,180,5.0"
"Site 4513,98.691789,17.700104,Hlaingthaya,Ayeyarwady,135,65,7.3"
"Site 4514,94.879981,21.504649,Hlaingthaya,Ayeyarwady,207,65,3.0"
"Site 4515,98.377815,21.615474,Dala,Sagaing,336,65,3.8"
"Site 4516,95.265035,16.703645,Seikkan,Mon,151,60,7.5"
"Site 4517,93.643210,21.051125,Kyauktada,Magway,20,120,1.6"
"Site 4518,95.671396,18.667360,Hlaing,Kayin,123,90,7.9"
"Site 4519,98.996476,21.797355,Hlaing,Yangon,284,65,5.1"
"Site 4520,96.100711,16.328156,Hlaingthaya,Mandalay,202,45,1.5"
"Site 4521,95.962558,21.690374,South Okkalapa,Bago,98,180,5.2"
"Site 4522,98.687096,20.680215,Mingaladon,Sagaing,49,60,4.6"
"Site 4523,95.152250,19.921406,Mingalar Taung Nyunt,Yangon,109,180,7.6"
"Site 4524,97.948734,15.095978,Mingalar Taung Nyunt,Mandalay,186,65,2.4"
"Site 4525,93.203804,17.851554,Shwepyitha,Mon,94,60,7.7"
"Site 4526,93.211090,16.450212,Mingaladon,Bago,119,45,5.7"
"Site 4527,96.876154,17.391216,Thingangyun,Ayeyarwady,172,180,5.2"
"Site 4528,96.861543,18.325137,Dala,Yangon,161,90,2.1"
"Site 4529,94.148983,21.177125,Botahtaung,Mon,95,90,7.5"
"Site 4530,95.867903,17.021954,North Okkalapa,Ayeyarwady,153,45,5.7"
"Site 4531,95.665247,21.958148,Botahtaung,Magway,18,120,6.3"
"Site 4532,95.619259,19.845507,Kyauktada,Mon,182,120,5.8"
"Site 4533,98.674305,20.270722,North Okkalapa,Yangon,356,60,4.8"
"Site 4534,96.473233,17.671631,Yankin,Sagaing,191,60,3.0"
"Site 4535,96.461206,21.008832,Mingaladon,Naypyidaw,21,90,1.0"
"Site 4536,97.230595,16.243674,Shwepyitha,Naypyidaw,47,60,5.6"
"Site 4537,95.655045,16.212301,Pazundaung,Shan,76,120,3.6"
"Site 4538,94.499268,16.744615,Dala,Kayin,160,65,4.8"
"Site 4539,97.622888,20.276218,Dagon,Mon,147,45,1.1"
"Site 4540,96.553449,18.668326,Dagon,Sagaing,88,180,6.8"
"Site 4541,96.933909,16.823995,Mayangone,Naypyidaw,228,180,1.6"
"Site 4542,93.931464,18.197537,Mayangone,Kayin,62,65,3.9"
"Site 4543,94.831234,17.150187,Hlaingthaya,Sagaing,127,45,7.9"
"Site 4544,95.509478,20.892009,South Okkalapa,Magway,79,120,6.1"
"Site 4545,97.211284,16.950732,Pazundaung,Kayin,85,60,7.8"
"Site 4546,96.631611,15.037002,Seikkan,Sagaing,230,60,4.9"
"Site 4547,93.113411,19.395672,South Okkalapa,Sagaing,204,65,3.8"
"Site 4548,97.354524,19.039111,Mingalar Taung Nyunt,Mon,238,90,7.6"
"Site 4549,93.913160,21.951246,Mingaladon,Yangon,50,180,6.0"
"Site 4550,97.507853,21.790759,Hlaingthaya,Magway,155,90,5.4"
"Site 4551,98.209830,15.688637,North Okkalapa,Mon,283,120,3.5"
"Site 4552,95.557754,20.149352,Yankin,Bago,15,45,6.1"
"Site 4553,97.100003,17.409662,Botahtaung,Bago,275,180,5.8"
"Site 4554,95.881270,18.259314,Seikkan,Yangon,325,180,7.1"
"Site 4555,96.098408,18.531136,Thingangyun,Mon,59,60,7.1"
"Site 4556,94.557678,20.580638,Pazundaung,Mandalay,233,45,3.1"
"Site 4557,94.242710,20.846790,Insein,Ayeyarwady,75,180,2.8"
"Site 4558,93.084036,18.261340,Botahtaung,Shan,129,65,3.7"
"Site 4559,95.404037,18.063562,Mayangone,Kayin,11,120,7.3"
"Site 4560,94.468596,20.492717,North Okkalapa,Naypyidaw,230,90,5.5"
"Site 4561,97.248345,15.584884,Kamayut,Mandalay,312,90,7.1"
"Site 4562,95.265411,21.814499,Mingaladon,Magway,334,120,7.0"
"Site 4563,97.498162,16.791295,Hlaingthaya,Shan,99,60,1.5"
"Site 4564,96.204786,18.282150,Mingaladon,Shan,350,90,5.2"
"Site 4565,94.085983,19.914954,Hlaing,Magway,349,60,4.4"
"Site 4566,96.469915,18.071441,Pazundaung,Sagaing,47,180,3.2"
"Site 4567,95.029833,16.865086,Mingalar Taung Nyunt,Shan,289,90,2.0"
"Site 4568,94.168955,15.977800,Botahtaung,Mandalay,348,180,7.1"
"Site 4569,97.289717,21.992247,Pazundaung,Kayin,86,65,3.0"
"Site 4570,96.295589,20.001743,Dagon,Mon,179,45,4.7"
"Site 4571,97.977011,15.595200,Hlaingthaya,Shan,21,45,6.9"
"Site 4572,96.165792,19.167415,Botahtaung,Bago,197,120,2.3"
"Site 4573,95.972503,20.237387,Dagon,Kayin,86,90,5.1"
"Site 4574,98.462827,17.292983,Botahtaung,Mandalay,53,120,3.8"
"Site 4575,95.411510,20.728771,Yankin,Mandalay,342,180,0.8"
"Site 4576,96.058227,15.845545,Seikkan,Bago,353,90,5.4"
"Site 4577,93.907251,15.308208,Kyauktada,Sagaing,216,60,6.1"
"Site 4578,96.679982,18.608771,South Okkalapa,Sagaing,226,180,3.8"
"Site 4579,94.134806,17.116077,Shwepyitha,Shan,25,90,6.1"
"Site 4580,95.816080,16.324345,Seikkan,Mandalay,28,60,2.4"
"Site 4581,96.732954,16.791786,Seikkan,Sagaing,102,180,2.2"
"Site 4582,97.988776,19.253215,Pazundaung,Sagaing,121,90,3.3"
"Site 4583,94.596864,19.262939,Hlaing,Yangon,347,120,5.2"
"Site 4584,94.611427,17.890239,Seikkan,Mandalay,104,90,1.6"
"Site 4585,97.908506,15.927798,Shwepyitha,Magway,186,90,7.0"
"Site 4586,94.024506,16.694732,Shwepyitha,Mandalay,18,90,0.6"
"Site 4587,97.508530,20.602216,Pazundaung,Sagaing,161,180,4.9"
"Site 4588,95.451254,19.802910,North Okkalapa,Ayeyarwady,34,60,7.8"
"Site 4589,97.870637,15.343642,Dala,Sagaing,279,65,1.7"
"Site 4590,93.762937,21.970293,Seikkan,Naypyidaw,228,60,6.4"
"Site 4591,97.477073,21.776888,Botahtaung,Magway,37,120,4.0"
"Site 4592,98.377853,15.343840,Yankin,Mandalay,112,45,7.3"
"Site 4593,98.132414,15.406598,Yankin,Kayin,85,90,1.0"
"Site 4594,98.744517,16.900545,Pazundaung,Shan,295,180,5.3"
"Site 4595,96.331508,20.748001,North Okkalapa,Shan,93,60,1.1"
"Site 4596,95.957112,19.014136,Dagon,Sagaing,56,45,8.0"
"Site 4597,97.073292,17.873347,Hlaingthaya,Magway,221,90,7.7"
"Site 4598,93.039808,19.151934,Hlaing,Sagaing,291,120,1.5"
"Site 4599,93.590396,15.566362,Kamayut,Ayeyarwady,51,180,5.1"
"Site 4600,94.010779,19.588308,Pazundaung,Magway,316,60,3.2"
"Site 4601,93.004416,16.581213,South Okkalapa,Yangon,263,65,5.3"
"Site 4602,98.591475,17.555948,Mingalar Taung Nyunt,Yangon,214,65,7.5"
"Site 4603,96.891877,18.365552,Kamayut,Kayin,205,120,6.6"
"Site 4604,98.559529,20.614575,Dagon,Yangon,19,65,7.2"
"Site 4605,95.066937,16.477815,Dagon,Bago,278,90,7.5"
"Site 4606,94.013043,18.385409,Shwepyitha,Sagaing,99,60,5.3"
"Site 4607,93.452260,15.735934,Mayangone,Yangon,112,65,7.8"
"Site 4608,94.336952,19.843521,North Okkalapa,Sagaing,223,90,0.6"
"Site 4609,93.402422,21.351756,Seikkan,Bago,238,65,1.5"
"Site 4610,98.880623,16.950308,North Okkalapa,Kayin,118,60,3.7"
"Site 4611,97.355364,15.865170,Hlaingthaya,Mandalay,19,65,6.9"
"Site 4612,93.238016,19.036719,Dagon,Shan,71,60,6.6"
"Site 4613,93.798112,20.197864,Seikkan,Naypyidaw,172,120,4.2"
"Site 4614,94.354124,15.477479,Hlaing,Ayeyarwady,82,180,1.4"
"Site 4615,93.663853,19.428162,Hlaing,Shan,41,90,2.6"
"Site 4616,98.148801,16.755360,Hlaingthaya,Kayin,263,65,3.9"
"Site 4617,96.377622,16.341483,Thingangyun,Magway,308,65,4.6"
"Site 4618,95.044319,16.899768,Mayangone,Yangon,177,45,3.3"
"Site 4619,97.885798,17.637777,Seikkan,Kayin,241,90,6.3"
"Site 4620,98.598500,18.525729,Seikkan,Bago,172,90,7.0"
"Site 4621,96.949403,17.433468,Seikkan,Mon,354,45,7.3"
"Site 4622,95.360366,21.169212,Dagon,Yangon,60,45,5.6"
"Site 4623,93.471350,18.370346,Mingalar Taung Nyunt,Ayeyarwady,125,90,4.7"
"Site 4624,98.676667,20.103678,Shwepyitha,Magway,173,65,1.5"
"Site 4625,97.563681,15.599293,South Okkalapa,Mandalay,250,65,3.3"
"Site 4626,96.613277,19.238857,Hlaingthaya,Bago,254,120,6.9"
"Site 4627,96.731930,17.526715,Pazundaung,Naypyidaw,323,65,7.5"
"Site 4628,95.163034,19.087853,Kyauktada,Mandalay,287,120,3.3"
"Site 4629,96.833468,18.628008,Dala,Mon,355,65,4.3"
"Site 4630,96.117696,20.806866,Mingaladon,Bago,317,180,3.9"
"Site 4631,94.686178,19.537065,Pazundaung,Bago,95,180,2.2"
"Site 4632,97.559533,19.082017,Yankin,Shan,279,180,6.2"
"Site 4633,94.715897,20.638932,Seikkan,Mon,81,60,6.5"
"Site 4634,95.644077,21.284778,North Okkalapa,Sagaing,289,120,7.2"
"Site 4635,96.261526,18.943057,Mayangone,Magway,310,60,5.7"
"Site 4636,93.194858,18.675938,Dala,Kayin,113,90,2.8"
"Site 4637,96.578020,19.649994,Mingalar Taung Nyunt,Sagaing,238,90,3.9"
"Site 4638,97.415996,19.544353,Hlaingthaya,Mon,321,45,6.5"
"Site 4639,94.795499,16.069100,Insein,Magway,133,60,7.3"
"Site 4640,97.871007,18.533743,Hlaingthaya,Magway,156,90,5.3"
"Site 4641,94.314610,21.024856,Dagon,Mon,31,180,6.3"
"Site 4642,95.753811,20.815553,Mayangone,Yangon,86,45,6.4"
"Site 4643,96.238950,15.072905,Mingalar Taung Nyunt,Ayeyarwady,7,120,2.0"
"Site 4644,98.473030,15.744047,Hlaingthaya,Sagaing,306,180,6.0"
"Site 4645,98.471948,16.943379,Hlaingthaya,Bago,179,60,2.5"
"Site 4646,94.289466,15.356392,Kamayut,Magway,147,65,5.9"
"Site 4647,96.265033,20.720018,Hlaing,Kayin,86,180,7.7"
"Site 4648,93.946413,21.651394,Mingalar Taung Nyunt,Mon,143,120,7.8"
"Site 4649,97.651372,18.587547,Shwepyitha,Ayeyarwady,50,60,3.6"
"Site 4650,94.409364,20.384541,Kamayut,Naypyidaw,21,60,1.7"
"Site 4651,95.269407,17.239716,Thingangyun,Ayeyarwady,342,180,2.2"
"Site 4652,95.907160,18.774158,Yankin,Yangon,1,60,2.5"
"Site 4653,97.307190,20.171160,Mayangone,Bago,26,60,4.3"
"Site 4654,96.957026,17.490521,Hlaing,Magway,287,120,1.1"
"Site 4655,94.054671,21.167283,Thingangyun,Shan,40,180,5.6"
"Site 4656,94.705712,21.481523,Mayangone,Magway,217,120,7.7"
"Site 4657,97.599217,18.133379,Mayangone,Ayeyarwady,334,120,0.8"
"Site 4658,93.685694,21.448118,Botahtaung,Sagaing,18,180,7.7"
"Site 4659,97.064287,20.429866,Kyauktada,Naypyidaw,51,60,5.4"
"Site 4660,95.125607,15.765058,Pazundaung,Sagaing,201,45,6.1"
"Site 4661,97.581892,15.012386,Pazundaung,Magway,83,90,4.1"
"Site 4662,97.047879,15.468145,Kamayut,Magway,179,60,0.8"
"Site 4663,94.294460,16.276729,Insein,Shan,44,120,4.5"
"Site 4664,98.543013,16.124391,Hlaing,Ayeyarwady,120,180,1.4"
"Site 4665,94.249996,18.271355,Thingangyun,Magway,192,90,3.3"
"Site 4666,93.061052,15.017297,Mayangone,Kayin,272,120,5.4"
"Site 4667,94.060653,20.758168,Dala,Sagaing,92,90,5.4"
"Site 4668,97.687273,16.266054,Pazundaung,Bago,100,60,7.9"
"Site 4669,94.506797,17.683392,Kamayut,Kayin,316,120,2.5"
"Site 4670,95.710240,20.779445,Kyauktada,Naypyidaw,75,120,0.5"
"Site 4671,98.026822,21.505137,Pazundaung,Sagaing,1,60,6.6"
"Site 4672,95.214256,16.555493,Seikkan,Mon,117,120,1.1"
"Site 4673,96.461193,21.749496,Thingangyun,Naypyidaw,116,180,6.4"
"Site 4674,98.998086,17.163594,Insein,Bago,34,120,1.3"
"Site 4675,98.759706,20.934374,Dala,Shan,29,120,2.9"
"Site 4676,96.535677,18.187921,South Okkalapa,Shan,291,180,7.0"
"Site 4677,95.928629,18.897786,Kamayut,Bago,100,65,5.0"
"Site 4678,95.259335,20.021675,Yankin,Sagaing,74,120,0.8"
"Site 4679,95.034463,17.942632,Mingalar Taung Nyunt,Ayeyarwady,50,90,6.1"
"Site 4680,95.628385,15.726968,North Okkalapa,Shan,351,120,5.1"
"Site 4681,95.358066,20.601762,Botahtaung,Shan,346,45,5.6"
"Site 4682,93.342162,18.135282,South Okkalapa,Naypyidaw,59,120,3.0"
"Site 4683,97.665144,16.111336,Mingaladon,Kayin,99,90,4.0"
"Site 4684,93.503653,18.390129,South Okkalapa,Shan,359,180,7.7"
"Site 4685,95.517325,17.529168,Mingalar Taung Nyunt,Yangon,213,90,3.8"
"Site 4686,97.474238,21.559308,Shwepyitha,Magway,228,90,5.2"
"Site 4687,97.963936,15.682762,Botahtaung,Mandalay,252,45,2.0"
"Site 4688,96.111097,17.517179,North Okkalapa,Naypyidaw,316,90,4.5"
"Site 4689,93.998040,21.004370,Botahtaung,Sagaing,272,45,1.9"
"Site 4690,93.838328,19.844726,Mingaladon,Naypyidaw,289,90,2.9"
"Site 4691,96.940249,18.559289,Yankin,Mandalay,14,120,0.7"
"Site 4692,96.573963,19.062846,Yankin,Mon,177,120,7.9"
"Site 4693,95.466181,15.992235,Yankin,Magway,24,45,6.1"
"Site 4694,93.540152,16.056423,Hlaingthaya,Kayin,296,90,1.0"
"Site 4695,98.234148,19.069695,Pazundaung,Mandalay,155,180,1.6"
"Site 4696,93.842062,15.802575,Hlaingthaya,Sagaing,284,60,4.5"
"Site 4697,94.451848,16.139239,Mayangone,Bago,105,180,3.9"
"Site 4698,93.347331,21.181174,Dagon,Bago,245,180,3.3"
"Site 4699,93.481169,18.975155,South Okkalapa,Shan,9,60,7.8"
"Site 4700,93.799655,19.579814,Dagon,Mon,319,60,0.5"
"Site 4701,96.330118,19.620346,Kyauktada,Mandalay,89,60,7.3"
"Site 4702,95.298732,19.798056,Kyauktada,Magway,356,120,3.2"
"Site 4703,96.718059,17.497774,Mayangone,Magway,102,60,2.2"
"Site 4704,94.579934,21.972844,Botahtaung,Sagaing,160,65,5.1"
"Site 4705,93.765974,15.334321,Mingalar Taung Nyunt,Shan,236,180,4.3"
"Site 4706,97.089958,15.340437,Pazundaung,Magway,143,180,5.0"
"Site 4707,94.768981,19.866781,Pazundaung,Shan,213,120,6.0"
"Site 4708,98.480132,18.673259,South Okkalapa,Mon,299,45,2.5"
"Site 4709,94.093634,16.952763,Thingangyun,Naypyidaw,108,65,5.4"
"Site 4710,97.498978,21.431184,Seikkan,Ayeyarwady,247,65,7.6"
"Site 4711,97.459380,19.170669,Mingaladon,Yangon,29,45,7.6"
"Site 4712,97.266654,16.068995,Insein,Ayeyarwady,205,180,5.9"
"Site 4713,98.576867,17.025752,Dagon,Shan,148,60,1.6"
"Site 4714,95.456565,16.395609,Dagon,Shan,221,120,1.5"
"Site 4715,98.640030,15.723144,North Okkalapa,Shan,105,60,5.0"
"Site 4716,97.239753,18.231512,Shwepyitha,Naypyidaw,129,60,7.8"
"Site 4717,95.207920,19.279475,Thingangyun,Bago,161,180,0.8"
"Site 4718,93.595018,18.206912,Mayangone,Yangon,216,180,4.0"
"Site 4719,94.167753,17.621525,Dagon,Shan,136,60,4.9"
"Site 4720,97.952943,18.621280,Hlaing,Magway,93,90,6.4"
"Site 4721,98.954525,19.733431,Dala,Mandalay,277,60,0.5"
"Site 4722,94.080524,16.287903,Kamayut,Mandalay,180,180,3.4"
"Site 4723,94.806891,16.243622,Insein,Mandalay,199,90,2.1"
"Site 4724,94.258159,19.811092,Mingaladon,Shan,229,45,3.7"
"Site 4725,94.387762,15.177480,Mingaladon,Ayeyarwady,108,45,2.0"
"Site 4726,93.895660,16.542151,Shwepyitha,Naypyidaw,233,120,5.7"
"Site 4727,98.788736,17.007335,Mingalar Taung Nyunt,Naypyidaw,65,45,7.7"
"Site 4728,97.493406,17.425224,Thingangyun,Magway,286,120,0.9"
"Site 4729,93.473054,17.818247,South Okkalapa,Shan,147,60,5.2"
"Site 4730,95.598640,17.614210,Thingangyun,Kayin,125,90,0.6"
"Site 4731,94.782921,15.671550,Kyauktada,Kayin,73,60,6.0"
"Site 4732,93.844098,18.900896,Pazundaung,Kayin,282,90,1.8"
"Site 4733,93.232227,21.200442,South Okkalapa,Bago,54,120,3.7"
"Site 4734,93.489009,16.297692,Kamayut,Kayin,89,180,3.8"
"Site 4735,93.236440,18.957139,Mayangone,Yangon,192,45,2.7"
"Site 4736,97.601342,15.306569,Mayangone,Sagaing,232,60,1.1"
"Site 4737,98.161874,19.342117,Botahtaung,Mandalay,311,180,5.4"
"Site 4738,96.798615,20.682537,Hlaingthaya,Mon,176,120,3.6"
"Site 4739,93.052444,17.764589,Yankin,Yangon,193,90,6.9"
"Site 4740,96.038779,18.618354,Botahtaung,Shan,298,60,0.5"
"Site 4741,97.280926,17.649392,Dagon,Sagaing,30,90,3.1"
"Site 4742,95.464683,15.118708,Hlaingthaya,Ayeyarwady,329,60,3.9"
"Site 4743,98.314000,17.867264,Seikkan,Shan,232,65,1.5"
"Site 4744,96.460571,19.819616,Kamayut,Sagaing,293,120,1.0"
"Site 4745,95.427609,19.979737,Dala,Shan,60,120,2.7"
"Site 4746,96.855588,16.737734,South Okkalapa,Ayeyarwady,274,180,6.4"
"Site 4747,95.983469,18.562750,Thingangyun,Bago,150,45,4.3"
"Site 4748,94.300459,15.328917,Seikkan,Ayeyarwady,147,45,1.0"
"Site 4749,98.641548,19.620509,Seikkan,Mandalay,35,90,8.0"
"Site 4750,96.782379,18.083949,Dala,Magway,109,45,0.6"
"Site 4751,94.628358,16.495644,Mingaladon,Magway,308,45,5.6"
"Site 4752,98.191873,18.780611,Insein,Sagaing,31,65,4.4"
"Site 4753,97.037721,20.597363,Dagon,Magway,138,45,5.2"
"Site 4754,98.996100,20.026683,Dagon,Shan,35,180,2.1"
"Site 4755,93.331902,16.755236,Botahtaung,Shan,197,45,7.5"
"Site 4756,97.315484,21.454530,Pazundaung,Ayeyarwady,45,90,0.8"
"Site 4757,95.240754,20.192984,Mayangone,Yangon,76,60,4.6"
"Site 4758,93.586475,19.910680,Seikkan,Bago,152,120,1.2"
"Site 4759,93.244794,19.436219,Thingangyun,Kayin,293,65,7.3"
"Site 4760,95.383935,15.643878,South Okkalapa,Yangon,250,180,7.4"
"Site 4761,93.477820,18.328294,Dagon,Sagaing,327,45,0.7"
"Site 4762,95.613579,17.707143,Seikkan,Ayeyarwady,342,65,7.4"
"Site 4763,94.833676,15.840179,Mingaladon,Naypyidaw,243,90,2.3"
"Site 4764,97.585882,19.906132,Thingangyun,Bago,334,60,6.5"
"Site 4765,95.286979,21.531457,Mingalar Taung Nyunt,Kayin,46,90,2.9"
"Site 4766,96.358996,18.825846,Seikkan,Shan,48,60,7.3"
"Site 4767,97.190858,21.261809,Kyauktada,Ayeyarwady,31,45,7.6"
"Site 4768,96.207261,18.404669,Dala,Yangon,53,120,7.9"
"Site 4769,96.757421,20.490287,Botahtaung,Magway,48,45,1.2"
"Site 4770,96.385279,16.116292,Kamayut,Naypyidaw,188,90,1.8"
"Site 4771,95.562162,15.370933,Hlaingthaya,Shan,248,45,5.6"
"Site 4772,98.241974,16.040470,Thingangyun,Bago,79,45,5.8"
"Site 4773,93.684366,17.131743,Dala,Mandalay,340,45,2.8"
"Site 4774,96.160137,21.122677,Pazundaung,Magway,0,60,2.9"
"Site 4775,94.994860,15.255957,Botahtaung,Ayeyarwady,352,60,6.7"
"Site 4776,94.455468,17.975051,Hlaingthaya,Naypyidaw,92,180,2.7"
"Site 4777,93.673107,19.123162,Mingalar Taung Nyunt,Naypyidaw,66,45,6.4"
"Site 4778,98.221194,18.540125,Mingaladon,Bago,222,90,1.6"
"Site 4779,96.692711,19.176460,Insein,Magway,66,90,4.7"
"Site 4780,93.430378,19.970655,Hlaing,Naypyidaw,194,45,2.8"
"Site 4781,98.256165,21.768785,North Okkalapa,Mandalay,93,60,6.6"
"Site 4782,93.969445,19.648080,South Okkalapa,Naypyidaw,18,65,5.7"
"Site 4783,98.528987,15.700902,Mingaladon,Naypyidaw,118,45,1.8"
"Site 4784,97.447013,19.278380,Dagon,Ayeyarwady,338,90,1.8"
"Site 4785,94.431763,16.510166,Mingalar Taung Nyunt,Kayin,290,120,1.0"
"Site 4786,97.770778,17.137165,North Okkalapa,Ayeyarwady,28,90,1.6"
"Site 4787,94.273418,18.668089,Mingalar Taung Nyunt,Ayeyarwady,70,45,6.1"
"Site 4788,96.055574,20.319045,Mingalar Taung Nyunt,Mon,154,45,7.2"
"Site 4789,93.013328,18.648102,Kyauktada,Magway,307,60,5.8"
"Site 4790,94.252004,15.313103,Dala,Mandalay,225,120,7.1"
"Site 4791,97.214420,19.798566,Dala,Kayin,108,45,6.1"
"Site 4792,93.644506,15.879351,South Okkalapa,Ayeyarwady,305,120,5.0"
"Site 4793,94.549636,21.560313,Kamayut,Yangon,222,180,2.4"
"Site 4794,97.781123,16.465706,Thingangyun,Mandalay,61,90,2.3"
"Site 4795,95.768107,21.682579,Dagon,Sagaing,154,45,7.6"
"Site 4796,97.181035,17.822907,North Okkalapa,Yangon,37,90,3.6"
"Site 4797,97.219179,15.202952,Mingalar Taung Nyunt,Naypyidaw,26,120,7.3"
"Site 4798,93.636662,19.560688,Hlaingthaya,Yangon,6,65,4.7"
"Site 4799,96.905918,18.162630,Shwepyitha,Ayeyarwady,240,65,6.1"
"Site 4800,96.739258,21.470330,South Okkalapa,Shan,73,60,1.0"
"Site 4801,94.865611,16.403983,Mayangone,Yangon,159,120,3.6"
"Site 4802,96.977090,20.787028,Seikkan,Mandalay,312,180,4.4"
"Site 4803,96.805552,15.038457,Dagon,Shan,213,120,3.5"
"Site 4804,93.781915,15.467819,Seikkan,Shan,268,45,6.6"
"Site 4805,97.666333,21.750262,Mingaladon,Mandalay,218,45,4.8"
"Site 4806,94.635991,19.433155,North Okkalapa,Mandalay,19,65,4.6"
"Site 4807,97.762252,17.660379,Hlaingthaya,Shan,24,90,0.6"
"Site 4808,93.036646,16.806712,Pazundaung,Yangon,355,60,6.6"
"Site 4809,93.864571,19.443995,Kyauktada,Bago,104,120,7.0"
"Site 4810,97.730758,15.823472,Mingaladon,Bago,96,65,6.8"
"Site 4811,98.683697,18.219796,Botahtaung,Ayeyarwady,185,65,4.3"
"Site 4812,97.107673,20.224852,Yankin,Shan,109,45,3.8"
"Site 4813,98.048977,19.835822,Yankin,Shan,328,45,5.7"
"Site 4814,97.169952,15.619902,Hlaing,Naypyidaw,20,90,6.5"
"Site 4815,94.865767,19.427230,Kamayut,Sagaing,159,90,6.0"
"Site 4816,97.640423,18.546003,Dagon,Naypyidaw,89,45,2.0"
"Site 4817,95.699325,21.637267,Insein,Naypyidaw,176,180,6.0"
"Site 4818,97.064190,19.566216,Thingangyun,Naypyidaw,64,45,6.2"
"Site 4819,97.219472,21.256630,Yankin,Ayeyarwady,58,90,3.1"
"Site 4820,97.075545,21.789289,Pazundaung,Sagaing,307,180,5.3"
"Site 4821,97.828405,21.975741,Insein,Kayin,30,45,6.6"
"Site 4822,96.524840,16.835555,Shwepyitha,Mandalay,344,45,1.9"
"Site 4823,97.663704,19.882447,Kamayut,Kayin,81,90,4.7"
"Site 4824,93.307554,16.171022,Insein,Naypyidaw,258,120,1.8"
"Site 4825,93.342128,16.351075,Insein,Shan,147,90,4.5"
"Site 4826,96.338322,15.650033,Kamayut,Shan,23,60,0.8"
"Site 4827,95.999976,17.483289,Yankin,Mon,86,45,6.0"
"Site 4828,94.042541,20.489547,Mingaladon,Yangon,129,65,2.0"
"Site 4829,98.334489,16.081738,South Okkalapa,Ayeyarwady,346,180,4.6"
"Site 4830,93.265739,21.991223,Dagon,Ayeyarwady,169,120,3.6"
"Site 4831,93.479811,20.525205,Seikkan,Naypyidaw,354,90,5.3"
"Site 4832,98.884633,19.428769,Dagon,Ayeyarwady,172,120,6.7"
"Site 4833,96.262268,15.472219,North Okkalapa,Yangon,115,45,3.1"
"Site 4834,95.853101,17.882074,Kyauktada,Magway,32,45,4.4"
"Site 4835,93.503896,21.002811,Mingalar Taung Nyunt,Magway,116,90,5.3"
"Site 4836,93.533080,18.281307,Hlaing,Mon,263,45,5.0"
"Site 4837,96.340782,16.301509,Pazundaung,Sagaing,95,180,0.9"
"Site 4838,93.251819,18.562111,Mingaladon,Ayeyarwady,145,90,2.4"
"Site 4839,96.864958,18.926670,Mayangone,Naypyidaw,64,120,7.2"
"Site 4840,95.051045,18.613030,Mayangone,Mandalay,344,65,7.4"
"Site 4841,97.258939,20.723304,Yankin,Naypyidaw,246,65,1.5"
"Site 4842,93.826655,18.514372,Dala,Ayeyarwady,10,60,5.0"
"Site 4843,96.302436,16.290454,Seikkan,Magway,317,120,7.1"
"Site 4844,95.656248,18.231509,Botahtaung,Sagaing,142,120,5.4"
"Site 4845,98.267319,20.793986,Kamayut,Ayeyarwady,229,120,6.6"
"Site 4846,93.766724,18.769774,Mingaladon,Mandalay,238,180,2.6"
"Site 4847,96.022891,21.971838,Dala,Mon,342,120,0.5"
"Site 4848,98.020536,15.826065,North Okkalapa,Sagaing,320,45,2.2"
"Site 4849,97.269387,17.682540,Shwepyitha,Kayin,209,90,1.5"
"Site 4850,95.370052,19.408345,Mingaladon,Ayeyarwady,223,120,3.0"
"Site 4851,96.424199,18.174184,Mingaladon,Magway,213,120,6.9"
"Site 4852,98.709808,21.340583,Hlaingthaya,Naypyidaw,246,90,6.6"
"Site 4853,94.123342,21.045074,Mingalar Taung Nyunt,Shan,223,90,6.9"
"Site 4854,95.125891,17.343350,Hlaing,Shan,93,180,6.0"
"Site 4855,94.831100,18.838783,Kyauktada,Magway,58,120,5.9"
"Site 4856,98.342998,19.787895,Hlaing,Yangon,73,90,2.5"
"Site 4857,97.660562,18.455093,Dala,Mon,318,45,4.9"
"Site 4858,96.441459,18.551712,South Okkalapa,Ayeyarwady,246,60,2.0"
"Site 4859,98.487663,17.847003,Dala,Magway,302,65,3.5"
"Site 4860,98.550897,21.566978,Kyauktada,Magway,295,60,2.0"
"Site 4861,95.729311,18.437389,Insein,Naypyidaw,56,60,4.1"
"Site 4862,98.714144,19.964559,Dala,Bago,187,65,5.2"
"Site 4863,95.801971,21.928125,Thingangyun,Mandalay,338,120,5.1"
"Site 4864,95.702422,20.268318,Mingaladon,Mandalay,226,65,3.9"
"Site 4865,94.948276,19.675351,Hlaing,Naypyidaw,123,60,2.9"
"Site 4866,94.114761,15.680751,Hlaingthaya,Sagaing,32,180,1.9"
"Site 4867,95.060368,19.199571,Yankin,Sagaing,164,45,8.0"
"Site 4868,94.893389,19.145566,Dala,Yangon,91,60,5.7"
"Site 4869,98.783213,20.252493,Hlaingthaya,Bago,11,120,6.0"
"Site 4870,93.945780,16.233559,Hlaingthaya,Sagaing,86,45,6.2"
"Site 4871,96.104188,16.694621,South Okkalapa,Bago,263,120,2.7"
"Site 4872,93.685365,18.157902,Hlaing,Yangon,282,60,0.8"
"Site 4873,93.861596,15.343344,Pazundaung,Mon,26,45,3.4"
"Site 4874,96.243036,17.355407,Yankin,Mandalay,22,120,6.6"
"Site 4875,98.663230,21.347858,Yankin,Mandalay,317,120,6.6"
"Site 4876,93.241914,15.682980,Shwepyitha,Sagaing,23,65,7.1"
"Site 4877,97.719063,15.778372,Hlaing,Sagaing,306,90,4.7"
"Site 4878,96.541597,16.111533,Dala,Mon,90,90,5.7"
"Site 4879,94.848518,18.156611,Hlaingthaya,Ayeyarwady,29,120,2.0"
"Site 4880,94.151099,17.678893,Botahtaung,Magway,180,180,1.1"
"Site 4881,97.920653,21.133953,Yankin,Yangon,257,180,0.6"
"Site 4882,97.179364,18.738119,Thingangyun,Mon,261,45,4.5"
"Site 4883,94.642364,17.245935,Dagon,Magway,342,90,6.5"
"Site 4884,93.789830,20.401767,Hlaing,Yangon,181,60,4.7"
"Site 4885,98.429508,18.066273,Botahtaung,Naypyidaw,218,60,5.5"
"Site 4886,98.674504,17.195418,Hlaingthaya,Kayin,307,45,6.5"
"Site 4887,96.190646,21.136843,Pazundaung,Mon,353,120,2.9"
"Site 4888,94.039471,15.831685,Seikkan,Magway,239,180,5.4"
"Site 4889,94.053325,21.399208,South Okkalapa,Bago,106,90,5.3"
"Site 4890,95.463026,15.508283,Hlaingthaya,Mon,126,180,4.3"
"Site 4891,93.565998,17.721167,Dagon,Naypyidaw,306,90,4.1"
"Site 4892,93.070490,17.595995,Yankin,Mon,96,90,5.0"
"Site 4893,94.260906,18.585792,Botahtaung,Mon,197,65,3.5"
"Site 4894,96.915554,21.538813,Hlaingthaya,Mandalay,155,45,4.2"
"Site 4895,98.060828,15.647684,Mayangone,Shan,265,180,1.7"
"Site 4896,97.412479,17.242919,Hlaing,Naypyidaw,147,45,1.0"
"Site 4897,94.357521,16.969177,Thingangyun,Magway,62,180,7.9"
"Site 4898,96.663934,17.822699,Botahtaung,Mon,195,45,3.6"
"Site 4899,93.516176,18.901824,Dala,Ayeyarwady,258,45,3.1"
"Site 4900,96.479499,21.874116,Mayangone,Shan,133,90,6.8"
"Site 4901,95.063618,19.808664,Kyauktada,Naypyidaw,116,60,7.5"
"Site 4902,94.956585,20.373816,South Okkalapa,Mandalay,164,90,3.0"
"Site 4903,94.530172,18.068714,Shwepyitha,Naypyidaw,318,120,4.7"
"Site 4904,94.352939,18.079167,Hlaing,Yangon,316,65,2.6"
"Site 4905,95.752717,17.764451,Dagon,Naypyidaw,130,60,7.1"
"Site 4906,93.616007,15.844203,Hlaing,Ayeyarwady,272,180,4.8"
"Site 4907,95.946242,16.684808,Hlaingthaya,Ayeyarwady,212,180,7.4"
"Site 4908,93.287713,20.677862,Insein,Mandalay,257,60,3.0"
"Site 4909,97.508102,20.404012,South Okkalapa,Mandalay,272,60,2.8"
"Site 4910,98.778895,20.685367,Shwepyitha,Bago,213,180,0.6"
"Site 4911,93.268724,15.639480,Kyauktada,Mon,44,65,2.8"
"Site 4912,97.232152,17.517515,Kamayut,Mon,232,65,3.2"
"Site 4913,96.625773,20.376719,Kyauktada,Mon,209,180,1.2"
"Site 4914,94.813188,18.995998,Dagon,Magway,66,90,4.0"
"Site 4915,96.290454,20.179032,Hlaing,Kayin,174,45,2.8"
"Site 4916,95.023844,18.414822,Hlaingthaya,Mandalay,258,120,4.1"
"Site 4917,96.564618,17.734038,South Okkalapa,Mandalay,136,65,4.3"
"Site 4918,96.535567,18.144832,Botahtaung,Magway,110,65,1.6"
"Site 4919,97.550918,17.334198,Dala,Mandalay,284,90,1.8"
"Site 4920,96.789469,18.277251,North Okkalapa,Ayeyarwady,56,180,3.1"
"Site 4921,98.997182,18.035032,Hlaingthaya,Sagaing,84,45,3.6"
"Site 4922,95.094309,18.717444,Seikkan,Bago,44,65,0.7"
"Site 4923,98.911812,15.108704,Botahtaung,Ayeyarwady,331,180,3.3"
"Site 4924,94.379811,21.335602,Botahtaung,Mon,259,65,2.9"
"Site 4925,97.730433,20.060403,Mayangone,Ayeyarwady,125,120,6.7"
"Site 4926,96.930016,16.406146,Dagon,Ayeyarwady,264,65,7.4"
"Site 4927,96.568709,16.867651,Hlaingthaya,Ayeyarwady,251,180,4.8"
"Site 4928,98.396425,16.470625,Kamayut,Magway,55,60,5.4"
"Site 4929,94.243403,17.631826,Kamayut,Sagaing,57,65,6.3"
"Site 4930,95.193750,19.107603,Botahtaung,Yangon,285,90,6.1"
"Site 4931,94.245012,21.782336,Hlaingthaya,Ayeyarwady,284,60,5.2"
"Site 4932,96.779154,18.802770,Hlaing,Mandalay,38,45,1.1"
"Site 4933,96.158253,21.176582,North Okkalapa,Yangon,131,65,5.7"
"Site 4934,93.699206,16.414244,North Okkalapa,Kayin,212,60,6.1"
"Site 4935,93.301162,20.013330,Kamayut,Bago,344,60,0.7"
"Site 4936,94.796721,19.274685,Mayangone,Kayin,328,120,4.9"
"Site 4937,93.407960,21.081652,Thingangyun,Yangon,264,120,0.6"
"Site 4938,93.677361,21.784734,Mingaladon,Magway,137,60,7.7"
"Site 4939,93.385359,19.933500,Kyauktada,Kayin,258,180,1.9"
"Site 4940,96.746723,20.496347,Pazundaung,Kayin,51,90,1.2"
"Site 4941,93.835517,15.773270,Dagon,Shan,62,180,4.8"
"Site 4942,97.808856,20.504410,Thingangyun,Yangon,154,90,6.4"
"Site 4943,93.018164,21.528665,Insein,Mon,186,65,5.3"
"Site 4944,93.378855,21.996970,Botahtaung,Naypyidaw,353,65,6.8"
"Site 4945,94.691359,19.517301,Botahtaung,Naypyidaw,55,180,3.6"
"Site 4946,95.195942,17.955246,Pazundaung,Yangon,67,65,5.1"
"Site 4947,98.417357,15.004484,Dagon,Yangon,49,180,5.1"
"Site 4948,94.773399,19.559805,Yankin,Bago,90,120,7.0"
"Site 4949,93.325643,15.329128,Yankin,Magway,189,120,1.1"
"Site 4950,98.341558,19.224328,Insein,Kayin,183,65,7.9"
"Site 4951,94.503724,16.332704,Thingangyun,Magway,190,60,6.2"
"Site 4952,93.874111,18.578166,Kyauktada,Naypyidaw,344,180,0.7"
"Site 4953,94.388844,21.194431,Botahtaung,Sagaing,56,45,5.7"
"Site 4954,93.642809,16.950354,Dagon,Mandalay,79,180,4.4"
"Site 4955,94.110133,21.822760,Mingaladon,Yangon,159,65,1.3"
"Site 4956,96.164702,17.741902,South Okkalapa,Bago,6,120,6.7"
"Site 4957,98.560618,17.392145,Insein,Bago,182,90,2.2"
"Site 4958,94.886826,17.733091,North Okkalapa,Ayeyarwady,256,90,8.0"
"Site 4959,93.216413,16.610302,Mingaladon,Bago,275,180,0.8"
"Site 4960,95.000298,16.264057,Pazundaung,Mon,68,45,3.9"
"Site 4961,98.504004,21.842187,Thingangyun,Yangon,66,120,6.0"
"Site 4962,96.519435,15.917312,Mingalar Taung Nyunt,Sagaing,300,180,5.6"
"Site 4963,97.091446,19.843455,Mingalar Taung Nyunt,Bago,47,120,1.3"
"Site 4964,94.387200,15.286242,Dala,Bago,294,120,3.4"
"Site 4965,95.169441,18.429442,Insein,Shan,117,65,4.1"
"Site 4966,97.561348,17.554070,Botahtaung,Sagaing,331,180,7.8"
"Site 4967,96.186008,16.991752,Mayangone,Mon,199,180,2.2"
"Site 4968,96.443105,16.520621,Dagon,Magway,309,120,7.7"
"Site 4969,94.954428,21.475863,Botahtaung,Mandalay,14,90,6.1"
"Site 4970,94.325885,18.780267,Botahtaung,Naypyidaw,51,65,2.9"
"Site 4971,96.270409,16.005729,Yankin,Shan,221,45,6.1"
"Site 4972,93.785402,15.491473,Pazundaung,Mandalay,4,65,3.3"
"Site 4973,97.151062,19.536571,Pazundaung,Yangon,127,90,3.6"
"Site 4974,97.339049,20.283697,North Okkalapa,Mon,176,60,3.6"
"Site 4975,97.933947,20.415994,Insein,Sagaing,242,45,6.7"
"Site 4976,94.753351,21.992363,Seikkan,Mon,16,45,1.5"
"Site 4977,93.082335,15.979873,Pazundaung,Kayin,181,45,3.0"
"Site 4978,97.903177,19.089956,Hlaing,Shan,37,180,0.8"
"Site 4979,96.425166,19.378813,Seikkan,Mandalay,247,90,5.5"
"Site 4980,94.295773,15.799359,North Okkalapa,Naypyidaw,339,60,6.6"
"Site 4981,98.695242,21.921049,Mayangone,Yangon,126,180,6.7"
"Site 4982,95.867645,20.969631,Mingaladon,Mon,307,65,7.4"
"Site 4983,97.061557,18.381613,Mayangone,Bago,279,120,3.9"
"Site 4984,93.381628,21.042936,Yankin,Shan,73,65,4.3"
"Site 4985,95.487906,17.173806,Insein,Mon,248,120,7.5"
"Site 4986,96.564021,17.293174,Mayangone,Bago,285,45,7.5"
"Site 4987,96.162547,19.887064,Pazundaung,Sagaing,210,65,7.5"
"Site 4988,96.724890,20.525946,Pazundaung,Magway,139,180,5.5"
"Site 4989,93.384421,21.597079,South Okkalapa,Bago,296,120,7.3"
"Site 4990,95.398898,18.410574,Kamayut,Yangon,28,90,2.7"
"Site 4991,97.995166,21.982008,Hlaingthaya,Yangon,0,45,4.5"
"Site 4992,94.215425,18.885384,Yankin,Ayeyarwady,2,180,4.5"
"Site 4993,93.212258,20.648265,Insein,Shan,69,45,5.1"
"Site 4994,96.735456,19.551953,Dagon,Ayeyarwady,183,60,6.1"
"Site 4995,94.092777,19.008769,North Okkalapa,Magway,82,65,3.0"
"Site 4996,97.661536,19.352460,Seikkan,Ayeyarwady,296,45,6.3"
"Site 4997,93.815039,21.700617,Insein,Sagaing,124,60,3.2"
"Site 4998,98.839347,21.036487,Hlaing,Kayin,77,180,7.2"
"Site 4999,97.823387,18.529287,Pazundaung,Mon,56,45,1.0"
"Site 5000,93.767872,15.530383,Insein,Kayin,13,90,3.0"
"Site 5001,97.206057,18.962798,Mingaladon,Kayin,23,45,7.6"
"Site 5002,96.545197,21.466626,Kamayut,Magway,25,90,6.6"
"Site 5003,94.163674,19.654651,Kyauktada,Bago,275,90,2.8"
"Site 5004,98.073870,21.895636,North Okkalapa,Bago,50,90,0.8"
"Site 5005,95.120740,17.080251,Seikkan,Kayin,115,60,5.9"
"Site 5006,95.508779,20.019157,Seikkan,Shan,315,60,7.5"
"Site 5007,95.101010,19.213711,Dala,Kayin,206,90,5.8"
"Site 5008,97.721655,15.490848,Mingalar Taung Nyunt,Ayeyarwady,328,45,2.4"
"Site 5009,98.095989,16.184743,Kyauktada,Bago,21,90,2.3"
"Site 5010,94.508179,16.624343,Hlaingthaya,Mandalay,90,65,2.9"
"Site 5011,95.427413,15.919142,Yankin,Shan,283,120,6.7"
"Site 5012,93.508577,21.475273,Mingaladon,Naypyidaw,234,180,0.5"
"Site 5013,98.170263,17.783181,Kyauktada,Kayin,167,90,3.4"
"Site 5014,98.138138,15.111248,Seikkan,Magway,35,65,1.9"
"Site 5015,96.169951,16.414639,Shwepyitha,Mandalay,7,180,1.9"
"Site 5016,94.599815,17.733347,Mayangone,Shan,1,60,3.6"
"Site 5017,94.490433,16.664312,South Okkalapa,Shan,328,180,5.0"
"Site 5018,93.100372,20.358806,North Okkalapa,Sagaing,184,60,5.0"
"Site 5019,94.368772,21.016522,Mingalar Taung Nyunt,Ayeyarwady,248,120,6.7"
"Site 5020,94.289490,21.655485,Kyauktada,Naypyidaw,93,65,6.3"
"Site 5021,98.811703,15.846284,Dala,Bago,149,60,0.9"
"Site 5022,96.698040,15.382962,Mingaladon,Yangon,9,90,2.9"
"Site 5023,97.363600,17.707031,Botahtaung,Mon,133,45,6.2"
"Site 5024,96.160872,21.442793,Mayangone,Mandalay,75,60,1.0"
"Site 5025,96.640282,16.751234,Mingaladon,Mandalay,344,180,0.9"
"Site 5026,95.415862,20.726348,Mingalar Taung Nyunt,Yangon,142,120,3.1"
"Site 5027,97.674133,21.790502,Pazundaung,Yangon,264,60,7.4"
"Site 5028,98.116882,20.419832,Hlaingthaya,Ayeyarwady,291,65,2.0"
"Site 5029,97.411094,20.139356,Insein,Naypyidaw,120,180,1.6"
"Site 5030,96.708378,17.072694,Kamayut,Mon,313,60,7.4"
"Site 5031,95.260169,15.076766,Seikkan,Naypyidaw,145,45,7.7"
"Site 5032,97.979618,18.630132,Botahtaung,Mon,45,60,5.2"
"Site 5033,97.474647,19.598572,Mingalar Taung Nyunt,Mon,88,90,4.6"
"Site 5034,94.191188,20.320575,Mingalar Taung Nyunt,Shan,314,60,2.3"
"Site 5035,95.742293,15.707175,Seikkan,Naypyidaw,9,45,6.1"
"Site 5036,93.946236,15.383530,Dala,Naypyidaw,121,180,5.7"
"Site 5037,95.420099,21.863596,Botahtaung,Magway,55,45,1.9"
"Site 5038,97.714731,19.871822,Shwepyitha,Naypyidaw,10,65,4.7"
"Site 5039,93.647496,16.830636,Botahtaung,Mon,216,45,5.2"
"Site 5040,96.363293,16.007192,Kyauktada,Naypyidaw,125,65,2.1"
"Site 5041,95.623834,21.301435,Shwepyitha,Magway,221,65,1.1"
"Site 5042,97.335900,15.129870,Insein,Mon,195,45,1.0"
"Site 5043,94.046737,21.139283,Hlaingthaya,Bago,34,180,5.3"
"Site 5044,98.359956,20.114904,Dala,Yangon,60,90,1.4"
"Site 5045,95.187281,17.962376,Shwepyitha,Sagaing,74,60,3.7"
"Site 5046,96.244393,15.304589,Dala,Shan,160,65,4.7"
"Site 5047,93.694070,17.395679,Seikkan,Shan,0,90,2.9"
"Site 5048,94.832203,15.912603,Mingaladon,Mandalay,2,45,4.1"
"Site 5049,95.397910,21.060052,Hlaingthaya,Kayin,183,65,2.8"
"Site 5050,96.849055,20.040472,Yankin,Mandalay,163,65,3.8"
"Site 5051,96.445727,19.795205,Botahtaung,Naypyidaw,77,60,7.4"
"Site 5052,93.198413,21.670522,Mingaladon,Mandalay,43,65,4.4"
"Site 5053,95.639792,16.429955,Seikkan,Yangon,185,60,3.1"
"Site 5054,94.687153,20.554598,Hlaing,Kayin,259,180,4.9"
"Site 5055,93.572618,17.156104,Mingaladon,Magway,114,90,2.5"
"Site 5056,96.650535,19.921347,Hlaingthaya,Mandalay,115,180,7.6"
"Site 5057,98.854787,16.413883,Botahtaung,Mandalay,120,60,0.5"
"Site 5058,97.947699,15.062062,Dala,Mon,258,45,2.8"
"Site 5059,94.797881,21.264814,Mayangone,Naypyidaw,9,45,0.6"
"Site 5060,97.077342,20.053451,Insein,Mandalay,28,60,2.2"
"Site 5061,93.123425,21.462679,Dagon,Sagaing,237,65,0.9"
"Site 5062,97.331377,15.050723,Seikkan,Mon,207,90,2.1"
"Site 5063,94.745269,19.970296,Kamayut,Shan,249,45,2.4"
"Site 5064,95.630819,19.182324,Botahtaung,Kayin,155,60,3.0"
"Site 5065,97.791439,20.752185,Kamayut,Magway,33,65,1.0"
"Site 5066,98.821976,21.398544,North Okkalapa,Yangon,274,120,5.0"
"Site 5067,95.684007,21.324370,Shwepyitha,Bago,256,65,2.7"
"Site 5068,95.332111,16.699617,Mingalar Taung Nyunt,Yangon,55,65,1.3"
"Site 5069,96.445665,20.832544,Shwepyitha,Ayeyarwady,221,65,0.9"
"Site 5070,96.529659,20.750907,Mingalar Taung Nyunt,Mandalay,154,120,3.3"
"Site 5071,98.296275,17.699854,Hlaingthaya,Kayin,137,120,5.2"
"Site 5072,95.895083,18.657551,Shwepyitha,Yangon,357,120,2.9"
"Site 5073,94.599346,15.339112,Kamayut,Magway,48,120,1.3"
"Site 5074,98.814090,21.610383,North Okkalapa,Bago,69,90,5.7"
"Site 5075,94.374053,21.489243,Pazundaung,Sagaing,297,120,5.1"
"Site 5076,98.972897,15.682295,South Okkalapa,Sagaing,208,120,3.2"
"Site 5077,95.075403,15.282406,Dagon,Magway,79,180,0.8"
"Site 5078,96.512258,19.299448,Hlaingthaya,Mandalay,315,60,1.1"
"Site 5079,93.331859,21.593514,Seikkan,Naypyidaw,330,45,6.2"
"Site 5080,94.734942,19.926503,Hlaing,Yangon,168,60,7.8"
"Site 5081,96.621941,21.083270,Kyauktada,Sagaing,25,60,7.9"
"Site 5082,95.132733,19.909360,Dagon,Magway,194,45,2.3"
"Site 5083,97.227791,16.089947,Pazundaung,Magway,59,90,1.6"
"Site 5084,95.208415,16.838454,North Okkalapa,Ayeyarwady,106,180,5.6"
"Site 5085,95.352846,19.489504,Dala,Mandalay,92,180,7.2"
"Site 5086,94.135653,16.470520,Kamayut,Kayin,345,90,3.4"
"Site 5087,98.727137,19.045881,North Okkalapa,Naypyidaw,143,45,5.1"
"Site 5088,98.908322,19.377468,Hlaing,Mandalay,4,45,6.9"
"Site 5089,96.808501,15.123891,Mayangone,Sagaing,339,90,7.6"
"Site 5090,94.407734,20.775347,Kyauktada,Ayeyarwady,153,180,6.1"
"Site 5091,97.264419,20.367013,North Okkalapa,Magway,288,60,3.5"
"Site 5092,96.235019,21.066541,Pazundaung,Bago,249,120,3.8"
"Site 5093,95.310655,20.389966,Pazundaung,Bago,188,45,4.5"
"Site 5094,97.923222,21.772649,Seikkan,Kayin,323,120,5.2"
"Site 5095,97.595958,19.238351,Hlaing,Mon,47,180,1.9"
"Site 5096,95.597515,16.272864,Kamayut,Bago,55,120,6.7"
"Site 5097,97.304400,17.195337,Yankin,Magway,26,60,5.9"
"Site 5098,98.593325,19.332983,Botahtaung,Mon,59,65,1.1"
"Site 5099,97.136673,15.279609,Kyauktada,Magway,112,90,7.8"
"Site 5100,98.946649,15.065977,Kyauktada,Shan,289,65,1.3"
"Site 5101,94.567040,17.049901,Pazundaung,Kayin,172,60,2.0"
"Site 5102,93.748620,17.462103,Dagon,Kayin,62,180,2.4"
"Site 5103,94.563368,15.619030,Seikkan,Mon,31,90,7.1"
"Site 5104,98.090127,18.724197,Insein,Sagaing,305,65,6.4"
"Site 5105,93.193032,19.209834,Shwepyitha,Bago,335,45,7.3"
"Site 5106,95.350710,20.559640,South Okkalapa,Naypyidaw,182,45,0.9"
"Site 5107,96.380999,18.307569,Pazundaung,Shan,145,90,0.8"
"Site 5108,95.800518,18.710384,Seikkan,Magway,47,60,1.1"
"Site 5109,94.492155,15.382418,Mingaladon,Magway,25,65,1.0"
"Site 5110,94.734293,17.081666,Mingalar Taung Nyunt,Yangon,149,65,1.6"
"Site 5111,98.568047,19.274760,Dagon,Yangon,329,45,7.8"
"Site 5112,98.018360,20.403120,Shwepyitha,Yangon,73,180,2.3"
"Site 5113,94.522624,15.440218,Botahtaung,Shan,289,45,5.5"
"Site 5114,98.812763,20.676425,Insein,Mandalay,151,45,3.0"
"Site 5115,98.156101,17.410256,Pazundaung,Magway,153,90,6.3"
"Site 5116,93.681035,15.736957,Mingalar Taung Nyunt,Ayeyarwady,261,65,5.4"
"Site 5117,93.421073,17.638974,Hlaingthaya,Shan,182,180,0.7"
"Site 5118,93.139362,19.438052,Pazundaung,Yangon,224,120,8.0"
"Site 5119,94.507654,21.574788,Dala,Magway,45,65,5.2"
"Site 5120,95.739753,17.556331,South Okkalapa,Ayeyarwady,262,60,4.3"
"Site 5121,98.598369,16.709599,Mingalar Taung Nyunt,Ayeyarwady,8,45,5.9"
"Site 5122,97.104063,17.194901,Kyauktada,Kayin,205,65,6.9"
"Site 5123,97.105935,20.469653,Kyauktada,Bago,320,180,5.6"
"Site 5124,96.731444,21.567341,Yankin,Shan,261,120,1.2"
"Site 5125,94.288613,19.437634,Hlaing,Ayeyarwady,42,45,3.5"
"Site 5126,98.592339,15.289358,Mingalar Taung Nyunt,Naypyidaw,304,120,6.2"
"Site 5127,93.870737,17.010421,Botahtaung,Magway,133,45,2.4"
"Site 5128,98.298187,20.492427,Hlaingthaya,Magway,249,90,4.3"
"Site 5129,98.055696,20.053395,Mayangone,Ayeyarwady,293,60,6.4"
"Site 5130,95.863897,19.761675,Dala,Kayin,311,65,7.9"
"Site 5131,95.668465,21.830190,Thingangyun,Naypyidaw,155,180,2.5"
"Site 5132,96.753094,21.456324,South Okkalapa,Sagaing,25,45,5.2"
"Site 5133,97.118649,15.780079,Botahtaung,Ayeyarwady,322,45,6.8"
"Site 5134,98.716961,20.932903,Yankin,Naypyidaw,350,90,4.5"
"Site 5135,96.727046,15.095530,Kyauktada,Sagaing,47,180,4.5"
"Site 5136,96.472459,18.145436,Mayangone,Bago,332,120,3.4"
"Site 5137,95.715239,19.176955,Hlaingthaya,Naypyidaw,130,45,2.1"
"Site 5138,98.602860,16.940815,Pazundaung,Sagaing,273,180,3.6"
"Site 5139,96.681403,15.084313,Kyauktada,Magway,165,120,2.4"
"Site 5140,97.789664,16.900067,Yankin,Yangon,158,90,7.0"
"Site 5141,94.580019,19.594192,South Okkalapa,Ayeyarwady,347,120,5.9"
"Site 5142,96.735162,17.679832,North Okkalapa,Bago,332,120,6.0"
"Site 5143,98.206601,17.295574,Dala,Magway,58,45,4.7"
"Site 5144,94.376026,20.098122,Kyauktada,Bago,345,90,2.6"
"Site 5145,98.808881,19.733338,Mingalar Taung Nyunt,Magway,265,90,0.5"
"Site 5146,96.169198,21.428443,Hlaing,Naypyidaw,259,60,5.3"
"Site 5147,94.410314,20.267194,Insein,Mandalay,116,45,7.5"
"Site 5148,96.860365,18.203470,Hlaing,Mandalay,158,60,6.4"
"Site 5149,97.085183,19.388299,Thingangyun,Magway,48,120,4.9"
"Site 5150,95.244468,18.206282,Hlaing,Mon,61,180,5.9"
"Site 5151,98.384333,19.074463,Insein,Magway,20,60,7.5"
"Site 5152,96.160269,20.373998,Thingangyun,Bago,335,45,4.0"
"Site 5153,94.763408,18.345647,Pazundaung,Mon,117,60,3.2"
"Site 5154,96.076510,17.949303,Kamayut,Yangon,33,120,6.2"
"Site 5155,96.681056,19.939748,Hlaing,Mon,50,180,6.2"
"Site 5156,97.619457,20.255486,Seikkan,Ayeyarwady,8,120,5.6"
"Site 5157,95.792506,16.451624,Kyauktada,Yangon,74,45,1.2"
"Site 5158,98.979154,21.654252,Thingangyun,Shan,276,65,3.1"
"Site 5159,93.169304,20.264648,Botahtaung,Mon,139,45,3.5"
"Site 5160,95.861716,21.867107,Insein,Bago,100,45,3.7"
"Site 5161,96.538883,17.346336,Kamayut,Ayeyarwady,221,90,6.6"
"Site 5162,96.859076,20.221099,South Okkalapa,Naypyidaw,10,180,2.1"
"Site 5163,94.900975,15.239844,Mingaladon,Yangon,321,65,4.2"
"Site 5164,97.781393,21.400877,Mayangone,Sagaing,63,90,1.4"
"Site 5165,93.528291,16.403855,Hlaing,Yangon,321,65,2.2"
"Site 5166,96.777276,21.808945,South Okkalapa,Bago,124,60,0.7"
"Site 5167,95.375046,17.497000,Yankin,Shan,208,60,6.9"
"Site 5168,98.082849,20.990687,South Okkalapa,Magway,104,90,3.8"
"Site 5169,98.553366,18.047755,Mayangone,Mon,151,120,8.0"
"Site 5170,98.170021,21.943247,Seikkan,Magway,296,90,4.6"
"Site 5171,94.872162,18.701512,North Okkalapa,Yangon,137,60,6.6"
"Site 5172,98.360436,21.626592,Mingalar Taung Nyunt,Kayin,204,45,1.9"
"Site 5173,98.226658,20.425278,Insein,Yangon,82,60,4.9"
"Site 5174,97.059870,17.088849,Mingaladon,Shan,38,65,4.4"
"Site 5175,93.674451,15.425951,Yankin,Bago,50,180,6.4"
"Site 5176,94.178959,19.579149,Pazundaung,Yangon,85,65,7.6"
"Site 5177,95.242284,17.495290,North Okkalapa,Kayin,220,180,3.1"
"Site 5178,96.226310,15.211970,Yankin,Shan,244,90,3.6"
"Site 5179,95.645376,18.258404,South Okkalapa,Naypyidaw,170,60,7.4"
"Site 5180,93.048383,21.679167,Mayangone,Mandalay,133,90,0.8"
"Site 5181,98.923318,15.939317,Kamayut,Sagaing,98,120,4.9"
"Site 5182,94.930736,16.950784,Kyauktada,Bago,186,45,3.5"
"Site 5183,97.175295,19.117515,Hlaingthaya,Naypyidaw,326,65,4.3"
"Site 5184,97.133993,15.873307,Mingaladon,Ayeyarwady,212,65,6.2"
"Site 5185,96.380744,17.976195,Yankin,Shan,205,90,3.0"
"Site 5186,95.261054,16.449611,Mayangone,Naypyidaw,33,60,5.9"
"Site 5187,95.592564,16.770446,Hlaingthaya,Naypyidaw,89,60,5.7"
"Site 5188,95.512272,20.017942,North Okkalapa,Magway,102,90,4.5"
"Site 5189,98.758547,16.294260,Mayangone,Naypyidaw,295,180,3.6"
"Site 5190,97.518258,19.935788,Shwepyitha,Mon,157,90,2.6"
"Site 5191,93.493279,21.732130,Insein,Naypyidaw,88,60,0.8"
"Site 5192,98.231139,17.054908,Thingangyun,Magway,11,120,3.7"
"Site 5193,95.283988,21.394502,Mayangone,Mandalay,289,90,4.1"
"Site 5194,97.633875,20.234124,Dagon,Mon,93,120,4.3"
"Site 5195,95.492126,16.437854,Dagon,Yangon,34,90,3.2"
"Site 5196,94.804621,18.186766,Yankin,Ayeyarwady,206,60,4.1"
"Site 5197,93.650768,20.559950,Dala,Mandalay,252,90,5.1"
"Site 5198,93.040494,16.627661,North Okkalapa,Ayeyarwady,266,120,7.4"
"Site 5199,93.768127,20.892143,Kyauktada,Yangon,38,90,7.6"
"Site 5200,98.041733,20.406747,Yankin,Naypyidaw,272,45,7.8"
"Site 5201,96.825405,15.664046,North Okkalapa,Shan,118,60,4.4"
"Site 5202,95.676997,20.236074,Kamayut,Shan,294,45,1.3"
"Site 5203,97.997342,20.180518,Seikkan,Shan,125,180,1.3"
"Site 5204,97.571414,19.764928,Dala,Mandalay,76,180,6.4"
"Site 5205,97.768912,17.573409,Botahtaung,Mandalay,97,90,5.0"
"Site 5206,97.096868,21.926819,Mingalar Taung Nyunt,Kayin,329,45,6.9"
"Site 5207,93.758392,19.123370,Pazundaung,Naypyidaw,87,45,1.2"
"Site 5208,98.146652,15.611524,Dagon,Yangon,63,180,8.0"
"Site 5209,98.369303,15.051480,Hlaing,Kayin,267,65,2.5"
"Site 5210,94.310391,21.637296,Mingaladon,Bago,74,180,6.3"
"Site 5211,93.359426,19.846863,Kyauktada,Bago,346,120,3.7"
"Site 5212,95.545055,15.072152,Botahtaung,Magway,127,90,3.3"
"Site 5213,94.800164,20.790758,Kamayut,Magway,95,45,2.2"
"Site 5214,98.949809,15.542580,Thingangyun,Mon,78,120,0.6"
"Site 5215,95.078625,15.895884,Hlaing,Shan,253,60,2.9"
"Site 5216,93.949935,20.126077,Thingangyun,Magway,333,65,7.4"
"Site 5217,95.755598,20.785280,Yankin,Ayeyarwady,226,60,6.0"
"Site 5218,97.626349,18.973997,Pazundaung,Bago,57,65,3.3"
"Site 5219,93.802734,17.766792,Botahtaung,Bago,63,90,3.8"
"Site 5220,95.018323,21.786886,Botahtaung,Kayin,308,120,8.0"
"Site 5221,95.886263,19.288383,South Okkalapa,Kayin,280,120,5.1"
"Site 5222,95.554464,20.682003,Thingangyun,Sagaing,254,45,2.8"
"Site 5223,95.290301,19.702877,Hlaing,Naypyidaw,140,60,5.2"
"Site 5224,96.231085,19.231178,Kyauktada,Naypyidaw,283,180,5.3"
"Site 5225,93.010713,20.007260,Hlaing,Magway,202,65,0.8"
"Site 5226,95.652556,15.286259,Pazundaung,Magway,170,60,2.9"
"Site 5227,94.398099,16.195419,Mayangone,Sagaing,141,65,4.3"
"Site 5228,98.648176,19.717855,Kyauktada,Shan,24,60,6.8"
"Site 5229,93.540661,16.388597,Shwepyitha,Naypyidaw,129,180,5.9"
"Site 5230,93.849278,17.472536,Pazundaung,Yangon,110,90,6.0"
"Site 5231,98.825957,16.352930,Mingaladon,Bago,282,90,3.0"
"Site 5232,93.013037,21.438454,Yankin,Kayin,53,60,7.0"
"Site 5233,98.291363,19.554929,Dala,Sagaing,153,90,4.8"
"Site 5234,94.253842,18.358453,Dagon,Kayin,141,90,0.8"
"Site 5235,93.787447,15.903728,Yankin,Ayeyarwady,289,60,5.8"
"Site 5236,97.523241,15.939222,Dagon,Magway,320,180,7.8"
"Site 5237,96.779033,20.798010,Yankin,Ayeyarwady,65,60,1.4"
"Site 5238,94.616930,17.247522,Thingangyun,Naypyidaw,274,180,5.5"
"Site 5239,94.912585,18.322631,South Okkalapa,Yangon,150,45,7.2"
"Site 5240,98.438007,17.132883,Hlaing,Sagaing,27,60,4.1"
"Site 5241,96.167638,18.998299,Hlaing,Ayeyarwady,308,180,7.2"
"Site 5242,93.021853,18.554553,Shwepyitha,Mon,49,60,0.7"
"Site 5243,98.642047,15.947289,Dala,Yangon,53,45,6.8"
"Site 5244,94.759523,16.117973,Dagon,Magway,214,60,1.4"
"Site 5245,96.050996,16.066537,Kamayut,Kayin,19,120,7.1"
"Site 5246,95.698970,16.977213,Seikkan,Shan,287,180,5.6"
"Site 5247,95.153517,18.938333,Yankin,Bago,125,120,4.0"
"Site 5248,96.805550,15.211904,Mingalar Taung Nyunt,Bago,173,65,7.4"
"Site 5249,93.064927,16.729180,Mayangone,Mandalay,262,45,5.1"
"Site 5250,96.487547,19.831180,Dagon,Magway,245,120,4.6"
"Site 5251,98.321182,20.611870,Dala,Magway,248,120,3.6"
"Site 5252,95.954781,17.889134,Hlaing,Yangon,93,60,7.2"
"Site 5253,97.539828,21.155813,Mingalar Taung Nyunt,Yangon,171,65,1.9"
"Site 5254,96.716732,15.913871,Mayangone,Sagaing,284,180,2.3"
"Site 5255,93.203333,15.852133,Thingangyun,Ayeyarwady,231,65,5.6"
"Site 5256,98.461748,16.415697,Mingalar Taung Nyunt,Naypyidaw,44,60,2.2"
"Site 5257,93.440965,21.516041,Mingaladon,Magway,265,180,1.0"
"Site 5258,94.112919,20.464003,Seikkan,Naypyidaw,8,180,0.8"
"Site 5259,96.422942,16.743337,Thingangyun,Sagaing,18,65,3.3"
"Site 5260,98.221867,15.366279,Insein,Ayeyarwady,133,120,5.8"
"Site 5261,95.352900,20.910832,North Okkalapa,Mandalay,283,60,4.2"
"Site 5262,95.049129,19.232282,South Okkalapa,Kayin,168,60,2.0"
"Site 5263,95.656074,19.923761,Pazundaung,Sagaing,141,180,0.8"
"Site 5264,93.166332,18.407235,Mingalar Taung Nyunt,Naypyidaw,131,65,4.3"
"Site 5265,98.839003,19.334917,Thingangyun,Bago,311,45,3.8"
"Site 5266,95.678513,18.927178,Botahtaung,Yangon,269,120,5.2"
"Site 5267,95.883522,16.947748,Dala,Sagaing,269,60,7.8"
"Site 5268,94.762572,17.493638,Kyauktada,Ayeyarwady,6,60,5.5"
"Site 5269,97.338689,16.023534,Kyauktada,Kayin,189,180,5.9"
"Site 5270,94.706717,19.385129,Dagon,Magway,43,90,4.9"
"Site 5271,94.480629,15.117899,Pazundaung,Sagaing,94,180,4.0"
"Site 5272,95.873017,15.686691,Hlaingthaya,Ayeyarwady,199,65,2.2"
"Site 5273,93.291842,18.226887,Kyauktada,Mandalay,221,65,4.9"
"Site 5274,95.507331,18.307287,Kamayut,Kayin,43,60,4.3"
"Site 5275,93.764307,17.906984,Kyauktada,Mandalay,25,180,2.5"
"Site 5276,94.741781,19.579985,North Okkalapa,Yangon,7,45,2.6"
"Site 5277,96.524690,16.969717,Botahtaung,Magway,102,120,6.4"
"Site 5278,95.775712,19.096341,Yankin,Bago,330,45,4.2"
"Site 5279,93.959289,15.938202,Shwepyitha,Kayin,344,60,3.9"
"Site 5280,94.172349,16.651703,Insein,Sagaing,123,45,6.8"
"Site 5281,95.763430,16.796851,North Okkalapa,Bago,160,60,2.5"
"Site 5282,94.994609,15.437941,Mayangone,Naypyidaw,55,45,7.7"
"Site 5283,97.235822,18.437025,Hlaingthaya,Shan,35,180,4.6"
"Site 5284,96.935440,19.245054,Botahtaung,Bago,17,180,7.3"
"Site 5285,93.311511,19.578294,Seikkan,Magway,100,120,4.3"
"Site 5286,96.000787,20.641631,Hlaingthaya,Magway,240,120,4.2"
"Site 5287,94.339284,21.441123,Dagon,Kayin,10,45,7.2"
"Site 5288,93.060391,21.307547,Insein,Mandalay,344,180,4.8"
"Site 5289,96.569657,16.110581,Mayangone,Naypyidaw,288,180,1.0"
"Site 5290,96.783576,15.487328,South Okkalapa,Mon,99,180,2.1"
"Site 5291,98.832145,15.651672,Kamayut,Mandalay,245,180,8.0"
"Site 5292,95.021812,17.178998,Hlaingthaya,Bago,330,65,7.9"
"Site 5293,98.648098,19.077343,Mingalar Taung Nyunt,Yangon,46,90,0.6"
"Site 5294,97.379546,20.529727,Mingalar Taung Nyunt,Ayeyarwady,256,65,6.8"
"Site 5295,95.099418,16.307316,Kamayut,Sagaing,143,120,0.9"
"Site 5296,95.471289,16.363332,Hlaing,Shan,36,65,6.2"
"Site 5297,96.219487,17.886298,Kamayut,Mandalay,8,65,4.9"
"Site 5298,94.302605,18.005460,Insein,Mandalay,284,120,6.3"
"Site 5299,94.292885,15.388634,Hlaing,Ayeyarwady,217,120,5.8"
"Site 5300,98.393147,16.954681,Dala,Naypyidaw,259,90,3.0"
"Site 5301,97.221658,16.196524,Pazundaung,Bago,27,60,1.9"
"Site 5302,98.868560,19.297748,Hlaing,Ayeyarwady,274,90,1.0"
"Site 5303,96.588372,20.125328,Mingalar Taung Nyunt,Yangon,309,120,2.5"
"Site 5304,98.308182,19.370905,South Okkalapa,Bago,102,60,1.5"
"Site 5305,95.586779,16.108746,Dala,Mandalay,333,120,7.1"
"Site 5306,93.116022,16.065426,Pazundaung,Bago,59,90,1.9"
"Site 5307,96.429969,19.820704,North Okkalapa,Kayin,151,60,6.7"
"Site 5308,96.222608,15.523919,Mingalar Taung Nyunt,Yangon,228,90,1.1"
"Site 5309,93.169930,18.525261,Mingalar Taung Nyunt,Sagaing,108,45,3.4"
"Site 5310,93.649894,17.572075,Insein,Mandalay,289,120,3.7"
"Site 5311,93.908222,16.497689,Hlaing,Magway,340,180,6.6"
"Site 5312,97.258495,17.992916,Insein,Yangon,288,60,3.8"
"Site 5313,94.786661,20.379374,Botahtaung,Shan,120,65,2.8"
"Site 5314,94.250503,16.291756,Hlaing,Bago,26,65,1.4"
"Site 5315,93.671093,16.261763,Botahtaung,Magway,251,90,1.8"
"Site 5316,98.960546,21.114755,South Okkalapa,Shan,143,180,6.2"
"Site 5317,93.958987,15.267230,Thingangyun,Mandalay,253,45,3.3"
"Site 5318,95.485047,20.020277,Seikkan,Ayeyarwady,210,65,3.9"
"Site 5319,96.573546,20.201196,Mayangone,Mon,84,120,1.0"
"Site 5320,93.780000,19.594375,Mingaladon,Yangon,111,120,5.1"
"Site 5321,94.392384,20.267420,Mingalar Taung Nyunt,Ayeyarwady,50,120,5.6"
"Site 5322,93.032961,18.118822,Hlaing,Sagaing,205,60,0.7"
"Site 5323,93.264240,18.190953,Hlaing,Sagaing,141,180,4.5"
"Site 5324,95.830960,21.999068,Hlaingthaya,Ayeyarwady,175,90,5.7"
"Site 5325,98.365714,16.222028,Thingangyun,Shan,62,120,8.0"
"Site 5326,95.930435,16.579530,Pazundaung,Ayeyarwady,137,60,7.9"
"Site 5327,96.992014,15.850180,North Okkalapa,Yangon,147,90,1.5"
"Site 5328,94.586621,17.533985,Botahtaung,Shan,108,65,7.9"
"Site 5329,93.317453,17.308562,Seikkan,Sagaing,285,180,2.6"
"Site 5330,98.940462,18.831874,North Okkalapa,Sagaing,61,120,2.7"
"Site 5331,96.948991,18.639216,Thingangyun,Bago,117,45,6.8"
"Site 5332,94.314718,20.313095,Hlaing,Sagaing,343,180,1.0"
"Site 5333,94.262645,19.616285,Dala,Mon,42,45,5.4"
"Site 5334,96.326130,20.011344,Dala,Kayin,132,60,4.1"
"Site 5335,93.820936,19.606739,Yankin,Yangon,153,120,2.9"
"Site 5336,97.012549,21.728730,Insein,Yangon,351,180,6.8"
"Site 5337,93.799139,17.003557,Seikkan,Mon,249,90,1.4"
"Site 5338,95.123848,18.409820,Kamayut,Kayin,207,45,0.6"
"Site 5339,98.902796,21.901864,Mingalar Taung Nyunt,Yangon,345,60,3.2"
"Site 5340,95.091361,17.320948,Mingaladon,Shan,320,60,4.7"
"Site 5341,98.527372,17.849035,Kyauktada,Yangon,176,180,1.0"
"Site 5342,94.175257,21.385571,South Okkalapa,Ayeyarwady,22,65,3.4"
"Site 5343,93.236216,17.208071,Botahtaung,Bago,174,180,2.6"
"Site 5344,97.854652,21.435760,Kamayut,Yangon,259,180,1.5"
"Site 5345,94.782030,21.410057,Mingalar Taung Nyunt,Magway,194,60,6.8"
"Site 5346,96.750739,15.369854,Kyauktada,Yangon,288,180,3.9"
"Site 5347,97.633549,17.146140,Seikkan,Sagaing,171,45,1.0"
"Site 5348,96.729685,21.833057,Kamayut,Bago,285,90,6.8"
"Site 5349,93.269077,21.986850,Kyauktada,Yangon,228,120,1.3"
"Site 5350,95.676062,16.627306,South Okkalapa,Ayeyarwady,182,90,6.6"
"Site 5351,96.893389,16.701766,Seikkan,Mandalay,335,90,7.9"
"Site 5352,98.443696,16.576174,Dagon,Yangon,55,60,4.3"
"Site 5353,98.686022,17.969412,Mingaladon,Yangon,190,180,4.8"
"Site 5354,95.095967,19.517336,Pazundaung,Magway,2,180,1.2"
"Site 5355,94.421797,18.865839,Botahtaung,Sagaing,330,45,7.4"
"Site 5356,97.336672,21.485451,Pazundaung,Shan,198,90,7.3"
"Site 5357,94.313200,17.940670,Hlaing,Shan,256,90,3.7"
"Site 5358,94.387121,16.019861,South Okkalapa,Yangon,57,120,2.1"
"Site 5359,98.251746,15.800581,Pazundaung,Yangon,64,180,6.0"
"Site 5360,95.652176,17.051224,Hlaing,Magway,44,90,1.5"
"Site 5361,95.199487,16.557387,Dagon,Ayeyarwady,243,120,3.7"
"Site 5362,98.399300,15.530831,Thingangyun,Kayin,106,120,6.7"
"Site 5363,93.680043,17.887226,Kamayut,Kayin,49,65,1.2"
"Site 5364,98.891125,21.497742,Dala,Yangon,138,60,6.1"
"Site 5365,94.262106,21.744783,Insein,Mon,283,90,1.1"
"Site 5366,95.684784,21.498348,Botahtaung,Sagaing,64,65,6.2"
"Site 5367,95.398226,18.965123,Pazundaung,Mon,317,60,1.0"
"Site 5368,93.466187,15.338348,Insein,Sagaing,281,65,2.0"
"Site 5369,93.366374,16.496210,Botahtaung,Mandalay,251,180,6.0"
"Site 5370,96.653233,17.633679,Pazundaung,Bago,327,90,4.8"
"Site 5371,95.634826,20.543597,Pazundaung,Mandalay,149,120,5.1"
"Site 5372,97.820379,17.570904,Mayangone,Naypyidaw,40,45,2.7"
"Site 5373,94.854535,20.866255,Seikkan,Shan,312,90,6.2"
"Site 5374,93.011354,16.161721,Seikkan,Bago,192,60,4.0"
"Site 5375,93.507558,15.099086,Yankin,Bago,276,120,1.7"
"Site 5376,98.170319,20.533770,Mingalar Taung Nyunt,Kayin,107,60,6.8"
"Site 5377,97.863483,21.756184,Hlaingthaya,Magway,349,60,5.6"
"Site 5378,93.200240,19.390659,Mingaladon,Mon,173,45,2.9"
"Site 5379,93.478115,18.564800,Mingalar Taung Nyunt,Ayeyarwady,55,45,5.7"
"Site 5380,97.611962,16.218117,Shwepyitha,Shan,346,60,5.0"
"Site 5381,97.404117,19.198747,Hlaing,Naypyidaw,101,180,3.1"
"Site 5382,98.326083,18.770008,Mingaladon,Shan,241,90,1.2"
"Site 5383,95.916087,18.602098,Mayangone,Naypyidaw,164,120,0.8"
"Site 5384,94.683963,15.905924,Hlaing,Mon,324,60,4.6"
"Site 5385,95.653330,16.023651,Botahtaung,Naypyidaw,340,120,7.6"
"Site 5386,95.349009,19.317221,Shwepyitha,Bago,72,180,3.4"
"Site 5387,97.517564,18.639428,North Okkalapa,Naypyidaw,15,120,4.2"
"Site 5388,98.532442,15.647784,Kyauktada,Bago,31,90,1.3"
"Site 5389,95.005038,16.954652,Thingangyun,Bago,305,60,5.7"
"Site 5390,93.063195,17.314735,Mingalar Taung Nyunt,Naypyidaw,193,180,2.1"
"Site 5391,93.699698,20.594615,Kyauktada,Bago,89,90,7.0"
"Site 5392,97.940656,17.129102,Kamayut,Naypyidaw,119,180,1.4"
"Site 5393,98.635188,20.716690,Insein,Mon,249,180,0.9"
"Site 5394,93.970835,21.918355,Seikkan,Bago,139,60,1.2"
"Site 5395,94.176058,18.703187,Thingangyun,Mon,5,45,4.2"
"Site 5396,98.980361,20.139112,South Okkalapa,Mandalay,43,45,4.5"
"Site 5397,96.562220,18.110432,Seikkan,Sagaing,85,120,2.3"
"Site 5398,93.168223,18.109595,Shwepyitha,Magway,356,65,7.5"
"Site 5399,98.129780,21.264048,Mingaladon,Magway,245,90,6.2"
"Site 5400,93.163511,16.306250,North Okkalapa,Mandalay,244,65,7.7"
"Site 5401,93.881015,17.071748,Kyauktada,Magway,340,180,6.8"
"Site 5402,98.547043,16.839133,Yankin,Kayin,193,60,1.0"
"Site 5403,94.746378,16.313590,Mingalar Taung Nyunt,Kayin,274,90,4.9"
"Site 5404,95.017376,15.375184,Shwepyitha,Yangon,304,45,7.5"
"Site 5405,97.766167,20.815989,South Okkalapa,Mandalay,62,65,6.1"
"Site 5406,96.179062,20.682315,Shwepyitha,Magway,179,120,3.7"
"Site 5407,94.252538,19.825451,Botahtaung,Naypyidaw,131,180,1.4"
"Site 5408,98.450601,17.434879,Hlaingthaya,Kayin,349,120,6.7"
"Site 5409,94.191151,15.243070,South Okkalapa,Yangon,273,90,7.1"
"Site 5410,94.764670,19.347638,North Okkalapa,Shan,161,45,6.8"
"Site 5411,94.152695,18.305416,Hlaing,Mandalay,273,45,6.5"
"Site 5412,95.820802,18.346106,Mayangone,Mon,303,60,6.5"
"Site 5413,95.297811,15.028538,Dagon,Ayeyarwady,239,90,7.4"
"Site 5414,98.690148,21.280766,Dala,Sagaing,236,45,0.7"
"Site 5415,98.254814,20.320467,Pazundaung,Mandalay,314,45,6.5"
"Site 5416,95.845668,16.649626,Mingalar Taung Nyunt,Ayeyarwady,260,65,1.1"
"Site 5417,93.425785,18.693711,Seikkan,Kayin,177,65,5.2"
"Site 5418,97.719841,19.998958,Mingalar Taung Nyunt,Mandalay,11,90,1.1"
"Site 5419,96.458250,16.840355,Shwepyitha,Ayeyarwady,151,65,3.8"
"Site 5420,95.862272,17.025998,Seikkan,Ayeyarwady,159,120,6.3"
"Site 5421,95.113936,21.837417,Mayangone,Mandalay,91,120,7.9"
"Site 5422,95.810407,21.537558,Hlaing,Bago,193,90,4.1"
"Site 5423,98.250199,17.961794,South Okkalapa,Kayin,223,180,4.6"
"Site 5424,94.852557,20.276971,Yankin,Mon,186,45,3.5"
"Site 5425,98.158034,17.880973,Botahtaung,Naypyidaw,291,120,7.6"
"Site 5426,97.377917,16.648078,Mayangone,Mon,63,90,3.1"
"Site 5427,93.037506,18.689744,Thingangyun,Magway,320,65,8.0"
"Site 5428,95.277824,21.824258,Mayangone,Shan,181,90,6.7"
"Site 5429,95.203866,21.618053,Kamayut,Naypyidaw,32,180,7.4"
"Site 5430,95.951149,18.717091,Pazundaung,Mandalay,340,45,7.0"
"Site 5431,95.856274,17.766428,Seikkan,Mandalay,280,65,6.8"
"Site 5432,97.471827,18.736232,Mingalar Taung Nyunt,Magway,219,90,3.8"
"Site 5433,93.520641,19.261786,Hlaing,Ayeyarwady,255,180,4.1"
"Site 5434,98.014587,15.319678,North Okkalapa,Shan,344,90,5.0"
"Site 5435,93.854015,21.635115,Hlaing,Mon,118,65,6.5"
"Site 5436,96.612951,18.543244,Seikkan,Mon,1,90,5.1"
"Site 5437,93.396724,17.533336,Botahtaung,Shan,277,180,8.0"
"Site 5438,93.561301,21.115889,Thingangyun,Naypyidaw,30,45,7.8"
"Site 5439,98.147011,20.746623,Yankin,Shan,213,180,7.4"
"Site 5440,96.992122,18.085179,Shwepyitha,Naypyidaw,191,45,1.7"
"Site 5441,97.637809,17.699225,Dala,Sagaing,28,60,3.4"
"Site 5442,94.296709,21.525978,Insein,Ayeyarwady,105,60,7.0"
"Site 5443,96.279762,15.810429,Botahtaung,Magway,55,120,4.9"
"Site 5444,97.140578,20.817968,North Okkalapa,Bago,287,45,1.9"
"Site 5445,98.265359,19.913459,Dagon,Shan,199,60,8.0"
"Site 5446,93.087822,21.401892,Yankin,Yangon,254,120,3.7"
"Site 5447,96.343929,15.726469,North Okkalapa,Ayeyarwady,60,90,2.4"
"Site 5448,97.905006,18.942990,Pazundaung,Bago,251,45,5.9"
"Site 5449,93.868955,18.834285,Hlaingthaya,Mon,85,60,2.8"
"Site 5450,98.917437,15.071189,Hlaing,Mandalay,177,90,3.3"
"Site 5451,93.759042,17.592600,Seikkan,Kayin,269,120,1.5"
"Site 5452,94.378625,16.006906,Thingangyun,Yangon,303,60,5.2"
"Site 5453,98.866675,21.016095,South Okkalapa,Mandalay,71,180,4.0"
"Site 5454,93.281585,16.593652,Pazundaung,Bago,23,60,7.0"
"Site 5455,95.564327,17.469904,Botahtaung,Bago,167,90,1.4"
"Site 5456,98.514681,18.073220,Dala,Naypyidaw,88,45,4.3"
"Site 5457,94.981199,21.132004,Hlaing,Mandalay,133,120,4.7"
"Site 5458,98.932701,18.445203,Seikkan,Magway,74,60,6.4"
"Site 5459,93.002081,19.377521,Dala,Naypyidaw,336,180,4.6"
"Site 5460,95.141997,15.933412,Pazundaung,Sagaing,337,90,6.8"
"Site 5461,98.679578,17.428583,Hlaingthaya,Naypyidaw,273,120,5.3"
"Site 5462,94.743244,19.705746,North Okkalapa,Ayeyarwady,151,65,3.7"
"Site 5463,97.244194,21.211492,Thingangyun,Sagaing,21,90,0.8"
"Site 5464,97.768697,16.472168,Kamayut,Mandalay,348,180,7.1"
"Site 5465,96.583965,19.061931,Kyauktada,Mon,181,45,3.4"
"Site 5466,97.317912,19.161554,Pazundaung,Sagaing,45,90,2.7"
"Site 5467,95.934670,21.830757,Insein,Kayin,355,65,7.7"
"Site 5468,96.901705,18.609287,Hlaing,Mon,273,90,5.0"
"Site 5469,95.613282,21.369516,Hlaing,Magway,151,120,2.5"
"Site 5470,97.753636,21.525313,Mingalar Taung Nyunt,Ayeyarwady,76,60,4.0"
"Site 5471,98.945013,17.029189,Yankin,Bago,289,180,1.5"
"Site 5472,94.770784,17.975256,Insein,Ayeyarwady,335,60,5.3"
"Site 5473,96.827720,17.585835,Hlaing,Bago,80,120,1.9"
"Site 5474,96.586728,19.693074,Hlaingthaya,Bago,299,45,2.4"
"Site 5475,98.539091,20.164196,Kamayut,Sagaing,55,65,7.0"
"Site 5476,96.917000,17.074801,South Okkalapa,Ayeyarwady,263,90,5.7"
"Site 5477,96.164133,17.160695,North Okkalapa,Magway,95,65,3.2"
"Site 5478,93.353858,16.214405,Hlaing,Naypyidaw,67,90,1.7"
"Site 5479,94.719498,19.383805,Pazundaung,Mon,135,65,7.4"
"Site 5480,93.397252,15.998115,Yankin,Yangon,113,60,7.5"
"Site 5481,93.615398,15.027833,Mayangone,Yangon,201,65,2.0"
"Site 5482,93.858571,17.716056,Kamayut,Magway,19,65,7.4"
"Site 5483,97.961047,16.749440,Dala,Yangon,303,45,6.6"
"Site 5484,98.663204,19.252500,Dagon,Sagaing,27,60,2.3"
"Site 5485,98.778268,15.499131,North Okkalapa,Bago,267,180,1.8"
"Site 5486,95.778565,15.773298,Pazundaung,Shan,266,120,5.7"
"Site 5487,93.362896,19.514507,Dagon,Bago,214,45,5.6"
"Site 5488,98.725994,19.234828,Dagon,Ayeyarwady,175,60,2.1"
"Site 5489,94.251164,20.402253,Kamayut,Yangon,166,45,6.2"
"Site 5490,96.298679,16.678143,Mingaladon,Bago,35,120,2.2"
"Site 5491,97.476925,17.095825,Kyauktada,Mandalay,223,45,8.0"
"Site 5492,98.403913,20.176999,South Okkalapa,Mon,110,120,6.3"
"Site 5493,95.012331,17.808585,Pazundaung,Mandalay,346,60,7.7"
"Site 5494,97.048997,15.712882,Hlaingthaya,Kayin,81,45,2.4"
"Site 5495,93.543440,20.951554,Mayangone,Bago,139,65,6.7"
"Site 5496,93.439947,20.969105,Hlaing,Mon,255,180,1.6"
"Site 5497,94.737473,17.008035,Kamayut,Sagaing,133,180,0.6"
"Site 5498,94.910734,20.022709,Dala,Ayeyarwady,45,60,1.0"
"Site 5499,96.412560,19.618668,Botahtaung,Kayin,81,65,3.2"
"Site 5500,95.897215,17.778798,Insein,Ayeyarwady,44,120,7.7"
"Site 5501,93.908172,19.705462,Hlaingthaya,Sagaing,223,45,6.5"
"Site 5502,98.313488,17.032948,Kyauktada,Mon,247,120,1.0"
"Site 5503,96.183966,21.821971,Yankin,Kayin,135,180,3.0"
"Site 5504,98.032496,21.936405,Mayangone,Sagaing,210,60,1.0"
"Site 5505,98.437519,17.611705,Botahtaung,Bago,344,180,3.4"
"Site 5506,94.366573,20.417850,Pazundaung,Ayeyarwady,97,45,5.4"
"Site 5507,97.890919,19.292226,Seikkan,Naypyidaw,175,90,2.1"
"Site 5508,95.359817,17.961161,North Okkalapa,Shan,6,180,4.8"
"Site 5509,94.348882,15.529618,Pazundaung,Naypyidaw,20,60,3.4"
"Site 5510,96.282428,20.799169,Shwepyitha,Yangon,226,120,0.9"
"Site 5511,98.914835,17.691883,Hlaing,Yangon,1,65,3.0"
"Site 5512,94.157057,20.206760,Mingaladon,Mon,285,65,7.4"
"Site 5513,96.548534,18.559787,Mingalar Taung Nyunt,Shan,131,60,5.8"
"Site 5514,93.356218,19.671246,Insein,Mon,223,120,6.2"
"Site 5515,93.894620,18.690759,Yankin,Kayin,175,90,6.2"
"Site 5516,94.978128,19.410528,Hlaing,Sagaing,178,120,6.8"
"Site 5517,94.737733,21.942886,Mingaladon,Kayin,225,60,7.1"
"Site 5518,96.924556,21.587306,Kyauktada,Ayeyarwady,104,45,5.1"
"Site 5519,96.272607,20.636997,Kamayut,Sagaing,337,45,3.4"
"Site 5520,98.015216,21.131308,Yankin,Magway,202,120,7.2"
"Site 5521,97.174756,19.005930,North Okkalapa,Ayeyarwady,184,90,2.9"
"Site 5522,96.995499,16.556085,South Okkalapa,Ayeyarwady,53,45,6.1"
"Site 5523,94.003858,19.018512,Mayangone,Kayin,136,180,6.5"
"Site 5524,97.308214,15.515011,Botahtaung,Yangon,75,65,6.8"
"Site 5525,93.433010,21.115363,Yankin,Ayeyarwady,272,90,1.8"
"Site 5526,95.074128,21.447467,Insein,Magway,91,60,3.1"
"Site 5527,95.152183,16.802229,Mingalar Taung Nyunt,Bago,258,90,1.0"
"Site 5528,96.776525,21.045248,Botahtaung,Ayeyarwady,330,90,6.5"
"Site 5529,96.489810,19.363272,Mayangone,Naypyidaw,182,180,6.3"
"Site 5530,94.411070,20.486077,Hlaingthaya,Shan,211,90,5.6"
"Site 5531,95.741343,19.109844,Hlaingthaya,Shan,116,45,5.7"
"Site 5532,95.715608,21.354520,Botahtaung,Ayeyarwady,182,45,7.8"
"Site 5533,95.281774,15.399085,Pazundaung,Ayeyarwady,138,90,3.7"
"Site 5534,95.191047,21.485852,Thingangyun,Mon,289,60,6.1"
"Site 5535,98.015477,18.806922,Dala,Shan,103,65,5.2"
"Site 5536,97.677380,16.823245,Shwepyitha,Ayeyarwady,4,60,7.9"
"Site 5537,97.096116,15.379282,South Okkalapa,Ayeyarwady,318,60,3.0"
"Site 5538,95.340018,15.960764,Mingalar Taung Nyunt,Shan,74,180,6.8"
"Site 5539,96.245955,19.300342,Kamayut,Naypyidaw,62,60,6.3"
"Site 5540,98.093925,21.778504,Dagon,Magway,177,90,1.8"
"Site 5541,96.777648,15.854269,Yankin,Yangon,253,60,1.3"
"Site 5542,97.291225,18.893656,Kyauktada,Bago,61,65,6.8"
"Site 5543,98.653139,17.401225,Kamayut,Bago,340,60,7.9"
"Site 5544,96.295296,19.330951,Thingangyun,Ayeyarwady,11,60,3.3"
"Site 5545,93.979387,20.599135,Hlaingthaya,Sagaing,339,90,4.6"
"Site 5546,98.463163,21.400311,Kyauktada,Shan,295,180,3.1"
"Site 5547,93.328650,17.744515,Kamayut,Shan,23,180,6.8"
"Site 5548,93.512512,15.125768,Hlaing,Ayeyarwady,205,120,5.4"
"Site 5549,96.983078,15.873667,Kamayut,Mandalay,224,65,7.9"
"Site 5550,93.521713,20.718541,Shwepyitha,Shan,175,65,3.5"
"Site 5551,94.068315,21.671873,Insein,Naypyidaw,262,120,3.7"
"Site 5552,96.103771,20.741666,Shwepyitha,Naypyidaw,104,120,5.8"
"Site 5553,95.966197,20.678648,Mayangone,Naypyidaw,230,120,6.0"
"Site 5554,93.813689,21.770712,Insein,Mandalay,245,120,5.5"
"Site 5555,93.018434,16.234069,Mayangone,Shan,341,60,7.1"
"Site 5556,96.972456,18.727766,Seikkan,Mandalay,316,120,3.5"
"Site 5557,98.702910,18.164786,Thingangyun,Sagaing,233,60,5.0"
"Site 5558,96.895276,19.109350,Mingaladon,Sagaing,252,180,5.5"
"Site 5559,94.958218,20.030375,South Okkalapa,Mon,28,120,5.3"
"Site 5560,93.024554,19.840053,South Okkalapa,Kayin,83,120,5.6"
"Site 5561,94.839939,15.822985,Seikkan,Kayin,131,65,5.3"
"Site 5562,93.432880,20.139902,South Okkalapa,Kayin,111,120,6.9"
"Site 5563,94.661651,18.074125,South Okkalapa,Shan,227,45,6.0"
"Site 5564,95.341234,16.535569,Dagon,Mandalay,94,45,3.7"
"Site 5565,96.364210,15.069705,Mingaladon,Bago,249,180,2.1"
"Site 5566,98.913557,19.003000,Yankin,Shan,82,180,6.6"
"Site 5567,93.526897,19.590497,Pazundaung,Shan,334,90,3.6"
"Site 5568,95.297565,20.653816,Mingaladon,Mandalay,228,60,7.9"
"Site 5569,97.150389,21.001943,South Okkalapa,Magway,342,45,5.3"
"Site 5570,98.152619,19.089180,Botahtaung,Mon,305,65,6.3"
"Site 5571,93.847010,15.259455,Insein,Yangon,193,60,1.3"
"Site 5572,93.096084,16.752120,Kyauktada,Bago,136,90,0.8"
"Site 5573,95.545360,21.585486,Dagon,Shan,272,45,3.1"
"Site 5574,94.653856,21.270384,North Okkalapa,Ayeyarwady,303,60,3.5"
"Site 5575,95.858838,15.687613,Botahtaung,Bago,137,120,5.6"
"Site 5576,94.153498,17.553535,Botahtaung,Magway,250,65,3.4"
"Site 5577,96.577488,15.426491,South Okkalapa,Magway,234,120,4.3"
"Site 5578,96.077561,15.457226,Mayangone,Naypyidaw,20,180,4.9"
"Site 5579,98.738922,16.509124,Yankin,Shan,233,90,2.3"
"Site 5580,94.895629,16.833570,Kyauktada,Mandalay,272,45,7.6"
"Site 5581,93.805875,17.949834,Kyauktada,Yangon,78,180,2.0"
"Site 5582,97.585436,16.931846,Pazundaung,Magway,296,65,1.0"
"Site 5583,95.778771,21.338519,Thingangyun,Mandalay,181,45,4.5"
"Site 5584,97.979696,15.981412,South Okkalapa,Ayeyarwady,274,60,3.4"
"Site 5585,96.498586,18.852524,North Okkalapa,Shan,162,120,1.4"
"Site 5586,97.234707,17.865814,Kyauktada,Sagaing,22,120,5.3"
"Site 5587,93.938274,18.103154,Mingalar Taung Nyunt,Bago,159,45,6.9"
"Site 5588,93.811154,17.380895,Kyauktada,Ayeyarwady,354,120,7.9"
"Site 5589,98.071504,16.005794,Seikkan,Ayeyarwady,250,180,7.6"
"Site 5590,95.163257,18.104500,Mayangone,Bago,326,180,4.5"
"Site 5591,98.291348,16.424070,Mayangone,Ayeyarwady,230,180,1.3"
"Site 5592,95.246742,15.713342,Hlaing,Ayeyarwady,111,45,7.5"
"Site 5593,93.714572,20.079072,Thingangyun,Sagaing,343,120,1.4"
"Site 5594,96.426470,20.328148,North Okkalapa,Naypyidaw,58,180,7.8"
"Site 5595,94.039420,18.074793,Thingangyun,Mandalay,110,120,4.8"
"Site 5596,96.945047,17.241580,Thingangyun,Yangon,323,65,7.7"
"Site 5597,95.005515,17.998277,Shwepyitha,Magway,40,120,1.6"
"Site 5598,97.735251,21.385161,Pazundaung,Mandalay,129,60,1.1"
"Site 5599,93.181422,21.595436,Yankin,Kayin,346,60,3.1"
"Site 5600,94.449902,18.778679,Dala,Naypyidaw,196,90,4.3"
"Site 5601,96.510012,15.158416,Mingaladon,Kayin,271,120,3.2"
"Site 5602,95.656664,21.064432,Hlaingthaya,Bago,158,65,1.1"
"Site 5603,97.016408,21.764515,Botahtaung,Sagaing,304,120,6.3"
"Site 5604,93.915918,20.604154,Kamayut,Magway,67,60,5.0"
"Site 5605,96.030479,20.567335,Botahtaung,Bago,240,90,7.6"
"Site 5606,95.389277,15.152855,Seikkan,Magway,292,90,2.7"
"Site 5607,94.503756,15.689781,Seikkan,Mandalay,86,45,3.9"
"Site 5608,97.511732,15.654612,Hlaingthaya,Ayeyarwady,11,65,3.5"
"Site 5609,98.741807,19.421729,Mingalar Taung Nyunt,Shan,289,180,5.3"
"Site 5610,95.443702,15.283558,Thingangyun,Kayin,334,45,2.4"
"Site 5611,96.215877,21.329386,Insein,Mon,293,90,4.3"
"Site 5612,93.951519,15.441246,South Okkalapa,Sagaing,24,180,7.1"
"Site 5613,94.922129,21.253899,Mingaladon,Kayin,2,65,2.9"
"Site 5614,93.860610,19.498866,Insein,Yangon,107,60,3.8"
"Site 5615,96.645456,17.989819,Botahtaung,Sagaing,293,90,4.2"
"Site 5616,96.915831,15.821275,Kyauktada,Mandalay,316,60,5.7"
"Site 5617,95.579685,16.295707,South Okkalapa,Naypyidaw,327,45,6.6"
"Site 5618,97.173784,18.225772,Yankin,Sagaing,157,180,1.0"
"Site 5619,95.311251,18.573837,Pazundaung,Kayin,119,90,3.6"
"Site 5620,98.075605,18.594753,Yankin,Kayin,124,180,2.4"
"Site 5621,93.373467,16.928706,Dagon,Mon,276,90,3.8"
"Site 5622,94.541387,19.303506,Dagon,Naypyidaw,51,120,7.7"
"Site 5623,98.779714,16.960308,South Okkalapa,Yangon,188,45,5.1"
"Site 5624,96.072300,20.198018,Dagon,Bago,123,120,2.1"
"Site 5625,94.954104,20.969357,Insein,Bago,196,90,3.1"
"Site 5626,95.226095,20.909419,Hlaingthaya,Kayin,134,65,2.3"
"Site 5627,95.286399,17.782860,Dala,Kayin,332,45,1.3"
"Site 5628,93.652145,19.073321,Hlaing,Magway,339,90,3.6"
"Site 5629,98.553782,19.067924,Yankin,Shan,23,60,3.1"
"Site 5630,96.570992,18.591718,Thingangyun,Yangon,286,65,2.5"
"Site 5631,94.442424,18.554382,Hlaing,Yangon,343,180,2.5"
"Site 5632,98.263685,19.799020,Mingalar Taung Nyunt,Kayin,112,45,1.5"
"Site 5633,93.879855,15.215778,Hlaingthaya,Yangon,29,60,0.5"
"Site 5634,94.819850,21.873080,Mingaladon,Sagaing,283,65,4.9"
"Site 5635,96.754493,16.212406,Shwepyitha,Bago,106,90,7.9"
"Site 5636,93.356123,21.204676,Seikkan,Mandalay,84,90,5.2"
"Site 5637,98.961499,20.091059,Thingangyun,Sagaing,78,120,3.2"
"Site 5638,93.368858,15.606605,Botahtaung,Bago,233,45,7.0"
"Site 5639,97.994761,16.442809,Kyauktada,Mon,241,60,3.1"
"Site 5640,94.281347,15.058385,Yankin,Sagaing,180,120,2.7"
"Site 5641,96.558638,20.452941,South Okkalapa,Yangon,100,180,1.6"
"Site 5642,93.165960,16.351647,Shwepyitha,Yangon,39,90,1.8"
"Site 5643,94.911626,17.890623,South Okkalapa,Kayin,28,90,1.3"
"Site 5644,98.138136,15.441441,South Okkalapa,Shan,314,120,5.9"
"Site 5645,95.835072,15.394322,North Okkalapa,Kayin,101,60,4.5"
"Site 5646,93.315184,20.889797,Thingangyun,Mandalay,331,65,1.3"
"Site 5647,98.130622,21.434225,South Okkalapa,Yangon,352,90,3.5"
"Site 5648,98.331550,16.695486,Kamayut,Sagaing,16,90,2.4"
"Site 5649,94.738257,16.917820,Thingangyun,Yangon,334,45,3.0"
"Site 5650,98.933036,19.101395,North Okkalapa,Ayeyarwady,319,45,1.4"
"Site 5651,98.758630,21.258245,Seikkan,Magway,309,180,5.3"
"Site 5652,96.543007,15.837513,Hlaingthaya,Yangon,57,120,4.4"
"Site 5653,97.193856,20.996314,Insein,Ayeyarwady,226,60,4.8"
"Site 5654,97.568592,17.227511,Botahtaung,Kayin,192,120,4.9"
"Site 5655,94.937363,21.851212,Dagon,Bago,323,180,1.0"
"Site 5656,97.614243,17.891919,Dagon,Mandalay,272,60,6.7"
"Site 5657,94.789080,19.043013,North Okkalapa,Bago,231,65,4.7"
"Site 5658,97.085803,15.835830,Yankin,Kayin,216,180,7.1"
"Site 5659,97.918574,17.998086,Seikkan,Naypyidaw,253,65,0.5"
"Site 5660,96.187187,19.288272,Kyauktada,Magway,329,45,3.7"
"Site 5661,93.653984,15.100704,Yankin,Ayeyarwady,220,90,1.5"
"Site 5662,93.065568,18.876705,Seikkan,Ayeyarwady,295,120,2.6"
"Site 5663,94.507851,20.086487,Mingaladon,Bago,39,45,5.8"
"Site 5664,96.272612,21.746099,Hlaing,Mon,329,120,1.1"
"Site 5665,93.125897,20.704876,Mingalar Taung Nyunt,Yangon,187,65,7.0"
"Site 5666,94.112354,15.993758,Pazundaung,Mon,163,120,1.9"
"Site 5667,95.797234,21.949418,Kyauktada,Bago,358,120,5.7"
"Site 5668,98.891751,17.936109,South Okkalapa,Kayin,139,120,1.6"
"Site 5669,97.779817,16.523052,Shwepyitha,Naypyidaw,345,60,2.6"
"Site 5670,98.194411,16.985254,Hlaingthaya,Bago,226,90,6.8"
"Site 5671,95.860428,18.030576,Dagon,Ayeyarwady,153,60,2.1"
"Site 5672,95.882947,20.672960,Mingaladon,Shan,19,90,5.4"
"Site 5673,96.627352,19.933635,Thingangyun,Yangon,37,120,3.4"
"Site 5674,95.962136,20.801042,Kyauktada,Magway,222,60,6.5"
"Site 5675,96.239736,21.847241,Mingalar Taung Nyunt,Yangon,211,120,0.8"
"Site 5676,94.501112,21.961433,Kyauktada,Bago,151,60,5.4"
"Site 5677,96.745435,19.239370,Mayangone,Naypyidaw,257,45,5.6"
"Site 5678,96.836060,18.633406,Kyauktada,Bago,254,90,7.5"
"Site 5679,94.330794,17.157919,Dala,Naypyidaw,311,60,1.9"
"Site 5680,98.433263,18.451099,Seikkan,Naypyidaw,2,60,7.1"
"Site 5681,93.373341,18.751078,Shwepyitha,Sagaing,254,180,5.1"
"Site 5682,98.090816,21.813501,Shwepyitha,Bago,314,45,1.7"
"Site 5683,96.633596,19.360799,Hlaing,Mandalay,270,180,1.4"
"Site 5684,93.091505,20.614318,Dagon,Yangon,219,120,5.5"
"Site 5685,93.768919,15.944893,Mingalar Taung Nyunt,Mon,6,180,5.6"
"Site 5686,96.996530,16.684639,Pazundaung,Sagaing,326,120,6.0"
"Site 5687,93.270134,19.110485,Hlaing,Yangon,79,45,1.8"
"Site 5688,94.262384,15.017212,South Okkalapa,Ayeyarwady,93,90,6.4"
"Site 5689,95.785122,21.085023,Yankin,Mon,183,45,2.3"
"Site 5690,97.501628,21.080354,North Okkalapa,Mon,106,120,4.8"
"Site 5691,94.510139,20.311762,Mingaladon,Mon,65,120,6.2"
"Site 5692,95.238346,18.328033,Pazundaung,Bago,353,120,3.2"
"Site 5693,93.916448,15.558634,South Okkalapa,Magway,303,65,6.5"
"Site 5694,97.109424,17.753698,Botahtaung,Bago,124,120,1.2"
"Site 5695,96.088119,17.518295,Insein,Naypyidaw,219,45,4.4"
"Site 5696,97.308122,15.203606,Shwepyitha,Kayin,241,180,4.8"
"Site 5697,96.099626,16.270124,Hlaing,Mon,11,60,1.8"
"Site 5698,97.767790,18.408382,North Okkalapa,Yangon,218,60,0.8"
"Site 5699,97.213373,20.805178,Thingangyun,Bago,118,45,3.1"
"Site 5700,96.848643,18.445579,Mayangone,Sagaing,220,60,5.2"
"Site 5701,93.502067,18.883460,Yankin,Mandalay,15,45,5.4"
"Site 5702,98.336056,15.365345,North Okkalapa,Magway,40,60,5.3"
"Site 5703,95.789627,18.155567,Kyauktada,Mandalay,114,90,1.4"
"Site 5704,95.730665,15.368227,Yankin,Naypyidaw,250,90,7.6"
"Site 5705,98.794726,20.720060,Dala,Magway,334,45,1.1"
"Site 5706,96.353301,15.047555,Thingangyun,Ayeyarwady,107,60,6.9"
"Site 5707,95.694109,19.148086,Seikkan,Naypyidaw,128,90,3.4"
"Site 5708,96.297235,18.990938,South Okkalapa,Naypyidaw,63,45,3.5"
"Site 5709,97.344408,18.114141,Mayangone,Ayeyarwady,175,120,0.6"
"Site 5710,95.121989,17.695481,Yankin,Shan,33,180,2.8"
"Site 5711,93.431988,19.744291,Mayangone,Naypyidaw,357,180,7.7"
"Site 5712,95.346200,19.093509,North Okkalapa,Mandalay,271,60,6.2"
"Site 5713,95.226155,16.677664,North Okkalapa,Mandalay,277,60,5.8"
"Site 5714,96.914556,20.902732,Mingalar Taung Nyunt,Naypyidaw,137,65,4.8"
"Site 5715,95.931245,18.503891,Botahtaung,Magway,78,180,6.4"
"Site 5716,98.042765,15.308028,Hlaing,Naypyidaw,330,60,4.3"
"Site 5717,94.349968,21.697862,Kamayut,Mon,164,65,1.1"
"Site 5718,93.712178,20.895616,Seikkan,Ayeyarwady,106,60,7.8"
"Site 5719,98.232297,16.308063,Yankin,Mon,82,180,2.5"
"Site 5720,96.522068,18.653165,South Okkalapa,Kayin,285,90,0.7"
"Site 5721,97.307054,15.459107,Mayangone,Ayeyarwady,56,90,5.0"
"Site 5722,93.950389,21.166917,Pazundaung,Yangon,104,90,1.1"
"Site 5723,98.335103,18.786097,Mingalar Taung Nyunt,Magway,89,180,6.8"
"Site 5724,96.893239,20.605067,Dala,Yangon,199,65,5.9"
"Site 5725,96.727076,20.825230,Dagon,Shan,205,180,1.4"
"Site 5726,97.332269,17.018579,Yankin,Naypyidaw,44,90,4.1"
"Site 5727,96.010344,19.377458,Mingalar Taung Nyunt,Ayeyarwady,323,60,6.0"
"Site 5728,96.884857,20.541659,South Okkalapa,Mon,159,60,7.4"
"Site 5729,96.779942,21.550533,Seikkan,Yangon,321,120,4.9"
"Site 5730,93.209763,18.686367,Seikkan,Ayeyarwady,344,90,6.2"
"Site 5731,93.945847,16.298424,Mayangone,Mandalay,91,120,1.6"
"Site 5732,98.415919,21.819363,Botahtaung,Mon,84,65,5.9"
"Site 5733,93.497932,15.407203,Dagon,Bago,93,180,1.8"
"Site 5734,98.003957,15.795588,Dagon,Ayeyarwady,344,60,8.0"
"Site 5735,97.203380,18.515845,Shwepyitha,Mandalay,70,45,5.3"
"Site 5736,97.209398,17.613637,Hlaing,Mandalay,145,120,6.3"
"Site 5737,95.716444,20.781291,Seikkan,Ayeyarwady,283,60,4.8"
"Site 5738,96.110615,16.242462,Pazundaung,Bago,331,60,0.7"
"Site 5739,95.875547,18.929061,Mayangone,Naypyidaw,230,60,2.6"
"Site 5740,95.203897,21.864089,Mingalar Taung Nyunt,Sagaing,317,65,5.6"
"Site 5741,98.975826,19.955154,Kamayut,Sagaing,175,180,6.9"
"Site 5742,97.315585,20.360373,Yankin,Bago,325,45,2.2"
"Site 5743,93.655091,15.547426,Mingalar Taung Nyunt,Sagaing,2,180,4.1"
"Site 5744,93.354420,16.414338,Kyauktada,Mon,311,45,4.2"
"Site 5745,98.228171,17.581615,Hlaingthaya,Bago,221,65,1.0"
"Site 5746,96.757053,16.526039,Insein,Yangon,48,45,3.6"
"Site 5747,97.384698,18.539117,Botahtaung,Naypyidaw,112,60,2.6"
"Site 5748,95.300373,16.980794,Seikkan,Sagaing,106,60,2.6"
"Site 5749,94.601021,21.157381,Shwepyitha,Ayeyarwady,253,120,5.8"
"Site 5750,94.377667,21.837127,Mingaladon,Magway,78,65,4.4"
"Site 5751,94.664612,17.395278,Mingaladon,Shan,137,90,1.4"
"Site 5752,93.244542,15.319965,Kamayut,Bago,346,90,3.5"
"Site 5753,96.861370,20.509805,Dala,Mon,333,90,2.7"
"Site 5754,95.514531,19.228664,Botahtaung,Bago,352,60,2.0"
"Site 5755,93.233121,18.473218,Hlaingthaya,Shan,152,65,2.2"
"Site 5756,97.593269,16.474919,Seikkan,Naypyidaw,347,90,0.6"
"Site 5757,94.913166,16.578895,Insein,Sagaing,3,45,2.2"
"Site 5758,96.020670,17.506607,Hlaing,Naypyidaw,35,45,1.0"
"Site 5759,93.960918,17.013033,South Okkalapa,Kayin,55,90,5.7"
"Site 5760,94.358145,19.181263,Dala,Shan,339,45,6.5"
"Site 5761,96.827833,20.707660,Hlaingthaya,Yangon,115,180,8.0"
"Site 5762,93.263336,15.734094,Mayangone,Naypyidaw,346,60,6.2"
"Site 5763,96.681190,21.185550,Kyauktada,Naypyidaw,214,180,4.7"
"Site 5764,96.761792,16.236026,Mingalar Taung Nyunt,Magway,157,180,7.0"
"Site 5765,98.591259,17.549485,Pazundaung,Yangon,88,90,4.8"
"Site 5766,94.694272,15.895240,Seikkan,Shan,150,90,5.5"
"Site 5767,96.090393,18.668698,Shwepyitha,Mandalay,352,180,0.9"
"Site 5768,98.731346,16.272153,South Okkalapa,Ayeyarwady,23,60,2.4"
"Site 5769,98.320417,17.859682,Yankin,Mandalay,154,90,1.5"
"Site 5770,97.283837,16.641414,Botahtaung,Magway,49,180,6.5"
"Site 5771,95.082661,21.111179,Mayangone,Mon,99,120,5.5"
"Site 5772,96.752114,16.310536,Mingaladon,Magway,348,65,2.7"
"Site 5773,94.610012,21.538909,Mingalar Taung Nyunt,Yangon,277,90,4.1"
"Site 5774,96.426241,15.108398,North Okkalapa,Kayin,39,45,3.1"
"Site 5775,95.192260,20.730762,Yankin,Naypyidaw,304,180,6.2"
"Site 5776,94.064405,20.805234,Mayangone,Naypyidaw,115,180,6.0"
"Site 5777,97.930424,21.524490,Pazundaung,Kayin,327,45,0.8"
"Site 5778,95.449877,19.984434,Thingangyun,Shan,134,120,7.1"
"Site 5779,97.317939,15.056610,Seikkan,Kayin,221,180,6.2"
"Site 5780,93.625266,16.205004,Insein,Shan,344,120,5.2"
"Site 5781,97.607241,20.365727,Insein,Naypyidaw,204,45,2.7"
"Site 5782,93.086028,21.099088,Insein,Mandalay,240,180,2.4"
"Site 5783,95.259104,16.367880,South Okkalapa,Yangon,109,45,2.7"
"Site 5784,94.151655,19.079248,Botahtaung,Mon,261,45,1.2"
"Site 5785,93.666865,18.660747,Thingangyun,Magway,279,60,0.7"
"Site 5786,98.099092,21.476702,Pazundaung,Magway,166,120,6.9"
"Site 5787,96.306921,17.194944,Pazundaung,Magway,221,45,3.2"
"Site 5788,93.955484,21.723313,Dala,Kayin,119,45,5.6"
"Site 5789,97.139241,21.178784,Pazundaung,Magway,121,60,0.7"
"Site 5790,93.131010,20.932443,Mayangone,Kayin,74,90,1.1"
"Site 5791,93.690118,15.839092,North Okkalapa,Shan,41,90,3.4"
"Site 5792,97.094185,16.546346,Seikkan,Mandalay,290,180,1.7"
"Site 5793,97.893340,15.311722,Hlaing,Mon,166,180,5.3"
"Site 5794,94.839735,21.616530,Kamayut,Mandalay,131,90,7.7"
"Site 5795,95.321403,15.720574,Thingangyun,Ayeyarwady,77,180,2.0"
"Site 5796,96.345738,19.721438,North Okkalapa,Mandalay,202,60,4.6"
"Site 5797,97.047670,20.180789,Pazundaung,Shan,0,45,6.3"
"Site 5798,97.878110,15.183373,North Okkalapa,Ayeyarwady,83,90,3.1"
"Site 5799,97.229829,16.968395,Shwepyitha,Mon,72,45,1.2"
"Site 5800,94.913349,16.220508,Botahtaung,Magway,5,60,2.6"
"Site 5801,93.537834,15.352804,Seikkan,Ayeyarwady,275,65,2.0"
"Site 5802,97.767693,15.303015,Mayangone,Yangon,60,45,6.3"
"Site 5803,97.101045,15.092699,Mingaladon,Shan,73,90,2.1"
"Site 5804,97.837709,15.690110,Shwepyitha,Mandalay,188,90,2.0"
"Site 5805,97.680984,21.167149,Mingalar Taung Nyunt,Ayeyarwady,283,45,5.5"
"Site 5806,98.911541,15.187685,South Okkalapa,Mon,179,60,6.2"
"Site 5807,95.012015,19.331433,Hlaing,Kayin,356,180,4.2"
"Site 5808,93.048622,15.592718,Kamayut,Magway,84,45,6.4"
"Site 5809,95.225601,15.575212,Dala,Kayin,118,45,7.5"
"Site 5810,94.368238,17.936726,Botahtaung,Naypyidaw,192,60,1.4"
"Site 5811,93.350106,17.785675,Hlaingthaya,Magway,237,65,7.7"
"Site 5812,97.537245,21.921997,South Okkalapa,Naypyidaw,161,120,6.6"
"Site 5813,95.741782,16.771516,Seikkan,Sagaing,131,65,5.2"
"Site 5814,95.209744,16.134599,Insein,Shan,338,90,6.5"
"Site 5815,97.632106,20.345931,Kamayut,Shan,145,65,4.7"
"Site 5816,98.948625,20.806697,Insein,Ayeyarwady,167,180,5.2"
"Site 5817,95.017725,17.466448,Mingaladon,Magway,63,120,4.0"
"Site 5818,95.623355,19.155573,Yankin,Shan,246,120,7.0"
"Site 5819,94.715794,19.617025,Insein,Shan,239,90,7.6"
"Site 5820,97.043222,18.900575,Kyauktada,Shan,28,90,2.9"
"Site 5821,96.713268,17.423202,Hlaingthaya,Ayeyarwady,293,90,1.0"
"Site 5822,93.938380,20.259866,Insein,Yangon,283,90,7.7"
"Site 5823,95.384824,18.095567,Hlaingthaya,Naypyidaw,77,90,2.2"
"Site 5824,98.450829,21.844409,Mingaladon,Mon,295,65,3.8"
"Site 5825,97.808915,19.217341,North Okkalapa,Shan,59,180,6.8"
"Site 5826,93.748894,20.235359,Dagon,Ayeyarwady,108,120,2.4"
"Site 5827,94.456309,20.354811,Kamayut,Magway,307,65,6.0"
"Site 5828,94.283681,16.421205,Pazundaung,Bago,180,60,1.8"
"Site 5829,93.807389,16.003696,Insein,Shan,22,60,0.9"
"Site 5830,95.734710,20.192747,Pazundaung,Mandalay,173,65,1.0"
"Site 5831,96.873019,17.137975,Dala,Naypyidaw,196,180,2.5"
"Site 5832,94.803735,15.149992,Dagon,Shan,277,90,6.0"
"Site 5833,94.637296,18.204117,Seikkan,Shan,76,65,6.2"
"Site 5834,98.945298,21.076927,North Okkalapa,Mon,281,90,5.5"
"Site 5835,97.659211,20.032184,Insein,Mon,133,45,6.5"
"Site 5836,95.617132,18.653481,Dagon,Bago,192,180,1.2"
"Site 5837,95.071903,17.939799,Dagon,Mandalay,276,120,4.0"
"Site 5838,95.432327,19.590952,Pazundaung,Kayin,315,60,2.0"
"Site 5839,93.851946,19.896984,Kyauktada,Sagaing,39,120,4.9"
"Site 5840,94.647084,18.093588,Mayangone,Yangon,90,65,7.2"
"Site 5841,96.515651,16.035825,Mingalar Taung Nyunt,Mandalay,344,65,1.4"
"Site 5842,96.518557,16.624869,Hlaing,Naypyidaw,121,60,6.3"
"Site 5843,95.415089,20.947023,Yankin,Mon,331,45,7.0"
"Site 5844,97.519048,19.067499,Hlaingthaya,Sagaing,140,45,5.0"
"Site 5845,98.450447,19.291862,Kamayut,Kayin,104,180,5.2"
"Site 5846,93.096415,16.151705,Yankin,Shan,280,45,3.7"
"Site 5847,98.531372,20.351467,Botahtaung,Shan,300,180,3.4"
"Site 5848,96.672860,20.387459,Thingangyun,Bago,263,90,2.3"
"Site 5849,93.000012,20.295091,Dala,Mon,57,65,5.0"
"Site 5850,98.815302,20.130711,Yankin,Yangon,339,120,1.5"
"Site 5851,98.814222,17.487550,Kyauktada,Kayin,316,60,1.0"
"Site 5852,96.633859,20.360420,North Okkalapa,Mandalay,214,90,1.6"
"Site 5853,95.228795,21.052003,Mayangone,Shan,117,120,5.3"
"Site 5854,93.740449,20.669322,South Okkalapa,Bago,51,45,2.9"
"Site 5855,96.275737,20.128081,Dagon,Sagaing,249,65,7.9"
"Site 5856,93.630733,20.614492,Kyauktada,Kayin,37,60,3.5"
"Site 5857,93.519287,15.133974,Botahtaung,Yangon,293,90,1.9"
"Site 5858,94.650800,15.851119,Dagon,Yangon,109,120,6.4"
"Site 5859,95.678006,15.185336,Yankin,Sagaing,144,120,2.3"
"Site 5860,94.144268,17.759274,Mingalar Taung Nyunt,Magway,131,120,3.8"
"Site 5861,97.510356,17.355011,Pazundaung,Kayin,207,60,5.8"
"Site 5862,98.218660,20.945822,Yankin,Sagaing,330,45,2.9"
"Site 5863,93.789484,15.159126,Mingalar Taung Nyunt,Bago,293,120,2.3"
"Site 5864,97.945770,18.125048,Mingaladon,Yangon,133,120,1.5"
"Site 5865,93.954739,16.065151,Hlaing,Kayin,102,65,5.9"
"Site 5866,96.947363,16.460925,North Okkalapa,Bago,291,45,5.7"
"Site 5867,98.913640,21.916952,North Okkalapa,Naypyidaw,162,90,1.4"
"Site 5868,94.749463,15.203203,Shwepyitha,Ayeyarwady,195,90,1.5"
"Site 5869,98.169639,19.648347,Hlaingthaya,Magway,254,45,5.9"
"Site 5870,94.387639,19.459227,North Okkalapa,Kayin,66,180,3.9"
"Site 5871,96.157858,21.412347,Mayangone,Shan,78,60,4.8"
"Site 5872,96.818764,21.812839,Yankin,Yangon,13,60,4.0"
"Site 5873,97.449533,19.457370,Mingalar Taung Nyunt,Kayin,331,180,6.8"
"Site 5874,98.004065,16.856750,Kyauktada,Sagaing,327,90,1.9"
"Site 5875,95.422124,17.712516,Kyauktada,Naypyidaw,348,90,1.2"
"Site 5876,94.875184,15.159141,Insein,Kayin,105,180,3.4"
"Site 5877,94.029635,16.179591,Dala,Shan,62,65,7.7"
"Site 5878,96.265944,15.927776,Dala,Sagaing,107,45,6.8"
"Site 5879,97.967940,18.682044,Botahtaung,Magway,347,45,1.7"
"Site 5880,96.999742,16.304273,Shwepyitha,Ayeyarwady,56,120,3.3"
"Site 5881,93.582191,21.655438,Mayangone,Sagaing,273,60,7.5"
"Site 5882,93.350950,16.628315,North Okkalapa,Shan,172,65,2.2"
"Site 5883,97.016904,18.988803,Mingalar Taung Nyunt,Naypyidaw,206,90,3.5"
"Site 5884,95.432947,17.890769,Insein,Mon,307,60,2.5"
"Site 5885,95.102128,18.678861,Botahtaung,Naypyidaw,304,45,3.3"
"Site 5886,97.061440,21.524831,Thingangyun,Ayeyarwady,211,65,2.1"
"Site 5887,94.695164,17.192269,South Okkalapa,Shan,231,90,3.0"
"Site 5888,95.359093,19.587124,Yankin,Bago,251,45,7.7"
"Site 5889,95.628091,16.012770,Insein,Sagaing,8,65,5.2"
"Site 5890,93.514459,18.141919,Seikkan,Bago,58,65,3.5"
"Site 5891,95.702628,19.374515,Mingaladon,Kayin,8,60,6.3"
"Site 5892,97.438523,18.158592,Mayangone,Ayeyarwady,180,60,6.6"
"Site 5893,93.068534,19.226013,Mayangone,Yangon,212,65,6.2"
"Site 5894,97.309711,20.957255,South Okkalapa,Yangon,220,180,6.5"
"Site 5895,94.152515,19.393017,Shwepyitha,Ayeyarwady,320,45,2.8"
"Site 5896,96.352155,21.213100,Botahtaung,Ayeyarwady,206,90,1.1"
"Site 5897,94.639188,21.482869,Kyauktada,Shan,187,180,5.7"
"Site 5898,97.410093,17.930275,Mingaladon,Magway,168,120,3.8"
"Site 5899,98.945955,20.050609,Dala,Naypyidaw,46,90,4.0"
"Site 5900,94.584659,15.839300,Hlaingthaya,Mandalay,341,45,5.4"
"Site 5901,97.301050,19.343518,North Okkalapa,Naypyidaw,324,90,2.2"
"Site 5902,94.626154,19.424967,Pazundaung,Kayin,54,90,4.3"
"Site 5903,96.769302,17.088168,Yankin,Naypyidaw,70,120,5.5"
"Site 5904,93.501012,21.840618,Thingangyun,Magway,264,45,4.1"
"Site 5905,97.706541,21.222896,Shwepyitha,Sagaing,341,65,1.8"
"Site 5906,96.726105,17.235239,Shwepyitha,Naypyidaw,153,120,6.4"
"Site 5907,97.794246,20.634632,Shwepyitha,Ayeyarwady,323,180,3.6"
"Site 5908,95.673133,18.447361,Mayangone,Kayin,27,45,2.4"
"Site 5909,94.234445,17.465890,Mingaladon,Mandalay,172,45,2.9"
"Site 5910,95.091040,17.496592,Pazundaung,Shan,228,90,3.6"
"Site 5911,93.066626,18.051849,Hlaing,Sagaing,300,60,0.5"
"Site 5912,96.536079,19.092921,Kyauktada,Kayin,313,120,2.4"
"Site 5913,95.234103,20.412354,Thingangyun,Shan,262,45,4.8"
"Site 5914,95.770897,15.152600,Hlaingthaya,Naypyidaw,257,180,1.4"
"Site 5915,98.213036,15.000442,Hlaing,Shan,161,180,5.5"
"Site 5916,95.074459,19.048362,North Okkalapa,Kayin,5,180,4.4"
"Site 5917,96.833541,16.778286,Seikkan,Mandalay,0,180,7.1"
"Site 5918,93.493214,20.843444,Pazundaung,Mandalay,150,45,1.7"
"Site 5919,94.047682,19.897344,Pazundaung,Naypyidaw,269,45,5.4"
"Site 5920,94.207808,16.440534,Mayangone,Magway,282,180,1.5"
"Site 5921,97.195371,20.375587,Thingangyun,Bago,331,60,2.9"
"Site 5922,95.449265,21.265118,North Okkalapa,Naypyidaw,157,180,2.5"
"Site 5923,95.679928,19.029713,Seikkan,Shan,153,45,5.0"
"Site 5924,96.651288,15.442040,Kyauktada,Ayeyarwady,257,60,3.5"
"Site 5925,96.045927,15.173048,North Okkalapa,Ayeyarwady,219,60,2.5"
"Site 5926,96.229037,15.571053,Dagon,Bago,286,120,0.7"
"Site 5927,95.487043,15.074923,Shwepyitha,Sagaing,269,120,7.9"
"Site 5928,97.083742,17.102885,Pazundaung,Yangon,4,65,1.4"
"Site 5929,97.167018,17.160338,Mingalar Taung Nyunt,Sagaing,289,45,5.4"
"Site 5930,97.563322,18.303014,Pazundaung,Sagaing,165,90,3.2"
"Site 5931,97.197396,18.818745,Pazundaung,Mon,203,65,6.4"
"Site 5932,94.771873,18.147003,Seikkan,Naypyidaw,139,60,3.2"
"Site 5933,94.396870,21.278772,Mingaladon,Yangon,116,120,1.9"
"Site 5934,97.743799,16.152319,Mayangone,Kayin,144,120,1.0"
"Site 5935,95.757120,18.249155,Mayangone,Naypyidaw,236,90,7.7"
"Site 5936,93.774924,21.726810,Botahtaung,Yangon,144,60,4.1"
"Site 5937,95.051318,15.156079,Shwepyitha,Naypyidaw,136,60,0.8"
"Site 5938,95.981499,16.554493,North Okkalapa,Magway,359,120,3.3"
"Site 5939,97.527749,21.165446,Mingaladon,Mandalay,119,60,3.0"
"Site 5940,94.373831,21.725321,Dagon,Ayeyarwady,195,120,3.8"
"Site 5941,96.873428,15.088574,Seikkan,Sagaing,290,120,3.1"
"Site 5942,94.326916,19.034945,Mingalar Taung Nyunt,Shan,206,65,1.1"
"Site 5943,96.063463,21.467539,Mingaladon,Shan,287,45,5.5"
"Site 5944,93.132340,16.734821,Mayangone,Sagaing,22,45,5.8"
"Site 5945,97.204580,16.117702,Mingalar Taung Nyunt,Bago,291,180,1.3"
"Site 5946,93.079833,18.873251,Seikkan,Kayin,29,60,5.2"
"Site 5947,97.403227,21.082436,Mayangone,Ayeyarwady,135,90,2.1"
"Site 5948,98.860552,20.103981,Seikkan,Sagaing,149,45,6.7"
"Site 5949,95.996861,16.881508,Thingangyun,Ayeyarwady,33,180,1.1"
"Site 5950,98.000825,16.275836,South Okkalapa,Ayeyarwady,102,120,3.6"
"Site 5951,97.822983,15.153282,Dagon,Magway,54,180,0.9"
"Site 5952,93.111677,21.260823,Hlaingthaya,Kayin,61,60,1.0"
"Site 5953,97.058278,18.018677,Hlaingthaya,Mon,163,45,0.7"
"Site 5954,97.431193,18.600307,South Okkalapa,Bago,35,120,5.1"
"Site 5955,94.876215,16.183572,Mingalar Taung Nyunt,Mandalay,225,90,3.8"
"Site 5956,96.087635,18.181157,Seikkan,Yangon,261,120,4.3"
"Site 5957,95.431458,20.770749,Kamayut,Yangon,136,60,3.0"
"Site 5958,98.586904,16.284094,Kyauktada,Magway,346,45,3.8"
"Site 5959,96.951963,16.085573,Hlaing,Kayin,255,45,5.8"
"Site 5960,93.148838,19.960864,Hlaing,Ayeyarwady,279,90,1.7"
"Site 5961,96.518111,15.371926,Kyauktada,Mon,177,120,3.8"
"Site 5962,93.659940,20.628014,Kyauktada,Mandalay,241,120,2.6"
"Site 5963,94.850143,16.648030,North Okkalapa,Naypyidaw,324,90,3.3"
"Site 5964,96.685813,20.432554,Mingalar Taung Nyunt,Naypyidaw,260,120,5.0"
"Site 5965,96.447495,21.657608,South Okkalapa,Kayin,17,60,7.3"
"Site 5966,94.744927,21.129662,Pazundaung,Magway,154,60,4.0"
"Site 5967,96.501713,19.759360,South Okkalapa,Mandalay,299,65,2.0"
"Site 5968,97.509592,17.606923,Seikkan,Yangon,30,45,6.5"
"Site 5969,94.849490,18.851694,North Okkalapa,Sagaing,66,65,4.7"
"Site 5970,98.547408,19.680265,Yankin,Ayeyarwady,225,90,4.4"
"Site 5971,96.715082,21.292002,Kamayut,Magway,82,60,1.8"
"Site 5972,95.123261,21.186120,Dala,Yangon,115,45,7.6"
"Site 5973,98.660994,15.903634,Thingangyun,Magway,307,45,4.5"
"Site 5974,96.049671,19.920855,Insein,Bago,349,120,1.7"
"Site 5975,97.494304,20.101879,Yankin,Mandalay,59,180,5.7"
"Site 5976,95.464080,17.859767,Hlaingthaya,Ayeyarwady,324,90,4.0"
"Site 5977,97.879388,15.178200,Kamayut,Yangon,205,90,4.9"
"Site 5978,93.341467,16.050287,Dala,Naypyidaw,68,45,6.8"
"Site 5979,98.999707,19.981225,Seikkan,Shan,169,45,6.2"
"Site 5980,96.625279,21.284311,Kyauktada,Shan,149,180,7.1"
"Site 5981,95.542103,21.806834,Thingangyun,Sagaing,190,65,7.0"
"Site 5982,96.253346,19.803834,Pazundaung,Ayeyarwady,313,45,7.6"
"Site 5983,96.959297,20.896525,Mayangone,Magway,326,60,5.7"
"Site 5984,98.780414,19.687645,Seikkan,Mandalay,244,90,2.7"
"Site 5985,96.155532,15.259672,Kyauktada,Kayin,271,120,4.2"
"Site 5986,93.405767,16.581454,Yankin,Naypyidaw,27,65,6.1"
"Site 5987,93.250607,18.907209,Dala,Mon,89,65,6.5"
"Site 5988,97.902396,20.074251,South Okkalapa,Mon,309,120,3.1"
"Site 5989,98.504483,17.669032,Pazundaung,Mon,98,120,7.2"
"Site 5990,95.451701,19.920710,Kamayut,Bago,213,45,7.2"
"Site 5991,93.708745,18.295812,Yankin,Naypyidaw,224,60,1.4"
"Site 5992,98.772691,21.809594,Botahtaung,Naypyidaw,270,120,5.4"
"Site 5993,95.953220,16.513010,Dala,Sagaing,167,60,6.1"
"Site 5994,98.805318,19.015390,Hlaing,Shan,1,65,6.3"
"Site 5995,96.132997,21.773532,Kamayut,Ayeyarwady,295,60,2.7"
"Site 5996,97.909430,18.325418,Shwepyitha,Sagaing,135,60,7.3"
"Site 5997,95.664145,20.710478,Insein,Shan,285,65,5.7"
"Site 5998,94.619044,18.481022,North Okkalapa,Ayeyarwady,266,45,4.2"
"Site 5999,94.592192,21.712080,Insein,Ayeyarwady,222,65,5.3"
"Site 6000,94.557106,18.617549,South Okkalapa,Kayin,195,45,2.9"
"Site 6001,93.189295,21.401132,Botahtaung,Magway,129,45,7.6"
"Site 6002,95.081013,17.430741,Thingangyun,Sagaing,261,45,4.0"
"Site 6003,97.690318,15.094073,Hlaingthaya,Kayin,149,120,4.8"
"Site 6004,95.647040,15.598191,North Okkalapa,Ayeyarwady,237,45,7.2"
"Site 6005,98.185605,21.788200,Kamayut,Kayin,5,60,1.2"
"Site 6006,97.886738,16.135376,Mingalar Taung Nyunt,Mon,117,90,4.9"
"Site 6007,93.103714,16.515379,Mingalar Taung Nyunt,Shan,313,60,4.3"
"Site 6008,93.430902,20.324705,Mingalar Taung Nyunt,Naypyidaw,321,180,5.0"
"Site 6009,97.391249,21.458341,Kamayut,Ayeyarwady,142,120,6.1"
"Site 6010,97.220793,15.603027,Mayangone,Kayin,161,180,3.4"
"Site 6011,93.787575,15.517015,Kyauktada,Bago,0,180,4.7"
"Site 6012,95.401449,17.195304,Yankin,Magway,149,45,2.3"
"Site 6013,97.878719,21.931672,Kamayut,Naypyidaw,330,60,2.4"
"Site 6014,97.583178,21.566373,Hlaingthaya,Kayin,152,90,6.1"
"Site 6015,98.821369,21.768287,Seikkan,Naypyidaw,142,45,5.4"
"Site 6016,95.939698,21.195976,Dagon,Kayin,290,65,1.1"
"Site 6017,96.894585,16.627922,South Okkalapa,Bago,38,180,2.9"
"Site 6018,93.769130,17.669498,North Okkalapa,Shan,101,180,1.9"
"Site 6019,97.635601,16.807484,Kamayut,Naypyidaw,176,90,4.4"
"Site 6020,96.771353,17.794317,Thingangyun,Sagaing,24,60,2.6"
"Site 6021,94.223526,16.647335,Dagon,Kayin,292,60,3.0"
"Site 6022,94.194929,18.623400,Thingangyun,Shan,90,120,4.4"
"Site 6023,95.509863,18.085462,Mingalar Taung Nyunt,Ayeyarwady,265,65,0.5"
"Site 6024,96.475652,17.740891,Dagon,Naypyidaw,202,45,6.7"
"Site 6025,97.296998,21.605759,Kyauktada,Mon,236,90,6.8"
"Site 6026,93.657430,16.277511,Kamayut,Kayin,58,60,3.5"
"Site 6027,96.309897,21.423795,Mingalar Taung Nyunt,Kayin,193,90,3.6"
"Site 6028,94.057252,20.758665,Mingalar Taung Nyunt,Mon,174,45,5.3"
"Site 6029,96.831641,15.843583,Hlaingthaya,Mandalay,150,180,2.9"
"Site 6030,93.119315,19.028189,Kamayut,Mandalay,67,180,2.6"
"Site 6031,93.488975,16.321334,Dala,Naypyidaw,245,120,6.8"
"Site 6032,95.299111,17.725510,Kyauktada,Mon,11,45,2.5"
"Site 6033,96.986251,18.345861,Kyauktada,Mon,284,90,6.5"
"Site 6034,93.200940,21.246108,Thingangyun,Naypyidaw,237,45,1.0"
"Site 6035,97.176210,16.839425,Mayangone,Naypyidaw,226,60,1.4"
"Site 6036,95.962782,21.035897,Yankin,Mandalay,196,120,6.7"
"Site 6037,95.003633,20.105826,Mingaladon,Naypyidaw,260,120,5.8"
"Site 6038,95.437978,19.707227,Hlaingthaya,Shan,312,90,0.8"
"Site 6039,98.655628,17.404521,Mayangone,Bago,94,90,4.4"
"Site 6040,98.712587,19.146490,Kyauktada,Mon,186,60,4.6"
"Site 6041,97.016964,18.265180,North Okkalapa,Bago,38,180,7.7"
"Site 6042,94.378378,19.302242,Hlaing,Mandalay,16,180,5.0"
"Site 6043,96.551257,15.717010,Seikkan,Magway,58,60,2.0"
"Site 6044,98.628806,21.005636,South Okkalapa,Ayeyarwady,141,90,5.6"
"Site 6045,95.778027,17.160648,Kyauktada,Mandalay,80,45,6.4"
"Site 6046,98.214933,20.068051,Mingalar Taung Nyunt,Yangon,0,180,8.0"
"Site 6047,98.690486,15.444956,Dagon,Shan,302,180,1.5"
"Site 6048,97.996154,15.781928,Pazundaung,Mon,108,65,4.2"
"Site 6049,98.099912,15.041895,Hlaingthaya,Bago,204,45,7.5"
"Site 6050,94.478395,17.620129,Mayangone,Mon,349,90,4.1"
"Site 6051,98.069796,15.565265,Yankin,Ayeyarwady,252,90,4.6"
"Site 6052,97.398275,20.881683,Mayangone,Bago,193,120,5.2"
"Site 6053,93.204380,21.680683,Shwepyitha,Naypyidaw,261,180,4.7"
"Site 6054,93.867725,19.302724,Dagon,Mon,279,180,0.7"
"Site 6055,98.657445,19.080119,Kyauktada,Shan,90,90,5.8"
"Site 6056,93.202552,21.393731,Mingaladon,Naypyidaw,16,65,3.6"
"Site 6057,96.799639,18.284098,Dala,Shan,279,120,2.1"
"Site 6058,96.693518,21.760538,Botahtaung,Kayin,6,120,1.2"
"Site 6059,96.996602,17.897907,Kyauktada,Mandalay,140,45,4.6"
"Site 6060,95.954775,15.994526,Thingangyun,Shan,225,60,7.7"
"Site 6061,96.577417,20.389601,Hlaingthaya,Mandalay,223,180,6.2"
"Site 6062,98.247258,16.947956,Yankin,Mon,5,60,5.2"
"Site 6063,95.119247,16.115866,Thingangyun,Naypyidaw,156,45,7.2"
"Site 6064,97.234645,16.073810,Hlaingthaya,Mandalay,225,65,6.1"
"Site 6065,95.492356,19.416046,Thingangyun,Ayeyarwady,39,180,4.4"
"Site 6066,98.198852,21.075762,Thingangyun,Bago,314,180,2.3"
"Site 6067,94.256260,18.798083,Kamayut,Shan,214,65,5.7"
"Site 6068,98.215431,16.495557,Botahtaung,Magway,288,90,6.5"
"Site 6069,94.268576,21.320915,Hlaingthaya,Mandalay,188,120,7.7"
"Site 6070,98.613552,20.421741,Mingaladon,Mon,168,180,7.1"
"Site 6071,93.927646,17.040804,Kamayut,Mon,252,180,1.1"
"Site 6072,96.456568,20.969474,Dagon,Sagaing,177,180,6.9"
"Site 6073,98.058797,15.509495,Dala,Mon,342,45,2.5"
"Site 6074,94.414396,16.892090,Pazundaung,Magway,228,180,4.5"
"Site 6075,94.005970,19.500224,Thingangyun,Magway,149,180,3.7"
"Site 6076,97.740835,19.086729,Hlaingthaya,Magway,280,120,4.1"
"Site 6077,98.862982,20.692502,Mingalar Taung Nyunt,Kayin,123,65,1.6"
"Site 6078,96.034255,17.627004,Shwepyitha,Yangon,114,45,7.3"
"Site 6079,96.807544,15.456462,Shwepyitha,Bago,86,65,3.8"
"Site 6080,97.338956,18.879871,South Okkalapa,Yangon,68,180,5.9"
"Site 6081,98.266479,19.812997,Dala,Yangon,43,65,2.3"
"Site 6082,94.088853,20.076990,Kamayut,Ayeyarwady,336,60,2.7"
"Site 6083,94.683896,17.037680,Kyauktada,Magway,212,45,4.1"
"Site 6084,98.673700,16.476357,Dala,Magway,327,60,1.2"
"Site 6085,94.652828,21.787109,Hlaingthaya,Yangon,326,90,6.3"
"Site 6086,93.426224,17.157992,North Okkalapa,Sagaing,44,60,6.2"
"Site 6087,94.305381,21.204916,Hlaing,Bago,46,120,6.4"
"Site 6088,93.322304,19.380610,Seikkan,Magway,57,65,2.7"
"Site 6089,98.652234,15.140710,Yankin,Magway,332,90,1.2"
"Site 6090,98.648145,16.159897,Dagon,Sagaing,218,45,1.6"
"Site 6091,93.912665,18.164274,Seikkan,Kayin,321,180,1.0"
"Site 6092,94.463229,19.107320,Insein,Naypyidaw,308,60,7.2"
"Site 6093,96.649292,21.703881,Thingangyun,Shan,210,65,4.2"
"Site 6094,94.395778,16.296164,Insein,Ayeyarwady,40,60,5.4"
"Site 6095,96.928360,17.590524,Hlaing,Mandalay,324,90,2.2"
"Site 6096,97.182740,20.554935,Pazundaung,Bago,324,90,7.4"
"Site 6097,98.155256,15.552055,Hlaingthaya,Mon,251,45,4.4"
"Site 6098,96.974282,15.007476,Seikkan,Bago,166,60,6.8"
"Site 6099,95.495147,20.985434,Shwepyitha,Mandalay,41,180,0.9"
"Site 6100,97.158787,21.379144,Kamayut,Mandalay,185,60,6.3"
"Site 6101,96.054609,20.827516,Kamayut,Naypyidaw,149,180,2.6"
"Site 6102,94.482243,16.417908,Hlaing,Mandalay,134,60,6.8"
"Site 6103,93.018586,20.039929,Thingangyun,Sagaing,65,180,2.7"
"Site 6104,96.317788,20.764075,Thingangyun,Naypyidaw,87,60,5.0"
"Site 6105,93.059073,17.606399,Seikkan,Sagaing,124,65,5.2"
"Site 6106,98.935383,21.307016,Botahtaung,Kayin,12,60,3.4"
"Site 6107,98.107595,21.377352,South Okkalapa,Bago,93,45,5.6"
"Site 6108,98.460809,17.122154,North Okkalapa,Mon,163,60,2.6"
"Site 6109,95.796488,18.994869,Mingaladon,Mandalay,183,120,6.8"
"Site 6110,98.148792,18.246435,Insein,Shan,93,45,5.2"
"Site 6111,93.053419,19.181717,Insein,Naypyidaw,298,45,7.5"
"Site 6112,95.380407,16.989224,Yankin,Mandalay,19,90,4.5"
"Site 6113,98.587507,18.382957,Pazundaung,Yangon,272,180,6.3"
"Site 6114,96.372722,18.342133,Yankin,Mandalay,280,120,4.9"
"Site 6115,94.721618,20.937472,Dala,Sagaing,7,45,5.2"
"Site 6116,93.469772,19.979597,Thingangyun,Naypyidaw,351,120,2.5"
"Site 6117,95.513871,19.102583,South Okkalapa,Bago,181,120,5.8"
"Site 6118,97.837516,17.158735,Thingangyun,Mandalay,161,65,2.7"
"Site 6119,97.403051,19.315680,Dala,Naypyidaw,80,180,7.1"
"Site 6120,96.429410,15.720817,Dagon,Magway,350,180,3.2"
"Site 6121,97.667686,17.547215,Insein,Mon,18,180,7.0"
"Site 6122,97.066544,21.375684,Mingaladon,Shan,36,90,4.5"
"Site 6123,98.904940,20.174260,Hlaing,Mon,211,90,5.5"
"Site 6124,97.989600,19.883581,Kamayut,Magway,62,180,4.0"
"Site 6125,97.531096,21.052367,Kyauktada,Shan,215,90,5.8"
"Site 6126,95.978156,21.617226,Insein,Bago,242,60,3.9"
"Site 6127,93.590137,17.766340,Kyauktada,Magway,256,45,1.0"
"Site 6128,98.028115,18.827654,Mingaladon,Kayin,153,120,2.8"
"Site 6129,96.243569,19.246701,South Okkalapa,Sagaing,335,65,4.1"
"Site 6130,94.800440,17.578789,Mingaladon,Yangon,75,120,0.6"
"Site 6131,96.430346,16.716840,Kyauktada,Shan,3,120,5.4"
"Site 6132,95.983763,16.413006,Yankin,Kayin,76,120,5.9"
"Site 6133,93.083966,21.416339,North Okkalapa,Magway,89,90,0.6"
"Site 6134,93.772109,17.415990,Kamayut,Yangon,345,180,2.3"
"Site 6135,98.870848,20.522273,Hlaing,Bago,145,180,1.1"
"Site 6136,96.815162,18.891385,Hlaing,Kayin,113,65,7.1"
"Site 6137,98.910958,18.324812,Kyauktada,Shan,5,120,4.0"
"Site 6138,93.920053,21.017777,Kyauktada,Ayeyarwady,76,90,2.4"
"Site 6139,93.625336,15.057688,Mingalar Taung Nyunt,Bago,324,65,4.8"
"Site 6140,98.272709,21.368831,Botahtaung,Sagaing,304,90,1.2"
"Site 6141,96.569440,18.259286,Mingalar Taung Nyunt,Kayin,142,120,7.0"
"Site 6142,93.741301,21.605804,North Okkalapa,Sagaing,156,120,6.9"
"Site 6143,96.083945,20.866081,Dala,Sagaing,319,120,1.7"
"Site 6144,96.952877,21.740464,Insein,Sagaing,174,60,5.8"
"Site 6145,98.596714,19.792045,Dala,Bago,152,90,5.2"
"Site 6146,97.519057,17.077758,Pazundaung,Mandalay,3,120,4.4"
"Site 6147,98.112775,19.971032,Dala,Bago,0,60,1.5"
"Site 6148,96.365651,18.651945,Yankin,Yangon,354,180,3.3"
"Site 6149,96.793223,17.471621,Kamayut,Mandalay,16,90,6.6"
"Site 6150,96.675551,17.177262,Mingalar Taung Nyunt,Magway,212,90,6.3"
"Site 6151,93.458683,19.413492,Hlaing,Mon,99,120,5.2"
"Site 6152,93.985015,20.809754,Hlaingthaya,Shan,248,60,3.5"
"Site 6153,94.201754,19.657283,Kyauktada,Bago,347,120,5.2"
"Site 6154,93.971061,19.308063,Hlaingthaya,Naypyidaw,272,60,7.4"
"Site 6155,97.017828,17.011396,North Okkalapa,Magway,213,90,7.4"
"Site 6156,97.001424,18.909111,Dagon,Ayeyarwady,172,60,1.5"
"Site 6157,97.209350,21.001893,Mingaladon,Mandalay,103,180,7.0"
"Site 6158,94.318173,19.742771,Dala,Shan,250,90,2.4"
"Site 6159,94.236883,20.665131,Yankin,Mon,230,60,1.5"
"Site 6160,97.748717,20.408066,Thingangyun,Sagaing,235,65,6.9"
"Site 6161,97.289909,18.069008,Mayangone,Kayin,222,90,7.2"
"Site 6162,96.585108,19.923680,Dala,Kayin,25,90,7.6"
"Site 6163,96.971445,16.800095,Mingalar Taung Nyunt,Ayeyarwady,22,180,2.5"
"Site 6164,96.370204,19.094263,Hlaingthaya,Kayin,138,120,5.6"
"Site 6165,98.407457,18.530881,Insein,Shan,353,65,6.0"
"Site 6166,93.047629,21.778228,Mingaladon,Naypyidaw,123,60,4.8"
"Site 6167,95.442980,20.112571,Botahtaung,Kayin,65,45,7.9"
"Site 6168,98.954750,20.150716,Mingalar Taung Nyunt,Magway,353,120,4.3"
"Site 6169,96.018657,16.895338,Mingalar Taung Nyunt,Naypyidaw,244,45,4.8"
"Site 6170,95.255766,21.978803,Insein,Mandalay,328,60,2.7"
"Site 6171,94.117650,16.633317,North Okkalapa,Mandalay,64,45,4.0"
"Site 6172,94.002268,15.479963,South Okkalapa,Yangon,303,60,6.2"
"Site 6173,94.312121,19.183747,Dagon,Mon,218,90,0.6"
"Site 6174,94.219991,19.512804,Pazundaung,Kayin,18,60,7.8"
"Site 6175,93.599887,20.887694,South Okkalapa,Ayeyarwady,261,180,1.8"
"Site 6176,95.764025,17.211262,Seikkan,Naypyidaw,14,120,0.8"
"Site 6177,98.618265,18.506077,Thingangyun,Bago,88,180,5.2"
"Site 6178,93.773414,19.144446,Hlaingthaya,Magway,288,45,5.8"
"Site 6179,93.468525,16.692799,Dagon,Kayin,311,65,3.8"
"Site 6180,93.024910,18.749497,Mayangone,Naypyidaw,201,45,3.1"
"Site 6181,97.466096,20.570379,Mayangone,Sagaing,254,120,3.7"
"Site 6182,94.747912,16.453423,Seikkan,Yangon,15,60,1.1"
"Site 6183,97.626255,16.420409,Hlaing,Kayin,166,60,6.0"
"Site 6184,93.534033,19.288100,Insein,Bago,260,120,5.3"
"Site 6185,93.161781,19.738869,Shwepyitha,Naypyidaw,72,60,3.5"
"Site 6186,94.448441,15.704348,South Okkalapa,Mon,151,60,2.3"
"Site 6187,93.238881,17.642945,Mayangone,Bago,128,65,5.9"
"Site 6188,93.180094,15.843254,Yankin,Yangon,315,90,3.2"
"Site 6189,97.652580,16.490798,Dala,Sagaing,151,60,7.8"
"Site 6190,94.693977,21.244438,Pazundaung,Naypyidaw,58,45,6.1"
"Site 6191,96.526172,17.611472,Hlaingthaya,Naypyidaw,101,90,5.0"
"Site 6192,96.074207,16.194241,Dala,Sagaing,200,45,6.6"
"Site 6193,97.680479,15.260315,Shwepyitha,Sagaing,75,120,3.2"
"Site 6194,95.745182,17.835753,South Okkalapa,Naypyidaw,120,45,6.7"
"Site 6195,93.206108,16.453338,Hlaing,Yangon,76,180,4.9"
"Site 6196,95.756273,16.983761,Shwepyitha,Naypyidaw,27,65,4.8"
"Site 6197,97.150624,19.993401,Pazundaung,Mandalay,152,45,2.9"
"Site 6198,97.436386,20.534579,Kamayut,Shan,211,180,2.8"
"Site 6199,93.618210,21.574426,Kyauktada,Sagaing,216,120,4.8"
"Site 6200,97.066472,15.930499,Mingalar Taung Nyunt,Naypyidaw,344,45,1.5"
"Site 6201,96.922278,17.038238,Kyauktada,Mandalay,192,120,3.2"
"Site 6202,94.676154,20.290266,Thingangyun,Ayeyarwady,167,180,6.7"
"Site 6203,97.002038,16.906035,Mingalar Taung Nyunt,Magway,10,60,5.3"
"Site 6204,94.754016,18.405484,Thingangyun,Naypyidaw,284,90,3.7"
"Site 6205,95.783951,21.641158,Shwepyitha,Kayin,150,65,6.0"
"Site 6206,93.713419,19.497254,Seikkan,Shan,119,60,2.8"
"Site 6207,95.316737,16.438988,Mayangone,Ayeyarwady,18,65,4.4"
"Site 6208,97.373110,16.939754,Thingangyun,Bago,189,65,2.8"
"Site 6209,97.206417,18.184030,Shwepyitha,Bago,289,90,3.3"
"Site 6210,97.775923,19.156497,Thingangyun,Sagaing,91,45,3.5"
"Site 6211,94.722487,19.326747,Mingalar Taung Nyunt,Mandalay,24,60,3.5"
"Site 6212,95.976563,20.284457,Yankin,Mon,81,60,2.5"
"Site 6213,93.123163,19.104999,Hlaingthaya,Mon,121,180,2.4"
"Site 6214,93.959348,20.914568,South Okkalapa,Yangon,352,120,4.8"
"Site 6215,94.484787,21.447466,Shwepyitha,Shan,347,120,2.8"
"Site 6216,94.588599,15.177019,Pazundaung,Sagaing,216,120,5.5"
"Site 6217,98.845985,16.168465,Dala,Ayeyarwady,133,90,3.5"
"Site 6218,98.978577,21.484460,North Okkalapa,Ayeyarwady,154,90,6.3"
"Site 6219,98.008064,16.709876,Kamayut,Mandalay,48,65,6.3"
"Site 6220,98.883792,20.228497,Mingaladon,Mandalay,230,180,4.5"
"Site 6221,94.471054,19.815747,South Okkalapa,Yangon,325,120,6.9"
"Site 6222,93.289511,15.974489,Kamayut,Magway,111,45,4.4"
"Site 6223,94.396847,18.913137,Thingangyun,Bago,166,180,6.4"
"Site 6224,93.378341,19.376218,Pazundaung,Ayeyarwady,13,180,4.8"
"Site 6225,94.877580,18.334588,Thingangyun,Kayin,284,60,2.9"
"Site 6226,95.650071,21.623028,Insein,Sagaing,112,180,1.9"
"Site 6227,93.398433,21.301171,Mingaladon,Naypyidaw,54,180,2.9"
"Site 6228,97.898934,18.627501,Mingalar Taung Nyunt,Kayin,30,180,1.1"
"Site 6229,93.397720,15.355567,Thingangyun,Bago,127,90,4.5"
"Site 6230,95.331380,16.370949,Insein,Ayeyarwady,355,120,3.7"
"Site 6231,96.034920,15.024615,Dala,Shan,142,180,7.4"
"Site 6232,93.049839,20.112492,Yankin,Magway,341,90,5.8"
"Site 6233,94.058186,17.579162,Hlaingthaya,Kayin,80,120,0.6"
"Site 6234,97.624161,20.844654,Dagon,Mandalay,195,60,3.3"
"Site 6235,94.483834,21.935883,Pazundaung,Mandalay,52,65,5.5"
"Site 6236,95.406831,18.023819,Shwepyitha,Bago,327,120,5.7"
"Site 6237,97.446806,20.137644,North Okkalapa,Ayeyarwady,100,120,1.2"
"Site 6238,97.706315,16.343094,North Okkalapa,Kayin,13,180,5.5"
"Site 6239,95.104561,15.710143,Mingaladon,Bago,329,65,4.2"
"Site 6240,97.553644,15.532588,Hlaing,Ayeyarwady,233,120,7.0"
"Site 6241,93.319825,18.768251,Hlaing,Mandalay,6,180,0.9"
"Site 6242,98.656825,18.937911,Kamayut,Naypyidaw,91,45,5.0"
"Site 6243,95.469347,15.288685,Seikkan,Mandalay,161,180,6.1"
"Site 6244,97.387197,19.633556,Botahtaung,Mon,192,120,1.6"
"Site 6245,94.093821,16.550318,Kyauktada,Yangon,3,180,0.8"
"Site 6246,94.365898,15.070471,Dala,Yangon,357,65,3.1"
"Site 6247,97.890042,21.449474,South Okkalapa,Kayin,202,120,2.9"
"Site 6248,98.965473,21.618974,Kamayut,Kayin,248,120,4.0"
"Site 6249,98.314867,20.368555,North Okkalapa,Yangon,359,90,6.3"
"Site 6250,93.563404,20.245316,Seikkan,Kayin,210,65,7.6"
"Site 6251,98.249063,18.027154,Mingalar Taung Nyunt,Shan,158,60,0.9"
"Site 6252,98.619511,19.639474,Kamayut,Yangon,26,45,5.4"
"Site 6253,94.014141,15.150539,Dagon,Kayin,65,90,7.5"
"Site 6254,96.309418,17.080968,Pazundaung,Magway,170,60,1.8"
"Site 6255,97.824726,20.785749,Shwepyitha,Yangon,27,60,0.8"
"Site 6256,94.326181,18.421781,Botahtaung,Mon,266,120,2.7"
"Site 6257,94.948054,20.084466,Dala,Mon,12,45,6.3"
"Site 6258,94.265689,20.038336,Hlaingthaya,Sagaing,237,180,6.5"
"Site 6259,96.767259,16.637025,Shwepyitha,Kayin,177,45,5.2"
"Site 6260,97.753074,19.784333,Insein,Shan,177,180,1.0"
"Site 6261,94.077993,16.507445,Hlaing,Naypyidaw,122,60,4.1"
"Site 6262,94.537283,19.953380,North Okkalapa,Bago,71,180,1.0"
"Site 6263,96.006612,20.518454,Shwepyitha,Magway,272,90,4.4"
"Site 6264,97.342679,18.001142,Seikkan,Yangon,244,65,1.1"
"Site 6265,95.666686,21.003516,Shwepyitha,Shan,139,45,6.6"
"Site 6266,95.594936,18.690305,Insein,Magway,200,60,3.8"
"Site 6267,98.549104,16.056450,Kyauktada,Mandalay,173,45,1.4"
"Site 6268,96.102753,16.649885,Kyauktada,Bago,152,60,2.6"
"Site 6269,96.102614,18.617397,South Okkalapa,Ayeyarwady,320,120,7.4"
"Site 6270,93.215869,19.163324,Insein,Shan,328,90,0.7"
"Site 6271,98.166918,20.981426,Yankin,Sagaing,79,60,2.7"
"Site 6272,96.972313,18.529388,Thingangyun,Mon,330,120,4.5"
"Site 6273,97.514541,19.998831,Dala,Shan,243,45,2.2"
"Site 6274,93.076141,20.617779,Shwepyitha,Bago,72,60,0.6"
"Site 6275,97.339280,19.800145,Pazundaung,Shan,241,90,6.8"
"Site 6276,95.210147,15.188665,Seikkan,Shan,351,90,1.8"
"Site 6277,95.634392,15.422167,Kyauktada,Ayeyarwady,346,65,2.6"
"Site 6278,93.247973,16.242867,Shwepyitha,Bago,86,60,6.3"
"Site 6279,95.154130,17.047568,Insein,Bago,8,120,2.2"
"Site 6280,95.042730,15.888833,South Okkalapa,Naypyidaw,305,45,4.7"
"Site 6281,95.459470,20.436444,Insein,Sagaing,250,65,1.8"
"Site 6282,95.345016,18.573963,Seikkan,Ayeyarwady,350,90,1.6"
"Site 6283,94.380652,19.438365,Mingalar Taung Nyunt,Yangon,84,45,1.8"
"Site 6284,93.891293,17.119060,Kamayut,Bago,51,60,3.8"
"Site 6285,95.808814,15.838106,Shwepyitha,Bago,98,180,5.4"
"Site 6286,97.954017,21.916615,North Okkalapa,Mandalay,29,90,0.8"
"Site 6287,95.299634,18.214786,Mingalar Taung Nyunt,Yangon,230,90,6.9"
"Site 6288,94.968596,15.224180,Hlaingthaya,Sagaing,157,90,7.5"
"Site 6289,94.659983,21.492470,Mayangone,Bago,227,65,1.2"
"Site 6290,93.207568,19.717597,Pazundaung,Shan,201,45,3.8"
"Site 6291,95.662833,21.912261,Seikkan,Mon,325,120,1.7"
"Site 6292,97.588531,20.365539,Mingaladon,Bago,105,45,1.2"
"Site 6293,95.686040,18.595269,Dala,Magway,279,180,1.3"
"Site 6294,94.990140,16.689515,Botahtaung,Yangon,310,60,5.4"
"Site 6295,95.068293,18.057654,Botahtaung,Ayeyarwady,211,120,4.4"
"Site 6296,94.425800,18.875940,Botahtaung,Kayin,350,90,7.5"
"Site 6297,94.542176,17.416067,Mingalar Taung Nyunt,Bago,75,45,7.3"
"Site 6298,97.649051,16.509783,Hlaing,Yangon,164,180,7.3"
"Site 6299,97.153042,21.649116,South Okkalapa,Yangon,78,45,2.1"
"Site 6300,93.609824,20.652265,Kyauktada,Yangon,57,65,7.2"
"Site 6301,94.814827,21.209930,Kyauktada,Bago,26,45,5.9"
"Site 6302,93.134613,15.318831,Mayangone,Sagaing,208,60,7.1"
"Site 6303,98.757988,15.452921,South Okkalapa,Mon,73,60,7.1"
"Site 6304,94.838826,15.882115,Dagon,Yangon,334,90,7.6"
"Site 6305,95.756062,17.636199,Dagon,Yangon,162,65,1.5"
"Site 6306,93.110873,16.898654,Yankin,Shan,162,60,6.5"
"Site 6307,98.141527,18.349020,Seikkan,Shan,338,60,6.4"
"Site 6308,95.152763,21.937905,Dagon,Naypyidaw,115,65,4.2"
"Site 6309,95.426153,17.068197,Insein,Mandalay,297,120,4.0"
"Site 6310,95.344341,18.520541,Botahtaung,Yangon,247,180,3.0"
"Site 6311,97.504926,17.329990,North Okkalapa,Sagaing,205,120,7.3"
"Site 6312,94.390659,18.872145,Hlaingthaya,Magway,206,65,5.6"
"Site 6313,96.667161,15.476950,Mingalar Taung Nyunt,Bago,189,45,5.7"
"Site 6314,96.896881,18.900228,Pazundaung,Shan,0,90,6.5"
"Site 6315,97.916079,17.275439,Botahtaung,Mon,85,120,7.2"
"Site 6316,94.507644,17.562700,Kamayut,Kayin,79,180,7.7"
"Site 6317,96.792832,19.848424,Thingangyun,Mandalay,197,120,6.9"
"Site 6318,95.546530,18.407450,Thingangyun,Magway,187,180,0.7"
"Site 6319,98.240611,15.606017,Kyauktada,Naypyidaw,179,180,7.9"
"Site 6320,94.287363,20.998920,Mingalar Taung Nyunt,Mandalay,133,120,3.0"
"Site 6321,94.970334,18.837966,Hlaingthaya,Shan,39,45,8.0"
"Site 6322,94.751761,18.034186,Seikkan,Mon,264,65,5.3"
"Site 6323,94.113647,17.782382,Dala,Mon,148,45,1.6"
"Site 6324,94.692294,18.168910,Botahtaung,Yangon,273,65,5.5"
"Site 6325,98.245967,20.739441,Seikkan,Naypyidaw,230,180,5.9"
"Site 6326,96.676151,18.665104,South Okkalapa,Ayeyarwady,321,120,5.3"
"Site 6327,94.202444,18.074846,Yankin,Sagaing,36,60,3.9"
"Site 6328,95.558612,17.145696,Yankin,Shan,330,45,4.6"
"Site 6329,94.028677,19.113447,Hlaing,Ayeyarwady,113,60,2.6"
"Site 6330,96.454624,17.151585,Mayangone,Mon,44,45,7.5"
"Site 6331,97.588954,20.474952,Hlaing,Sagaing,261,45,2.0"
"Site 6332,93.479289,16.036572,Botahtaung,Magway,15,60,6.3"
"Site 6333,94.833667,20.474536,Shwepyitha,Ayeyarwady,32,90,4.2"
"Site 6334,94.286081,18.426739,Seikkan,Sagaing,238,120,7.8"
"Site 6335,97.820615,21.293377,Dala,Yangon,95,120,5.0"
"Site 6336,98.921541,18.136915,Hlaingthaya,Mon,349,90,4.8"
"Site 6337,94.652283,21.807441,Hlaingthaya,Sagaing,219,60,1.3"
"Site 6338,95.887382,21.644342,South Okkalapa,Kayin,191,180,4.5"
"Site 6339,94.232868,17.614198,Mingaladon,Magway,325,180,4.0"
"Site 6340,96.163349,20.644293,Insein,Sagaing,183,60,5.5"
"Site 6341,98.661171,21.442614,Shwepyitha,Magway,22,60,1.9"
"Site 6342,95.364211,17.998311,North Okkalapa,Mandalay,250,45,2.2"
"Site 6343,96.478193,19.897887,Insein,Naypyidaw,125,180,5.6"
"Site 6344,93.213548,17.190146,Seikkan,Yangon,289,65,2.4"
"Site 6345,98.794264,18.406875,Mingalar Taung Nyunt,Kayin,105,65,7.0"
"Site 6346,98.513788,17.850413,Thingangyun,Bago,135,60,2.2"
"Site 6347,96.291821,17.141422,Kamayut,Yangon,260,65,2.7"
"Site 6348,94.644336,21.984160,Hlaingthaya,Bago,299,180,2.5"
"Site 6349,94.893314,21.437618,Hlaingthaya,Yangon,107,60,3.7"
"Site 6350,93.083754,17.585387,Yankin,Mon,357,65,3.9"
"Site 6351,97.178328,15.385046,Botahtaung,Naypyidaw,5,60,5.9"
"Site 6352,95.300265,20.280269,Hlaing,Sagaing,135,180,7.9"
"Site 6353,94.813015,21.319355,Dala,Mandalay,98,180,3.7"
"Site 6354,96.669170,19.518544,South Okkalapa,Shan,191,120,3.3"
"Site 6355,95.433332,18.818103,Yankin,Magway,32,180,2.9"
"Site 6356,94.778722,16.343565,Thingangyun,Magway,118,60,1.0"
"Site 6357,95.880345,21.957600,Dala,Sagaing,54,60,4.4"
"Site 6358,96.101332,19.329808,Insein,Ayeyarwady,151,120,4.8"
"Site 6359,94.806500,19.819932,Dala,Shan,33,180,1.9"
"Site 6360,96.333842,15.835171,Hlaingthaya,Ayeyarwady,20,65,5.1"
"Site 6361,98.680194,17.310174,Dagon,Kayin,231,45,3.8"
"Site 6362,97.216917,15.774777,Hlaingthaya,Bago,144,45,4.8"
"Site 6363,98.215775,21.657743,Dagon,Ayeyarwady,34,65,3.3"
"Site 6364,93.180499,20.585099,Dagon,Bago,21,90,3.5"
"Site 6365,98.450322,18.635745,Insein,Yangon,178,90,6.5"
"Site 6366,93.990333,15.975409,Hlaing,Magway,57,60,3.3"
"Site 6367,96.239996,18.008107,Hlaing,Mon,247,180,4.2"
"Site 6368,93.689860,15.728419,Yankin,Ayeyarwady,128,90,0.5"
"Site 6369,97.546370,20.974392,Mayangone,Sagaing,98,180,0.6"
"Site 6370,95.282176,19.577966,Pazundaung,Yangon,181,90,4.1"
"Site 6371,94.214156,18.034799,Kamayut,Sagaing,149,65,5.6"
"Site 6372,93.612932,20.286995,Shwepyitha,Kayin,324,65,6.3"
"Site 6373,96.154852,15.087334,Kyauktada,Bago,247,180,3.0"
"Site 6374,98.046822,20.234142,Kyauktada,Naypyidaw,232,65,1.8"
"Site 6375,97.234216,15.509480,South Okkalapa,Shan,137,90,7.1"
"Site 6376,95.255806,20.802995,Kyauktada,Magway,298,45,4.7"
"Site 6377,95.430872,19.170091,Botahtaung,Bago,129,60,1.5"
"Site 6378,93.616699,21.629821,Pazundaung,Ayeyarwady,83,90,1.5"
"Site 6379,96.596027,17.591413,Mingaladon,Bago,238,180,1.9"
"Site 6380,97.780058,19.033855,Dagon,Magway,311,180,3.4"
"Site 6381,97.862219,17.660297,Kamayut,Bago,267,60,4.1"
"Site 6382,96.870028,15.172562,South Okkalapa,Bago,43,65,7.6"
"Site 6383,98.363293,15.517641,Dala,Mandalay,302,60,3.9"
"Site 6384,97.575662,17.625197,Mingalar Taung Nyunt,Ayeyarwady,342,45,4.9"
"Site 6385,96.330800,15.143866,North Okkalapa,Mon,169,65,2.8"
"Site 6386,93.611903,21.323323,Kamayut,Naypyidaw,196,90,2.0"
"Site 6387,95.965655,16.915169,Insein,Mandalay,253,180,3.5"
"Site 6388,98.226099,16.960736,Dala,Naypyidaw,228,90,0.6"
"Site 6389,95.109330,20.052036,Botahtaung,Mon,174,90,7.3"
"Site 6390,95.434146,20.704739,Yankin,Naypyidaw,225,45,1.5"
"Site 6391,93.921316,21.978854,North Okkalapa,Naypyidaw,263,45,3.4"
"Site 6392,98.639471,16.522559,Seikkan,Magway,91,65,5.6"
"Site 6393,98.161352,17.135593,Shwepyitha,Mon,71,180,4.1"
"Site 6394,93.648595,18.395938,Hlaingthaya,Bago,123,60,7.3"
"Site 6395,94.105650,17.332918,Kamayut,Ayeyarwady,250,90,7.6"
"Site 6396,93.364712,18.694541,Mingaladon,Sagaing,266,90,0.8"
"Site 6397,94.668040,17.983144,Insein,Sagaing,7,90,6.7"
"Site 6398,98.725033,21.732073,Kyauktada,Kayin,316,180,3.0"
"Site 6399,95.686080,18.778860,South Okkalapa,Yangon,326,180,0.5"
"Site 6400,93.353884,18.884947,Mingalar Taung Nyunt,Mon,86,90,3.9"
"Site 6401,96.246828,15.072340,North Okkalapa,Ayeyarwady,157,90,7.1"
"Site 6402,97.544031,19.842482,Hlaing,Yangon,214,60,6.7"
"Site 6403,98.074826,18.573412,Mayangone,Yangon,212,180,4.6"
"Site 6404,93.693925,18.037105,Hlaing,Ayeyarwady,331,120,3.8"
"Site 6405,94.413080,21.103064,Botahtaung,Yangon,108,120,1.3"
"Site 6406,95.360918,18.156655,Kamayut,Shan,233,90,4.8"
"Site 6407,96.312080,16.291668,Hlaingthaya,Mon,108,65,1.7"
"Site 6408,96.856970,18.240258,Kyauktada,Bago,90,60,1.8"
"Site 6409,98.044375,17.604552,Insein,Sagaing,93,120,7.1"
"Site 6410,94.845595,17.834651,Dagon,Mon,251,45,5.1"
"Site 6411,93.357067,19.516587,Mingaladon,Sagaing,355,45,3.3"
"Site 6412,98.731817,21.738527,Mingaladon,Magway,152,65,4.5"
"Site 6413,96.148280,20.610959,Hlaing,Ayeyarwady,92,120,5.2"
"Site 6414,96.579812,19.500247,Kamayut,Ayeyarwady,316,65,0.5"
"Site 6415,93.787641,17.861624,South Okkalapa,Magway,115,90,1.2"
"Site 6416,94.254685,18.179946,Mingalar Taung Nyunt,Bago,215,45,3.9"
"Site 6417,93.354253,19.566095,Insein,Mandalay,52,180,2.5"
"Site 6418,95.522593,18.696385,South Okkalapa,Magway,82,60,7.7"
"Site 6419,96.032250,19.365973,Hlaingthaya,Magway,4,65,1.1"
"Site 6420,93.726705,18.467437,Mingalar Taung Nyunt,Naypyidaw,352,60,2.5"
"Site 6421,96.930361,16.182638,South Okkalapa,Sagaing,264,65,4.9"
"Site 6422,93.668211,16.088574,Insein,Naypyidaw,60,90,3.8"
"Site 6423,93.883476,16.758959,Mingaladon,Bago,298,180,1.8"
"Site 6424,93.583970,18.246432,South Okkalapa,Mon,156,120,4.3"
"Site 6425,96.803954,17.982248,Mingaladon,Shan,291,65,7.5"
"Site 6426,95.959003,17.096577,South Okkalapa,Mon,63,65,2.2"
"Site 6427,97.463260,17.222628,Yankin,Sagaing,131,45,4.5"
"Site 6428,93.357859,21.910393,Mingaladon,Bago,106,90,3.2"
"Site 6429,97.475416,20.614329,Seikkan,Shan,325,90,0.8"
"Site 6430,93.294614,15.026154,Insein,Sagaing,39,65,7.5"
"Site 6431,97.651167,15.514929,Insein,Sagaing,250,120,6.1"
"Site 6432,93.670852,17.066131,North Okkalapa,Shan,6,180,1.9"
"Site 6433,96.397147,16.133460,Mingaladon,Naypyidaw,174,65,0.5"
"Site 6434,96.980586,17.716117,Shwepyitha,Sagaing,248,120,5.0"
"Site 6435,97.234823,20.407240,Botahtaung,Naypyidaw,353,180,6.7"
"Site 6436,95.396895,19.099206,Hlaing,Shan,276,60,7.6"
"Site 6437,94.836181,17.552311,Botahtaung,Sagaing,260,60,1.5"
"Site 6438,98.096634,17.161036,Seikkan,Shan,171,180,4.9"
"Site 6439,98.287741,18.362238,Kamayut,Sagaing,144,180,2.4"
"Site 6440,97.294712,19.945118,Seikkan,Shan,84,65,4.1"
"Site 6441,97.276377,15.194346,Shwepyitha,Naypyidaw,83,180,3.2"
"Site 6442,96.688326,15.920519,Hlaingthaya,Naypyidaw,244,120,1.8"
"Site 6443,95.915486,19.479653,Dala,Magway,35,120,2.5"
"Site 6444,98.225691,17.252763,Mayangone,Naypyidaw,69,65,6.5"
"Site 6445,97.708632,18.067018,Hlaing,Yangon,250,60,2.4"
"Site 6446,96.904325,15.562258,Mingalar Taung Nyunt,Magway,262,45,4.8"
"Site 6447,95.254306,15.465980,Botahtaung,Sagaing,297,45,6.7"
"Site 6448,95.246653,20.573935,Mingaladon,Sagaing,109,90,8.0"
"Site 6449,94.094057,15.123185,Yankin,Shan,244,60,0.8"
"Site 6450,94.025466,20.321929,Hlaing,Shan,81,65,7.8"
"Site 6451,95.403972,18.129646,Insein,Mon,310,65,5.9"
"Site 6452,93.086719,17.247243,South Okkalapa,Shan,311,180,5.6"
"Site 6453,95.758330,21.412149,Seikkan,Ayeyarwady,135,60,6.8"
"Site 6454,95.502080,15.934394,Insein,Magway,263,180,6.8"
"Site 6455,97.443124,19.711426,Thingangyun,Ayeyarwady,84,90,7.4"
"Site 6456,94.601667,21.080728,Hlaing,Ayeyarwady,192,45,1.2"
"Site 6457,97.220337,17.064637,Kamayut,Sagaing,187,90,3.9"
"Site 6458,97.338594,21.969675,Botahtaung,Shan,80,180,6.9"
"Site 6459,98.768195,19.043888,Pazundaung,Sagaing,235,120,2.1"
"Site 6460,93.775044,17.044176,Hlaing,Mandalay,14,45,5.4"
"Site 6461,95.824818,21.244585,North Okkalapa,Bago,215,60,5.1"
"Site 6462,94.720321,21.584195,Dagon,Mon,126,45,4.3"
"Site 6463,94.882177,17.761091,Hlaing,Magway,29,120,5.2"
"Site 6464,93.033640,17.675726,Yankin,Mon,139,65,7.5"
"Site 6465,98.102102,16.894635,Shwepyitha,Shan,315,120,6.9"
"Site 6466,96.352014,16.637266,Shwepyitha,Sagaing,355,45,6.4"
"Site 6467,95.895430,21.704073,Mayangone,Kayin,207,180,1.8"
"Site 6468,95.128258,17.948126,Dala,Naypyidaw,56,65,5.6"
"Site 6469,97.219701,18.661245,Dagon,Sagaing,181,90,3.6"
"Site 6470,97.373537,18.279072,Yankin,Bago,225,60,4.6"
"Site 6471,93.796146,21.708195,Shwepyitha,Mandalay,35,45,7.8"
"Site 6472,95.038151,15.122549,Hlaingthaya,Mandalay,42,180,0.5"
"Site 6473,96.194766,18.285091,Thingangyun,Bago,12,45,3.1"
"Site 6474,96.309669,15.810573,Botahtaung,Magway,189,120,0.9"
"Site 6475,98.896697,20.041309,Mingaladon,Shan,142,65,3.3"
"Site 6476,93.360848,21.719391,Mingalar Taung Nyunt,Naypyidaw,129,45,1.3"
"Site 6477,94.585868,19.165997,Thingangyun,Shan,158,45,3.1"
"Site 6478,95.269226,20.215607,Kamayut,Bago,73,45,3.6"
"Site 6479,97.967662,19.017761,Hlaingthaya,Ayeyarwady,303,45,7.8"
"Site 6480,94.592157,19.340900,Kyauktada,Mandalay,117,45,2.0"
"Site 6481,96.782077,18.090124,North Okkalapa,Ayeyarwady,293,120,2.1"
"Site 6482,94.455546,17.117661,Seikkan,Ayeyarwady,158,180,1.9"
"Site 6483,94.544769,18.078980,Mingaladon,Kayin,239,180,2.6"
"Site 6484,94.158348,16.610307,Pazundaung,Magway,132,45,7.3"
"Site 6485,98.943203,15.251596,Insein,Naypyidaw,203,180,4.1"
"Site 6486,95.745977,15.904967,Hlaing,Magway,186,120,5.0"
"Site 6487,94.639114,18.544529,South Okkalapa,Magway,114,120,6.6"
"Site 6488,98.973901,20.575599,Yankin,Ayeyarwady,332,120,2.5"
"Site 6489,96.113863,20.212860,Shwepyitha,Naypyidaw,147,90,6.7"
"Site 6490,96.751253,21.672435,Kyauktada,Mon,203,65,7.8"
"Site 6491,94.427141,18.878959,Kyauktada,Bago,273,120,4.2"
"Site 6492,94.531550,20.509667,Yankin,Shan,212,65,7.9"
"Site 6493,95.409023,17.298794,Shwepyitha,Mandalay,320,180,2.8"
"Site 6494,98.718354,16.639300,Botahtaung,Naypyidaw,142,60,7.2"
"Site 6495,95.383162,18.466933,Botahtaung,Sagaing,182,60,7.3"
"Site 6496,95.161866,21.834523,Hlaingthaya,Bago,184,120,4.2"
"Site 6497,94.039301,19.228815,Kamayut,Sagaing,74,180,2.0"
"Site 6498,95.388543,19.141220,Botahtaung,Kayin,293,45,2.0"
"Site 6499,98.016692,21.590626,Dala,Mandalay,134,45,7.8"
"Site 6500,93.269787,15.302141,Kyauktada,Mandalay,257,180,6.4"
"Site 6501,93.505053,16.055602,Thingangyun,Ayeyarwady,222,65,7.1"
"Site 6502,97.946429,19.443936,Thingangyun,Mandalay,345,120,7.1"
"Site 6503,97.622553,18.693641,Hlaingthaya,Ayeyarwady,132,65,5.4"
"Site 6504,93.342086,15.433067,Dagon,Sagaing,103,45,4.7"
"Site 6505,94.059484,18.714084,Mayangone,Mon,327,60,5.2"
"Site 6506,94.616788,20.557139,Hlaing,Ayeyarwady,207,120,7.2"
"Site 6507,97.431973,18.777618,Pazundaung,Ayeyarwady,337,60,5.8"
"Site 6508,94.554322,17.346063,South Okkalapa,Bago,128,180,6.8"
"Site 6509,94.708342,21.542945,Mingalar Taung Nyunt,Kayin,234,180,4.9"
"Site 6510,97.400031,21.736582,Botahtaung,Sagaing,275,120,1.1"
"Site 6511,94.264624,21.535800,Pazundaung,Mon,135,60,1.7"
"Site 6512,96.638575,15.485531,Mayangone,Mon,45,65,7.6"
"Site 6513,96.258023,16.382555,Thingangyun,Bago,108,60,3.5"
"Site 6514,94.130306,17.825812,Thingangyun,Sagaing,188,60,1.3"
"Site 6515,93.372732,18.365510,Insein,Mon,292,60,7.6"
"Site 6516,97.003623,17.960121,Hlaing,Shan,130,60,1.9"
"Site 6517,96.541115,21.139096,Shwepyitha,Magway,157,60,4.7"
"Site 6518,98.148265,17.515076,Thingangyun,Bago,107,90,7.3"
"Site 6519,93.265220,19.152230,South Okkalapa,Mandalay,242,65,0.8"
"Site 6520,94.406822,17.439220,South Okkalapa,Mon,293,180,4.9"
"Site 6521,93.812011,21.807576,Hlaingthaya,Mandalay,139,45,5.5"
"Site 6522,95.395027,20.043004,Mayangone,Magway,262,65,6.1"
"Site 6523,94.272835,19.677349,Thingangyun,Sagaing,257,60,1.3"
"Site 6524,96.553577,15.837825,Shwepyitha,Naypyidaw,112,120,1.1"
"Site 6525,94.160939,17.309855,Dagon,Kayin,81,120,0.9"
"Site 6526,96.061914,19.407511,North Okkalapa,Sagaing,106,60,5.6"
"Site 6527,93.658386,16.909631,Thingangyun,Kayin,208,45,2.6"
"Site 6528,96.714086,21.560200,Pazundaung,Shan,161,45,4.6"
"Site 6529,95.011742,19.046782,Kamayut,Mandalay,306,90,3.4"
"Site 6530,98.905172,18.170686,Pazundaung,Sagaing,282,45,7.6"
"Site 6531,97.727970,17.020948,Thingangyun,Shan,165,90,3.7"
"Site 6532,96.189029,17.911286,Mayangone,Naypyidaw,319,60,7.5"
"Site 6533,98.181776,15.414530,Thingangyun,Shan,238,120,5.5"
"Site 6534,97.699320,15.316362,Insein,Naypyidaw,151,120,5.0"
"Site 6535,93.778614,17.184482,Dagon,Mon,289,45,4.3"
"Site 6536,98.833183,16.768528,South Okkalapa,Ayeyarwady,340,90,4.1"
"Site 6537,98.832823,17.542615,Kyauktada,Shan,327,180,1.7"
"Site 6538,98.630382,20.841006,Botahtaung,Bago,49,90,5.2"
"Site 6539,93.589445,15.584634,South Okkalapa,Yangon,279,120,1.4"
"Site 6540,94.769052,17.538050,Mayangone,Shan,132,180,6.5"
"Site 6541,93.358225,17.482953,South Okkalapa,Kayin,13,120,7.4"
"Site 6542,96.729375,15.192938,Mingaladon,Mandalay,141,60,0.8"
"Site 6543,95.596324,20.597559,Kyauktada,Sagaing,240,45,3.3"
"Site 6544,98.767773,19.782072,Kyauktada,Bago,17,180,0.9"
"Site 6545,98.278375,19.982935,Kyauktada,Mandalay,141,60,7.3"
"Site 6546,96.640332,21.565719,Hlaing,Naypyidaw,70,90,5.2"
"Site 6547,95.261880,21.130601,Kyauktada,Kayin,182,45,3.8"
"Site 6548,97.591177,20.351493,Botahtaung,Mon,251,180,1.0"
"Site 6549,93.760214,18.961145,Yankin,Yangon,176,180,3.1"
"Site 6550,95.862369,16.767859,South Okkalapa,Naypyidaw,151,90,1.5"
"Site 6551,98.756798,20.226620,Dagon,Bago,254,120,0.6"
"Site 6552,95.767359,19.129784,Shwepyitha,Shan,325,65,3.4"
"Site 6553,93.154333,18.937303,Insein,Mon,101,90,0.8"
"Site 6554,97.732437,17.622671,Kyauktada,Mon,157,60,2.9"
"Site 6555,96.491492,21.723967,Shwepyitha,Ayeyarwady,50,45,7.8"
"Site 6556,97.606532,18.022755,Hlaing,Yangon,277,180,5.5"
"Site 6557,98.741246,19.510897,Mingaladon,Mon,269,90,3.3"
"Site 6558,93.153920,20.555663,Pazundaung,Sagaing,329,180,6.0"
"Site 6559,96.409056,15.033308,Dagon,Ayeyarwady,296,65,5.5"
"Site 6560,93.919663,19.224653,Mingaladon,Bago,332,60,5.5"
"Site 6561,97.895158,21.673709,Hlaingthaya,Kayin,235,90,2.9"
"Site 6562,95.107797,18.827931,Dagon,Shan,107,45,2.3"
"Site 6563,96.763948,18.072728,Botahtaung,Yangon,129,180,0.7"
"Site 6564,93.452210,17.178825,Insein,Mandalay,210,65,7.1"
"Site 6565,98.136066,16.364799,Pazundaung,Magway,2,120,0.6"
"Site 6566,93.239522,15.829883,South Okkalapa,Sagaing,331,60,1.0"
"Site 6567,98.042547,15.372038,Mingaladon,Yangon,216,180,6.0"
"Site 6568,93.516994,15.987131,Shwepyitha,Naypyidaw,144,65,7.3"
"Site 6569,94.092127,16.484258,Botahtaung,Mon,217,60,6.8"
"Site 6570,94.302105,17.197077,Hlaing,Bago,144,45,7.7"
"Site 6571,96.603558,21.705461,Pazundaung,Naypyidaw,249,45,7.0"
"Site 6572,95.855491,21.104243,Mayangone,Sagaing,202,90,4.5"
"Site 6573,98.254893,20.750541,Thingangyun,Naypyidaw,310,45,7.2"
"Site 6574,93.020427,21.403077,Hlaing,Kayin,60,180,4.2"
"Site 6575,94.619018,21.227669,Mingaladon,Magway,44,180,1.7"
"Site 6576,93.185916,21.218166,Seikkan,Magway,238,65,1.7"
"Site 6577,98.016448,15.442685,Hlaing,Magway,74,60,7.7"
"Site 6578,96.097084,17.215365,North Okkalapa,Shan,224,90,1.0"
"Site 6579,97.376437,17.964710,Kyauktada,Sagaing,19,60,4.6"
"Site 6580,93.767944,19.796041,Hlaing,Kayin,76,180,4.9"
"Site 6581,96.324280,20.717032,Mingaladon,Naypyidaw,147,90,2.7"
"Site 6582,93.186827,17.559526,Yankin,Sagaing,120,45,0.5"
"Site 6583,98.756023,21.377999,Botahtaung,Shan,334,90,2.5"
"Site 6584,96.403871,20.321081,Thingangyun,Magway,215,65,6.0"
"Site 6585,98.153247,19.070176,Insein,Ayeyarwady,340,65,3.8"
"Site 6586,93.501778,17.020127,Mingaladon,Kayin,333,120,2.8"
"Site 6587,96.777352,15.256039,Mayangone,Ayeyarwady,211,65,0.8"
"Site 6588,96.425894,20.130370,Hlaing,Bago,270,180,6.2"
"Site 6589,96.264586,21.268555,Pazundaung,Shan,180,60,1.5"
"Site 6590,94.477184,17.330396,Pazundaung,Ayeyarwady,273,120,4.7"
"Site 6591,94.065150,19.680131,Seikkan,Bago,261,65,6.2"
"Site 6592,95.503704,18.064890,Hlaingthaya,Sagaing,237,90,0.9"
"Site 6593,93.931795,21.481750,Hlaing,Yangon,24,65,1.4"
"Site 6594,96.858895,19.441113,Mingaladon,Bago,268,65,4.1"
"Site 6595,97.075924,15.980223,Mingalar Taung Nyunt,Ayeyarwady,325,120,5.9"
"Site 6596,96.180822,20.713144,North Okkalapa,Naypyidaw,120,65,7.5"
"Site 6597,94.658428,19.055011,Pazundaung,Bago,334,65,2.1"
"Site 6598,97.374737,20.784695,Seikkan,Mon,266,90,4.8"
"Site 6599,93.857277,17.027357,Kamayut,Mon,278,120,0.9"
"Site 6600,96.108712,16.864349,Seikkan,Magway,260,60,1.3"
"Site 6601,96.140478,18.030873,Mingalar Taung Nyunt,Magway,247,45,5.2"
"Site 6602,95.168132,16.266216,Yankin,Kayin,74,90,3.2"
"Site 6603,93.752137,16.153241,Pazundaung,Naypyidaw,268,120,0.9"
"Site 6604,97.520857,17.683664,Mayangone,Mandalay,132,180,1.7"
"Site 6605,97.534945,15.897146,Insein,Ayeyarwady,72,45,7.0"
"Site 6606,93.708051,15.971704,Mayangone,Kayin,252,90,6.9"
"Site 6607,98.331615,17.131240,Botahtaung,Shan,319,45,0.7"
"Site 6608,95.819503,19.109543,Botahtaung,Mandalay,130,65,6.4"
"Site 6609,97.366274,17.131590,Dala,Ayeyarwady,94,45,3.9"
"Site 6610,98.688501,15.524662,Mingalar Taung Nyunt,Kayin,188,65,3.3"
"Site 6611,96.824062,18.719544,Mayangone,Ayeyarwady,247,180,5.9"
"Site 6612,95.126897,21.191693,Mingalar Taung Nyunt,Ayeyarwady,270,65,4.9"
"Site 6613,93.878123,21.443831,Dagon,Naypyidaw,236,60,0.9"
"Site 6614,96.421806,21.701330,Mingalar Taung Nyunt,Yangon,182,60,3.0"
"Site 6615,95.940079,17.378455,Hlaingthaya,Sagaing,301,60,4.9"
"Site 6616,98.237029,16.554816,Mingaladon,Mandalay,18,45,3.3"
"Site 6617,96.890280,17.773286,Seikkan,Mon,305,90,7.4"
"Site 6618,98.123456,16.417019,South Okkalapa,Kayin,310,90,5.0"
"Site 6619,94.152555,15.606356,Mingalar Taung Nyunt,Yangon,238,180,3.9"
"Site 6620,98.305529,19.296092,South Okkalapa,Mon,328,90,5.5"
"Site 6621,94.375756,16.535102,Shwepyitha,Shan,230,45,2.4"
"Site 6622,97.368306,19.253453,Shwepyitha,Mon,47,45,8.0"
"Site 6623,93.303879,15.752773,Mingaladon,Magway,21,120,4.5"
"Site 6624,93.898067,20.823472,Mayangone,Mon,65,60,2.3"
"Site 6625,93.438309,20.571459,Yankin,Mandalay,150,90,7.5"
"Site 6626,96.220188,18.125567,Hlaing,Naypyidaw,100,180,5.4"
"Site 6627,95.736018,17.850186,Shwepyitha,Mandalay,81,45,1.1"
"Site 6628,95.971296,17.347465,Dagon,Shan,80,90,5.1"
"Site 6629,96.227904,16.989371,Hlaing,Ayeyarwady,87,45,6.8"
"Site 6630,93.870738,21.238003,Insein,Mon,158,120,5.4"
"Site 6631,97.243535,20.424299,Thingangyun,Mandalay,215,90,1.8"
"Site 6632,97.422319,16.933121,Hlaingthaya,Naypyidaw,249,60,3.5"
"Site 6633,97.066924,16.652657,Kyauktada,Magway,222,45,3.1"
"Site 6634,96.596782,15.145912,Kamayut,Shan,137,60,1.7"
"Site 6635,98.936978,19.165390,Mingalar Taung Nyunt,Kayin,165,45,5.4"
"Site 6636,95.616697,15.934683,Hlaing,Yangon,344,45,1.2"
"Site 6637,96.920933,21.048534,Dala,Mandalay,220,65,0.8"
"Site 6638,93.998399,17.959810,Mayangone,Ayeyarwady,100,90,2.6"
"Site 6639,94.185539,16.346847,North Okkalapa,Kayin,222,180,5.9"
"Site 6640,95.332240,17.607250,Insein,Magway,270,65,5.0"
"Site 6641,94.072177,15.324967,Pazundaung,Ayeyarwady,232,45,2.9"
"Site 6642,96.063339,17.484649,Dala,Magway,41,45,3.6"
"Site 6643,98.464287,21.967646,Kyauktada,Yangon,352,65,7.5"
"Site 6644,97.582211,15.182357,Mingalar Taung Nyunt,Ayeyarwady,97,65,2.0"
"Site 6645,96.168557,17.885826,Pazundaung,Yangon,116,60,2.3"
"Site 6646,97.511183,17.966342,Yankin,Bago,84,120,4.9"
"Site 6647,93.537846,17.730571,Thingangyun,Yangon,161,90,1.4"
"Site 6648,97.417613,19.623868,Kamayut,Ayeyarwady,264,65,3.8"
"Site 6649,94.989749,21.776191,Thingangyun,Mon,258,120,3.0"
"Site 6650,97.912342,18.862980,Mingaladon,Ayeyarwady,17,60,6.3"
"Site 6651,95.079825,20.839911,Botahtaung,Shan,179,45,7.1"
"Site 6652,94.825508,20.766768,Dagon,Bago,222,90,2.3"
"Site 6653,95.692544,16.185559,Shwepyitha,Mandalay,189,45,1.2"
"Site 6654,97.154994,19.772512,Kamayut,Magway,298,180,2.6"
"Site 6655,94.172446,17.418932,Mingaladon,Yangon,50,65,7.5"
"Site 6656,94.751350,16.014721,Kamayut,Ayeyarwady,312,180,0.6"
"Site 6657,94.314982,15.314639,Seikkan,Kayin,329,90,7.9"
"Site 6658,94.756674,18.739973,Hlaing,Naypyidaw,65,180,3.5"
"Site 6659,94.952052,19.966781,Dagon,Mon,50,45,0.7"
"Site 6660,94.542428,20.172259,Kyauktada,Yangon,130,65,4.0"
"Site 6661,93.110335,21.217467,Mingalar Taung Nyunt,Bago,47,65,2.1"
"Site 6662,94.480838,20.323240,Mingaladon,Mandalay,179,45,7.8"
"Site 6663,96.319432,21.726558,Dala,Shan,103,45,0.6"
"Site 6664,94.932536,17.349226,Dala,Bago,168,180,2.5"
"Site 6665,93.298804,18.827206,North Okkalapa,Sagaing,120,120,1.9"
"Site 6666,93.927468,16.706931,Kamayut,Naypyidaw,218,45,4.4"
"Site 6667,98.720230,15.309690,Shwepyitha,Mon,67,120,1.7"
"Site 6668,96.314866,19.988280,Hlaingthaya,Bago,122,45,3.6"
"Site 6669,93.643317,18.549359,North Okkalapa,Ayeyarwady,122,180,2.8"
"Site 6670,96.093921,16.458797,North Okkalapa,Mon,320,60,2.3"
"Site 6671,95.181443,19.319118,Mayangone,Kayin,314,180,2.8"
"Site 6672,94.643891,20.623220,Dagon,Ayeyarwady,334,65,4.5"
"Site 6673,98.785559,18.516708,Dagon,Kayin,354,60,4.4"
"Site 6674,96.249756,19.934252,Shwepyitha,Ayeyarwady,7,180,3.0"
"Site 6675,97.578350,18.849076,North Okkalapa,Yangon,31,65,5.4"
"Site 6676,96.786907,21.819739,Seikkan,Kayin,288,180,6.6"
"Site 6677,96.293228,21.667300,Hlaingthaya,Magway,62,45,1.7"
"Site 6678,97.228435,18.091552,Seikkan,Shan,247,65,1.2"
"Site 6679,97.778646,19.709698,Dala,Bago,299,90,1.3"
"Site 6680,98.915058,15.262128,Seikkan,Ayeyarwady,177,60,1.1"
"Site 6681,95.568761,21.393196,Shwepyitha,Sagaing,303,45,0.5"
"Site 6682,97.813949,21.641765,South Okkalapa,Ayeyarwady,198,45,5.9"
"Site 6683,97.402756,21.872096,Kyauktada,Bago,38,120,7.4"
"Site 6684,95.962147,16.672416,South Okkalapa,Shan,268,180,1.5"
"Site 6685,96.089803,15.030808,Kamayut,Shan,56,90,6.3"
"Site 6686,96.711721,15.345643,Botahtaung,Bago,69,90,5.9"
"Site 6687,98.558101,19.003342,Hlaingthaya,Yangon,26,90,3.9"
"Site 6688,93.077758,21.077628,Botahtaung,Mon,182,120,7.3"
"Site 6689,96.179930,17.283874,Hlaing,Sagaing,129,45,7.8"
"Site 6690,96.889402,17.377139,South Okkalapa,Ayeyarwady,208,120,6.9"
"Site 6691,98.612477,17.670821,Pazundaung,Sagaing,32,60,7.8"
"Site 6692,94.694538,17.934904,Dagon,Bago,235,65,1.2"
"Site 6693,96.989059,17.121225,Kyauktada,Bago,54,60,7.8"
"Site 6694,93.179834,19.963711,Shwepyitha,Sagaing,25,120,6.4"
"Site 6695,93.957456,18.629276,Kamayut,Naypyidaw,100,60,1.8"
"Site 6696,96.425060,16.017699,Hlaing,Shan,176,45,4.1"
"Site 6697,97.962541,16.475201,Insein,Bago,13,65,3.7"
"Site 6698,96.823734,17.405231,North Okkalapa,Ayeyarwady,178,60,2.1"
"Site 6699,96.433056,19.879764,Mingalar Taung Nyunt,Shan,152,45,7.6"
"Site 6700,98.937620,21.916439,Mingaladon,Yangon,52,180,5.3"
"Site 6701,94.257241,19.282154,Botahtaung,Shan,329,180,7.4"
"Site 6702,93.549162,17.601782,Yankin,Ayeyarwady,229,120,5.1"
"Site 6703,95.958911,18.857128,Thingangyun,Ayeyarwady,76,45,4.3"
"Site 6704,94.980591,16.439991,Mayangone,Bago,271,120,2.2"
"Site 6705,95.295737,18.280568,Kyauktada,Magway,331,90,6.5"
"Site 6706,97.342326,20.481164,Mingalar Taung Nyunt,Magway,253,90,6.1"
"Site 6707,95.058212,15.110243,Mayangone,Shan,279,180,0.9"
"Site 6708,93.509272,15.554905,Mingaladon,Mandalay,199,65,7.9"
"Site 6709,95.222225,17.101267,Shwepyitha,Shan,135,45,5.8"
"Site 6710,95.614726,18.548737,Kamayut,Mandalay,359,90,2.6"
"Site 6711,97.270909,15.328459,Mingalar Taung Nyunt,Sagaing,199,60,3.4"
"Site 6712,98.948811,21.961329,Hlaing,Naypyidaw,166,45,4.5"
"Site 6713,95.055164,19.190670,Pazundaung,Kayin,262,90,5.0"
"Site 6714,95.727691,17.331386,Kyauktada,Bago,202,60,4.6"
"Site 6715,98.787253,17.642032,Dala,Shan,151,65,6.6"
"Site 6716,95.973961,16.654460,Mayangone,Shan,219,180,1.5"
"Site 6717,93.451407,15.409430,Mingalar Taung Nyunt,Sagaing,122,90,7.1"
"Site 6718,96.918076,15.873941,South Okkalapa,Kayin,323,120,7.5"
"Site 6719,93.404909,20.642007,Dala,Kayin,16,180,3.4"
"Site 6720,93.064143,19.876038,South Okkalapa,Ayeyarwady,272,180,7.4"
"Site 6721,93.213822,17.488994,Dala,Yangon,80,120,7.5"
"Site 6722,97.633461,15.144946,Kyauktada,Ayeyarwady,102,45,5.4"
"Site 6723,93.114267,19.007265,Mingalar Taung Nyunt,Kayin,243,65,3.4"
"Site 6724,98.524798,15.798090,Kamayut,Kayin,168,65,7.7"
"Site 6725,94.252609,15.617459,Mingaladon,Bago,209,45,1.4"
"Site 6726,95.627593,20.546384,Mingaladon,Sagaing,152,180,3.8"
"Site 6727,95.536162,20.836715,Seikkan,Mandalay,196,45,1.3"
"Site 6728,98.403991,15.623473,Insein,Magway,326,65,3.1"
"Site 6729,98.124644,21.799674,Kamayut,Yangon,298,180,5.5"
"Site 6730,93.939174,15.327641,Dala,Mon,95,120,3.5"
"Site 6731,96.192071,18.356860,Kyauktada,Mon,174,60,3.6"
"Site 6732,96.203024,16.357417,Kyauktada,Kayin,183,60,4.8"
"Site 6733,94.901305,18.393036,Kyauktada,Yangon,273,120,1.4"
"Site 6734,94.413977,17.796286,Mingalar Taung Nyunt,Magway,178,60,1.3"
"Site 6735,93.226185,16.672792,Botahtaung,Ayeyarwady,194,45,1.7"
"Site 6736,96.633504,20.575880,Dala,Mon,203,90,3.2"
"Site 6737,98.624802,16.520369,Mayangone,Magway,165,45,4.9"
"Site 6738,96.603224,15.066504,Yankin,Kayin,246,45,3.8"
"Site 6739,96.774241,18.047005,Kamayut,Naypyidaw,142,180,1.0"
"Site 6740,96.444316,16.890519,Thingangyun,Naypyidaw,322,60,3.9"
"Site 6741,94.359984,19.308036,Kamayut,Kayin,197,90,6.0"
"Site 6742,97.355694,20.539752,Kyauktada,Yangon,294,180,3.9"
"Site 6743,98.829398,19.354610,Insein,Mandalay,321,65,2.2"
"Site 6744,98.416349,15.072166,Insein,Mandalay,34,180,2.8"
"Site 6745,96.268741,15.122743,Mingalar Taung Nyunt,Ayeyarwady,217,65,2.2"
"Site 6746,96.606709,19.386322,Mayangone,Ayeyarwady,113,120,3.3"
"Site 6747,96.058374,19.719665,Insein,Bago,311,180,6.9"
"Site 6748,96.989596,16.764149,Botahtaung,Mandalay,145,60,3.3"
"Site 6749,94.902883,19.702523,Hlaing,Magway,1,120,5.9"
"Site 6750,93.209976,16.446004,Mingalar Taung Nyunt,Naypyidaw,221,60,5.0"
"Site 6751,98.531925,16.454357,Seikkan,Shan,127,90,4.7"
"Site 6752,98.202968,20.573143,Mingalar Taung Nyunt,Mon,67,180,0.9"
"Site 6753,96.130092,17.562959,Yankin,Kayin,222,180,5.1"
"Site 6754,98.806714,15.943022,Mingaladon,Mandalay,100,45,2.2"
"Site 6755,96.302446,21.505508,Mayangone,Magway,274,65,3.6"
"Site 6756,96.394269,17.261353,Dala,Yangon,96,45,1.6"
"Site 6757,97.292663,20.965394,Mingalar Taung Nyunt,Mon,288,65,0.6"
"Site 6758,93.458615,17.635288,Kamayut,Mon,260,90,6.2"
"Site 6759,93.223599,20.708598,Botahtaung,Ayeyarwady,105,60,7.6"
"Site 6760,93.555611,16.896275,Kamayut,Sagaing,306,90,0.6"
"Site 6761,95.905901,19.874163,Botahtaung,Ayeyarwady,222,180,2.6"
"Site 6762,97.703771,15.351234,Botahtaung,Mon,225,90,7.4"
"Site 6763,95.947048,17.074310,Kamayut,Mandalay,327,60,7.3"
"Site 6764,97.688766,15.689476,Mingaladon,Naypyidaw,21,45,7.1"
"Site 6765,96.120309,21.606675,Mayangone,Ayeyarwady,110,120,1.2"
"Site 6766,96.176175,20.536023,Mingaladon,Naypyidaw,166,180,7.1"
"Site 6767,96.696559,19.960719,Dagon,Mandalay,182,60,5.4"
"Site 6768,93.217745,18.592551,Seikkan,Kayin,292,180,1.9"
"Site 6769,93.057285,19.976287,Thingangyun,Mon,64,45,5.8"
"Site 6770,94.932537,15.877678,Hlaingthaya,Yangon,284,65,2.6"
"Site 6771,93.148124,15.464183,Shwepyitha,Naypyidaw,286,120,4.0"
"Site 6772,93.525396,19.308901,Thingangyun,Mon,346,60,5.2"
"Site 6773,95.784908,15.899380,Hlaingthaya,Naypyidaw,82,120,2.6"
"Site 6774,98.532320,19.134650,South Okkalapa,Sagaing,343,65,6.1"
"Site 6775,96.635096,16.456239,Mayangone,Mandalay,260,65,6.2"
"Site 6776,98.600633,19.129131,South Okkalapa,Mandalay,57,65,6.9"
"Site 6777,94.964910,21.307065,Mayangone,Yangon,333,180,2.0"
"Site 6778,95.435933,16.279312,Pazundaung,Mandalay,168,45,2.7"
"Site 6779,93.376332,15.170351,Kamayut,Yangon,166,120,1.5"
"Site 6780,95.451688,21.771866,Kamayut,Yangon,231,120,0.9"
"Site 6781,96.314892,17.433157,Mingalar Taung Nyunt,Ayeyarwady,225,90,7.9"
"Site 6782,94.238487,19.110970,Mayangone,Sagaing,262,120,3.8"
"Site 6783,95.556184,19.038406,South Okkalapa,Sagaing,115,120,1.2"
"Site 6784,95.897371,19.227799,Kamayut,Yangon,130,65,4.9"
"Site 6785,96.290064,16.858501,Thingangyun,Magway,74,45,6.4"
"Site 6786,97.946289,18.459759,Kamayut,Naypyidaw,252,120,0.8"
"Site 6787,97.936858,16.042777,Yankin,Kayin,55,45,3.1"
"Site 6788,98.341882,18.583829,Insein,Yangon,346,60,7.9"
"Site 6789,94.769454,20.605926,South Okkalapa,Yangon,143,120,6.8"
"Site 6790,94.720809,17.761158,Yankin,Bago,230,90,1.9"
"Site 6791,95.833797,15.818979,Insein,Yangon,41,60,6.3"
"Site 6792,96.988556,17.838875,South Okkalapa,Shan,59,180,1.3"
"Site 6793,95.276278,18.301688,Mingaladon,Mandalay,102,180,6.5"
"Site 6794,94.192895,18.160474,Kyauktada,Yangon,114,180,3.0"
"Site 6795,98.969018,15.941568,Botahtaung,Magway,85,180,5.1"
"Site 6796,95.335847,19.503796,Botahtaung,Bago,346,90,1.9"
"Site 6797,97.888711,17.609122,Thingangyun,Naypyidaw,252,90,2.6"
"Site 6798,97.016571,21.555146,Pazundaung,Ayeyarwady,155,65,2.0"
"Site 6799,93.722760,21.243672,Shwepyitha,Bago,149,65,3.7"
"Site 6800,94.004353,15.989916,Seikkan,Naypyidaw,317,65,4.3"
"Site 6801,94.832308,20.428187,Dala,Kayin,87,65,2.9"
"Site 6802,94.954764,21.909949,Shwepyitha,Kayin,60,90,1.8"
"Site 6803,93.744984,17.726158,Dagon,Mon,84,180,5.4"
"Site 6804,93.441544,17.368600,Hlaingthaya,Kayin,119,120,6.3"
"Site 6805,98.536738,19.422911,Mayangone,Mandalay,61,45,6.0"
"Site 6806,96.563110,18.290906,South Okkalapa,Kayin,172,90,1.6"
"Site 6807,94.131636,21.739094,Kyauktada,Ayeyarwady,353,45,3.8"
"Site 6808,94.340498,18.722908,Hlaing,Naypyidaw,97,45,5.1"
"Site 6809,97.396576,21.234174,Shwepyitha,Kayin,218,90,4.2"
"Site 6810,97.663890,18.967375,Mingalar Taung Nyunt,Sagaing,101,90,1.2"
"Site 6811,98.899892,21.162913,Botahtaung,Magway,306,65,2.9"
"Site 6812,93.767807,21.112756,Kamayut,Mandalay,227,90,1.0"
"Site 6813,97.687141,18.409617,Hlaingthaya,Naypyidaw,185,120,2.6"
"Site 6814,98.379645,15.160601,Hlaing,Kayin,50,65,1.9"
"Site 6815,97.641193,20.424825,Seikkan,Bago,343,60,6.9"
"Site 6816,97.670436,20.075976,Shwepyitha,Naypyidaw,302,120,3.4"
"Site 6817,93.627406,17.288922,Mingaladon,Naypyidaw,275,120,1.2"
"Site 6818,98.674001,21.157263,Dala,Shan,55,180,5.7"
"Site 6819,93.631656,17.368225,South Okkalapa,Ayeyarwady,27,120,6.1"
"Site 6820,97.795597,19.249300,Mingaladon,Mandalay,165,180,4.9"
"Site 6821,98.736705,18.085451,Mingaladon,Kayin,64,45,4.0"
"Site 6822,97.813213,20.921924,North Okkalapa,Shan,195,65,5.7"
"Site 6823,97.869539,15.870232,Kamayut,Magway,322,60,2.7"
"Site 6824,96.132378,16.430423,Dala,Ayeyarwady,88,45,7.3"
"Site 6825,96.680026,21.647273,South Okkalapa,Mandalay,67,45,5.1"
"Site 6826,97.291850,18.224697,Dala,Mon,61,180,5.2"
"Site 6827,95.716022,19.749248,South Okkalapa,Shan,88,180,3.5"
"Site 6828,96.972291,20.571525,Seikkan,Magway,67,65,5.4"
"Site 6829,93.950761,15.526079,Kyauktada,Kayin,210,90,6.4"
"Site 6830,98.943054,21.782577,Kamayut,Mon,339,45,3.0"
"Site 6831,96.157842,19.104915,Mayangone,Ayeyarwady,60,60,3.2"
"Site 6832,95.717114,15.588493,Kyauktada,Magway,200,60,7.0"
"Site 6833,94.407992,20.512493,Kamayut,Shan,120,120,7.3"
"Site 6834,98.163656,16.262710,Hlaing,Naypyidaw,98,65,1.4"
"Site 6835,96.908356,15.510133,Mayangone,Ayeyarwady,96,90,4.5"
"Site 6836,94.801116,19.225459,North Okkalapa,Yangon,26,60,1.8"
"Site 6837,94.910949,19.933706,Thingangyun,Bago,185,180,5.7"
"Site 6838,98.555528,20.838400,Pazundaung,Kayin,340,45,4.8"
"Site 6839,97.327211,17.711940,Mayangone,Mandalay,239,60,7.3"
"Site 6840,97.264025,17.748223,Mingaladon,Magway,121,65,0.9"
"Site 6841,95.380709,19.045272,Hlaing,Mon,274,180,4.1"
"Site 6842,98.074511,20.223121,Kamayut,Shan,147,45,2.9"
"Site 6843,95.315648,15.089461,North Okkalapa,Kayin,24,90,3.8"
"Site 6844,98.250468,15.695139,Kyauktada,Mandalay,153,90,2.9"
"Site 6845,97.190782,21.919501,Thingangyun,Mon,141,65,7.5"
"Site 6846,95.092945,21.167432,South Okkalapa,Bago,341,60,0.8"
"Site 6847,96.901165,16.210517,Kyauktada,Mandalay,12,90,5.3"
"Site 6848,93.887088,20.165768,Hlaing,Kayin,320,180,1.6"
"Site 6849,93.725117,19.527688,Insein,Kayin,270,180,1.1"
"Site 6850,93.859074,18.199975,Seikkan,Mandalay,349,180,4.7"
"Site 6851,95.588876,18.525624,Hlaing,Bago,75,60,0.6"
"Site 6852,93.814003,18.571207,Kamayut,Shan,144,65,2.1"
"Site 6853,96.461687,16.109861,Pazundaung,Kayin,156,65,7.2"
"Site 6854,93.767753,16.444610,Pazundaung,Naypyidaw,47,60,7.4"
"Site 6855,94.369395,15.273980,Dagon,Sagaing,31,90,1.9"
"Site 6856,95.667394,17.216292,Mingaladon,Sagaing,277,120,1.2"
"Site 6857,96.437229,16.573448,Hlaingthaya,Kayin,43,65,4.2"
"Site 6858,97.691164,15.132083,Dagon,Mon,185,60,5.5"
"Site 6859,94.125306,17.545113,Thingangyun,Yangon,29,90,5.1"
"Site 6860,98.955327,21.985431,Mayangone,Bago,90,120,3.0"
"Site 6861,93.113751,19.270288,Dala,Kayin,161,120,3.2"
"Site 6862,95.458631,20.902979,Pazundaung,Shan,221,180,1.4"
"Site 6863,97.125856,16.676430,Mingaladon,Kayin,310,65,1.8"
"Site 6864,96.252387,18.258163,Mingaladon,Mandalay,33,180,2.3"
"Site 6865,98.693224,21.385010,Insein,Sagaing,187,90,1.0"
"Site 6866,97.816833,17.942742,Seikkan,Ayeyarwady,272,120,7.8"
"Site 6867,95.406820,19.958078,Mingalar Taung Nyunt,Sagaing,79,90,7.3"
"Site 6868,95.067311,18.748588,Seikkan,Ayeyarwady,327,60,5.7"
"Site 6869,98.438836,18.869280,North Okkalapa,Ayeyarwady,340,60,0.5"
"Site 6870,95.412522,19.145560,Kamayut,Naypyidaw,36,90,3.2"
"Site 6871,98.953582,15.399284,Yankin,Mandalay,112,180,5.7"
"Site 6872,94.994745,15.155618,Insein,Sagaing,357,45,1.9"
"Site 6873,95.187378,18.666393,Kamayut,Bago,267,180,2.5"
"Site 6874,96.680442,19.008814,Mayangone,Kayin,13,120,5.4"
"Site 6875,94.394431,21.281671,Dagon,Yangon,339,60,4.7"
"Site 6876,95.381603,20.762178,Pazundaung,Magway,79,120,2.2"
"Site 6877,96.115190,21.329330,Insein,Yangon,115,60,6.2"
"Site 6878,94.794817,19.182513,North Okkalapa,Kayin,28,45,0.5"
"Site 6879,93.144571,17.932894,Botahtaung,Mandalay,253,180,7.5"
"Site 6880,97.692942,19.840055,Insein,Naypyidaw,82,60,4.1"
"Site 6881,93.780270,17.610172,Dagon,Naypyidaw,116,120,7.8"
"Site 6882,98.849907,18.155076,Insein,Magway,343,180,5.2"
"Site 6883,98.972070,16.954223,Hlaingthaya,Bago,241,120,7.4"
"Site 6884,95.622403,19.462093,Mayangone,Sagaing,138,180,7.4"
"Site 6885,93.023055,19.377327,Mayangone,Naypyidaw,285,120,5.2"
"Site 6886,98.202755,21.583869,Kyauktada,Mandalay,277,65,5.2"
"Site 6887,97.894494,20.902843,North Okkalapa,Mandalay,72,60,2.4"
"Site 6888,95.837170,21.376417,Mayangone,Ayeyarwady,258,180,4.5"
"Site 6889,96.763637,15.891148,Hlaingthaya,Kayin,57,90,4.4"
"Site 6890,94.612956,16.221120,Kyauktada,Sagaing,337,120,2.1"
"Site 6891,94.151815,16.307839,North Okkalapa,Yangon,44,60,6.1"
"Site 6892,96.441443,19.185424,Mingalar Taung Nyunt,Kayin,146,65,1.8"
"Site 6893,96.565943,19.208333,Yankin,Naypyidaw,164,45,2.2"
"Site 6894,96.523891,20.859639,Mingaladon,Mandalay,137,180,4.6"
"Site 6895,94.733522,20.546690,Mingaladon,Mandalay,90,180,2.0"
"Site 6896,93.480168,18.918027,Botahtaung,Sagaing,314,90,0.7"
"Site 6897,93.172158,16.620825,Yankin,Shan,197,180,5.3"
"Site 6898,97.732410,16.363515,Hlaingthaya,Bago,18,90,7.6"
"Site 6899,97.889793,15.522009,Kamayut,Bago,62,90,1.6"
"Site 6900,93.994393,20.299736,Mayangone,Naypyidaw,26,90,3.4"
"Site 6901,93.149667,19.451691,Dala,Ayeyarwady,345,90,5.3"
"Site 6902,94.350442,20.779345,Botahtaung,Yangon,194,60,1.6"
"Site 6903,94.695213,17.069855,Mayangone,Ayeyarwady,31,45,0.6"
"Site 6904,93.823775,20.127804,Yankin,Bago,312,120,0.8"
"Site 6905,93.762573,17.776931,Mayangone,Shan,67,65,4.2"
"Site 6906,95.176257,19.455381,Yankin,Naypyidaw,322,65,7.3"
"Site 6907,98.509680,21.879425,Dala,Kayin,197,120,7.3"
"Site 6908,96.106783,20.218038,South Okkalapa,Mon,185,90,4.5"
"Site 6909,93.087361,21.880748,Mingaladon,Mon,71,180,1.2"
"Site 6910,96.349397,19.264307,Hlaing,Bago,40,60,0.8"
"Site 6911,97.081106,18.495360,Yankin,Sagaing,118,120,5.2"
"Site 6912,98.612423,16.765358,Botahtaung,Mandalay,241,180,4.5"
"Site 6913,98.474174,17.408209,Mingaladon,Magway,44,45,1.5"
"Site 6914,98.083816,20.579926,South Okkalapa,Magway,265,180,1.6"
"Site 6915,95.583002,16.230090,Dala,Ayeyarwady,323,60,7.5"
"Site 6916,94.554225,18.990147,Thingangyun,Naypyidaw,290,45,2.3"
"Site 6917,98.655757,17.746693,Mayangone,Bago,89,65,2.7"
"Site 6918,93.298273,18.649969,Insein,Magway,29,90,7.5"
"Site 6919,93.563686,21.983833,Seikkan,Mandalay,45,60,6.3"
"Site 6920,97.544849,19.307730,Mingalar Taung Nyunt,Magway,218,120,3.9"
"Site 6921,95.379292,19.899683,Hlaingthaya,Naypyidaw,254,45,1.9"
"Site 6922,94.139763,21.156900,Botahtaung,Naypyidaw,41,60,3.3"
"Site 6923,96.255096,16.337897,Thingangyun,Kayin,95,120,1.6"
"Site 6924,96.079435,19.118350,Dagon,Sagaing,296,65,2.2"
"Site 6925,96.746970,18.822401,Mingaladon,Kayin,79,120,1.6"
"Site 6926,96.232437,17.155647,Insein,Ayeyarwady,147,180,4.8"
"Site 6927,95.640390,21.042982,Kyauktada,Kayin,355,120,1.9"
"Site 6928,96.438620,18.162856,Mingalar Taung Nyunt,Yangon,229,90,4.8"
"Site 6929,94.901638,17.658386,Dala,Kayin,199,65,5.3"
"Site 6930,97.816743,15.855140,Dagon,Bago,214,120,2.3"
"Site 6931,95.311777,15.643142,Yankin,Ayeyarwady,261,180,6.0"
"Site 6932,97.545010,20.763568,Dagon,Bago,96,45,5.8"
"Site 6933,93.686474,17.722154,Insein,Yangon,225,45,4.3"
"Site 6934,98.607175,20.749078,North Okkalapa,Mandalay,43,65,6.0"
"Site 6935,96.667315,21.098585,Hlaing,Bago,183,180,3.1"
"Site 6936,96.518640,18.258608,Hlaing,Yangon,86,90,1.2"
"Site 6937,98.742953,21.919397,Dagon,Naypyidaw,235,45,0.9"
"Site 6938,97.946076,17.148910,Mayangone,Sagaing,263,180,7.2"
"Site 6939,98.588042,15.923635,Dala,Mon,47,90,7.6"
"Site 6940,97.891975,15.650950,Mingaladon,Mandalay,203,45,5.9"
"Site 6941,94.838301,21.856962,Pazundaung,Naypyidaw,118,120,0.9"
"Site 6942,94.422267,21.962808,Thingangyun,Yangon,268,90,5.4"
"Site 6943,98.828866,21.842466,Thingangyun,Ayeyarwady,132,120,6.8"
"Site 6944,93.378720,16.224296,Dagon,Mandalay,24,90,3.8"
"Site 6945,96.808850,20.147271,Seikkan,Yangon,170,180,7.0"
"Site 6946,97.696523,19.663215,Kamayut,Kayin,56,45,5.5"
"Site 6947,96.614850,16.024754,Kamayut,Mon,313,120,6.1"
"Site 6948,98.179683,21.205221,Botahtaung,Yangon,331,60,5.9"
"Site 6949,98.058054,16.098738,Mayangone,Ayeyarwady,142,65,4.2"
"Site 6950,93.112500,19.573776,South Okkalapa,Yangon,125,60,2.0"
"Site 6951,96.648876,21.507833,Dala,Kayin,65,120,2.3"
"Site 6952,94.015413,18.947025,Mingalar Taung Nyunt,Mon,99,45,7.7"
"Site 6953,95.994819,16.448513,Kamayut,Kayin,239,60,4.1"
"Site 6954,94.784562,20.335463,Seikkan,Yangon,322,180,1.9"
"Site 6955,97.756779,17.564093,Mingalar Taung Nyunt,Naypyidaw,142,45,7.3"
"Site 6956,93.166098,16.664341,Dala,Mandalay,161,60,6.6"
"Site 6957,93.597102,15.271749,Hlaingthaya,Ayeyarwady,205,120,4.2"
"Site 6958,93.779713,17.985018,Hlaingthaya,Ayeyarwady,40,120,7.8"
"Site 6959,94.765128,17.939947,Yankin,Ayeyarwady,153,90,1.6"
"Site 6960,96.901895,16.748248,Shwepyitha,Ayeyarwady,10,65,7.1"
"Site 6961,97.182479,21.068997,North Okkalapa,Bago,317,90,1.0"
"Site 6962,98.610759,19.106730,Shwepyitha,Sagaing,336,120,4.7"
"Site 6963,97.399829,15.545342,South Okkalapa,Naypyidaw,227,65,6.9"
"Site 6964,93.310404,18.037789,Botahtaung,Mandalay,23,180,1.1"
"Site 6965,98.832069,20.342939,Dala,Mon,133,60,2.4"
"Site 6966,97.649353,17.262773,South Okkalapa,Ayeyarwady,249,180,5.1"
"Site 6967,93.679140,17.681431,Mayangone,Magway,198,120,0.7"
"Site 6968,94.159215,16.883296,Mingalar Taung Nyunt,Mandalay,228,180,3.4"
"Site 6969,94.962424,16.161297,South Okkalapa,Mon,234,60,2.3"
"Site 6970,95.759713,20.971887,Hlaingthaya,Ayeyarwady,303,180,8.0"
"Site 6971,95.910950,21.956818,Dagon,Magway,89,60,5.2"
"Site 6972,94.424063,21.872350,South Okkalapa,Mandalay,107,45,3.0"
"Site 6973,94.050985,17.322237,North Okkalapa,Shan,232,65,1.0"
"Site 6974,94.275554,16.406976,Dagon,Magway,307,120,4.5"
"Site 6975,93.448088,20.353466,Mingaladon,Mon,358,65,4.3"
"Site 6976,97.726153,19.537397,Yankin,Ayeyarwady,108,90,6.3"
"Site 6977,93.762378,20.456929,Mingalar Taung Nyunt,Mandalay,18,45,7.5"
"Site 6978,94.104869,18.967596,Mayangone,Naypyidaw,138,180,2.1"
"Site 6979,95.225990,15.540519,Insein,Naypyidaw,103,60,0.9"
"Site 6980,97.101079,16.743672,Thingangyun,Mon,246,90,3.7"
"Site 6981,97.213920,15.894811,Pazundaung,Yangon,76,60,7.4"
"Site 6982,95.365285,15.050082,Mingalar Taung Nyunt,Shan,56,180,5.9"
"Site 6983,97.432442,19.474734,Mingalar Taung Nyunt,Kayin,190,60,7.9"
"Site 6984,94.328873,20.602402,Dagon,Mon,69,120,3.2"
"Site 6985,98.858480,21.092654,Dagon,Sagaing,7,180,2.2"
"Site 6986,98.625942,16.797907,Thingangyun,Shan,104,45,5.5"
"Site 6987,94.899979,21.493889,Kamayut,Yangon,336,180,2.3"
"Site 6988,93.502899,20.041866,Hlaing,Magway,181,120,2.7"
"Site 6989,95.865225,17.077902,Seikkan,Kayin,176,60,7.0"
"Site 6990,94.114523,15.376907,Hlaing,Sagaing,81,65,7.2"
"Site 6991,97.185174,17.296478,South Okkalapa,Mon,296,65,6.7"
"Site 6992,98.322085,16.174318,Insein,Ayeyarwady,224,180,4.4"
"Site 6993,98.116991,18.137943,Yankin,Naypyidaw,98,90,4.1"
"Site 6994,93.034267,21.428793,Dagon,Mandalay,218,60,5.2"
"Site 6995,94.660893,18.808736,Mayangone,Ayeyarwady,187,60,0.8"
"Site 6996,94.530064,20.702324,Hlaingthaya,Magway,262,65,1.0"
"Site 6997,98.349639,21.631929,Hlaingthaya,Ayeyarwady,124,90,5.0"
"Site 6998,96.364999,21.768288,Yankin,Ayeyarwady,310,60,6.7"
"Site 6999,93.261244,16.547200,Seikkan,Naypyidaw,319,65,0.9"
"Site 7000,95.943060,20.862311,Dala,Magway,324,180,0.8"
"Site 7001,98.060826,15.021469,Mayangone,Sagaing,49,120,7.5"
"Site 7002,96.076498,21.979084,Thingangyun,Kayin,323,180,3.4"
"Site 7003,97.635145,16.924487,North Okkalapa,Yangon,192,120,5.2"
"Site 7004,94.071958,17.836372,Pazundaung,Sagaing,98,60,7.0"
"Site 7005,97.486676,19.994008,Mayangone,Mandalay,2,180,1.6"
"Site 7006,97.599813,15.429805,Dagon,Bago,44,45,2.5"
"Site 7007,96.887723,21.520209,Hlaingthaya,Sagaing,355,60,7.3"
"Site 7008,97.225311,21.657111,Seikkan,Sagaing,68,45,2.9"
"Site 7009,95.987155,19.097564,Mingalar Taung Nyunt,Mon,97,90,6.1"
"Site 7010,97.603879,16.871720,Hlaingthaya,Shan,21,120,6.2"
"Site 7011,98.932680,18.971095,Shwepyitha,Naypyidaw,78,45,3.2"
"Site 7012,98.700438,15.286293,Seikkan,Sagaing,219,180,3.3"
"Site 7013,93.037451,15.688245,Shwepyitha,Mandalay,343,60,4.1"
"Site 7014,96.693039,17.771016,Kyauktada,Bago,69,90,4.3"
"Site 7015,95.003495,20.462530,Mingaladon,Yangon,5,180,2.6"
"Site 7016,97.958314,15.637629,Kyauktada,Magway,219,90,7.5"
"Site 7017,97.908870,15.500915,Kyauktada,Bago,194,65,0.7"
"Site 7018,93.159790,15.089576,Mayangone,Yangon,262,120,1.1"
"Site 7019,98.219462,15.835210,Mingalar Taung Nyunt,Mandalay,73,60,5.4"
"Site 7020,98.460917,16.640271,Thingangyun,Mandalay,39,90,2.2"
"Site 7021,98.632249,18.688207,Seikkan,Sagaing,235,65,5.3"
"Site 7022,93.104047,20.551297,Dagon,Mandalay,200,65,1.2"
"Site 7023,94.951837,20.933564,Pazundaung,Sagaing,306,120,2.5"
"Site 7024,96.968454,16.417944,Dala,Ayeyarwady,199,65,7.4"
"Site 7025,95.686392,16.481829,South Okkalapa,Bago,153,120,0.6"
"Site 7026,96.950405,18.439503,Mingalar Taung Nyunt,Yangon,227,180,3.7"
"Site 7027,93.594011,16.813372,Botahtaung,Naypyidaw,157,90,4.6"
"Site 7028,98.909220,16.991965,Thingangyun,Ayeyarwady,109,90,7.3"
"Site 7029,96.669569,17.955088,Hlaing,Bago,106,60,3.5"
"Site 7030,96.221090,18.452698,Yankin,Magway,29,45,3.8"
"Site 7031,94.123039,16.040947,Kyauktada,Mon,1,120,1.1"
"Site 7032,97.253009,18.723605,North Okkalapa,Shan,191,45,7.6"
"Site 7033,94.435277,20.088839,Hlaingthaya,Bago,285,65,3.0"
"Site 7034,94.055817,17.232519,South Okkalapa,Shan,85,180,2.4"
"Site 7035,95.260939,16.619733,Dala,Mandalay,53,90,4.0"
"Site 7036,93.850416,17.260177,Yankin,Sagaing,215,65,5.5"
"Site 7037,94.287026,21.783295,Hlaingthaya,Naypyidaw,195,120,7.4"
"Site 7038,96.213391,18.539967,Mayangone,Naypyidaw,204,120,3.3"
"Site 7039,95.255695,19.581930,Kyauktada,Mon,4,65,2.1"
"Site 7040,98.379206,17.799746,Kamayut,Magway,155,45,2.6"
"Site 7041,93.367821,16.245447,Yankin,Mon,48,180,1.5"
"Site 7042,96.613010,19.707864,Hlaing,Ayeyarwady,152,45,2.1"
"Site 7043,95.871685,21.404538,Pazundaung,Bago,342,90,4.4"
"Site 7044,98.808613,21.195831,Hlaing,Mon,129,60,2.6"
"Site 7045,96.835346,17.714883,Hlaing,Kayin,253,45,4.2"
"Site 7046,95.559991,17.969242,Kyauktada,Ayeyarwady,29,60,8.0"
"Site 7047,96.899060,18.222537,North Okkalapa,Mon,209,65,1.6"
"Site 7048,93.666639,20.433223,Dala,Yangon,327,65,7.6"
"Site 7049,96.098716,19.532791,Hlaing,Mon,273,90,1.5"
"Site 7050,95.711235,19.150841,Seikkan,Sagaing,302,120,2.0"
"Site 7051,94.746279,20.509053,Kyauktada,Naypyidaw,349,120,2.8"
"Site 7052,94.394791,21.229631,Insein,Magway,150,45,2.4"
"Site 7053,95.831601,19.823559,Pazundaung,Kayin,119,180,0.8"
"Site 7054,98.023259,17.272786,Mingalar Taung Nyunt,Mandalay,127,65,5.7"
"Site 7055,93.996005,19.363883,Insein,Magway,34,90,6.7"
"Site 7056,93.595062,20.994503,Dala,Bago,43,120,6.8"
"Site 7057,93.839725,20.332091,Kyauktada,Sagaing,134,60,7.6"
"Site 7058,97.744675,20.916683,Kyauktada,Ayeyarwady,168,180,0.8"
"Site 7059,94.749551,18.257911,Hlaing,Kayin,311,120,6.0"
"Site 7060,98.057201,21.729235,Kamayut,Mandalay,186,180,4.9"
"Site 7061,97.203718,19.598263,Mingalar Taung Nyunt,Magway,70,45,6.5"
"Site 7062,95.661987,19.231944,Kyauktada,Naypyidaw,72,45,6.1"
"Site 7063,97.960367,20.359988,Insein,Yangon,164,65,4.4"
"Site 7064,95.021254,20.207162,Mingaladon,Kayin,142,90,6.3"
"Site 7065,97.692861,20.144060,Seikkan,Ayeyarwady,194,65,3.9"
"Site 7066,96.354941,18.469555,Thingangyun,Naypyidaw,262,65,6.0"
"Site 7067,96.931305,21.089445,Botahtaung,Mandalay,318,90,5.7"
"Site 7068,98.158634,20.876895,Hlaing,Magway,259,45,4.6"
"Site 7069,98.567443,17.616123,Kamayut,Kayin,182,60,5.8"
"Site 7070,97.772330,21.529866,Pazundaung,Shan,239,45,1.6"
"Site 7071,96.815838,21.539939,Mayangone,Yangon,147,45,2.5"
"Site 7072,95.531475,17.414442,Seikkan,Shan,219,90,7.2"
"Site 7073,95.816138,15.467530,Dagon,Magway,67,65,0.9"
"Site 7074,97.657040,21.181984,Kyauktada,Naypyidaw,217,65,6.3"
"Site 7075,94.711152,20.996693,Botahtaung,Sagaing,205,60,1.3"
"Site 7076,93.559459,18.551120,Yankin,Yangon,334,90,5.6"
"Site 7077,94.420888,17.725696,Dala,Kayin,151,60,2.9"
"Site 7078,98.217021,19.324925,Mayangone,Mandalay,123,45,3.6"
"Site 7079,96.640572,15.291642,North Okkalapa,Shan,200,60,1.2"
"Site 7080,93.912789,17.854437,Thingangyun,Ayeyarwady,172,45,5.1"
"Site 7081,94.171616,21.181586,Kamayut,Bago,315,60,3.9"
"Site 7082,94.332130,18.722154,Kamayut,Sagaing,289,60,7.5"
"Site 7083,98.557808,15.397537,Yankin,Bago,169,45,1.8"
"Site 7084,98.342010,15.025114,Yankin,Shan,119,60,4.3"
"Site 7085,93.582307,19.548792,Dagon,Kayin,198,180,5.1"
"Site 7086,96.577940,20.538553,Shwepyitha,Ayeyarwady,15,65,5.9"
"Site 7087,94.317750,21.584780,South Okkalapa,Kayin,271,45,1.5"
"Site 7088,98.405286,19.461970,Botahtaung,Shan,32,120,4.5"
"Site 7089,93.796133,20.561848,South Okkalapa,Shan,253,60,6.8"
"Site 7090,96.648329,17.296288,Kyauktada,Mandalay,72,120,7.6"
"Site 7091,97.795548,20.495629,Dala,Kayin,253,120,6.4"
"Site 7092,93.113158,15.994768,Insein,Mandalay,309,60,6.4"
"Site 7093,97.226553,20.001204,Yankin,Ayeyarwady,11,180,4.0"
"Site 7094,93.374142,19.824458,Seikkan,Magway,340,45,3.9"
"Site 7095,94.799614,20.503492,Kamayut,Shan,41,45,7.8"
"Site 7096,93.272076,18.325349,Kamayut,Ayeyarwady,26,65,7.2"
"Site 7097,97.594556,16.366460,Pazundaung,Shan,324,45,7.0"
"Site 7098,93.143204,20.809291,Hlaingthaya,Naypyidaw,86,180,4.1"
"Site 7099,94.809468,16.329476,Thingangyun,Mon,214,120,5.6"
"Site 7100,96.781202,16.662370,Insein,Kayin,76,60,4.5"
"Site 7101,93.416077,16.987781,Insein,Bago,28,120,3.8"
"Site 7102,96.375588,21.449680,Hlaingthaya,Kayin,297,90,6.9"
"Site 7103,98.313887,20.072229,Dagon,Shan,64,90,4.3"
"Site 7104,96.111394,18.180848,Shwepyitha,Naypyidaw,257,60,1.4"
"Site 7105,93.371779,15.308224,Thingangyun,Bago,217,45,1.7"
"Site 7106,98.602991,21.245020,Hlaingthaya,Mandalay,1,60,5.7"
"Site 7107,94.621038,20.158209,Mayangone,Ayeyarwady,17,45,2.6"
"Site 7108,97.689166,20.736737,Pazundaung,Kayin,211,65,7.0"
"Site 7109,95.869468,18.328380,Shwepyitha,Bago,148,180,7.1"
"Site 7110,98.992864,21.681624,Kyauktada,Magway,43,180,4.7"
"Site 7111,94.851994,21.916398,Pazundaung,Ayeyarwady,331,90,1.9"
"Site 7112,97.296284,17.915406,Kamayut,Naypyidaw,16,90,2.2"
"Site 7113,95.527795,17.548825,Seikkan,Mon,325,180,7.4"
"Site 7114,96.149808,18.561145,Yankin,Shan,165,120,6.2"
"Site 7115,97.678202,15.181961,Seikkan,Ayeyarwady,183,45,2.2"
"Site 7116,98.226788,16.565247,North Okkalapa,Shan,24,120,7.8"
"Site 7117,95.914009,15.278546,Mingalar Taung Nyunt,Ayeyarwady,241,180,3.7"
"Site 7118,95.177698,15.037290,Mingaladon,Shan,229,120,2.5"
"Site 7119,96.321645,15.428444,Kyauktada,Mon,82,65,1.0"
"Site 7120,93.179892,15.853410,Insein,Magway,86,90,2.1"
"Site 7121,98.273627,20.924154,Thingangyun,Sagaing,324,180,3.8"
"Site 7122,97.258372,19.616233,Kyauktada,Kayin,211,120,3.7"
"Site 7123,95.804067,20.956283,Kyauktada,Bago,98,65,2.9"
"Site 7124,97.032339,15.373726,North Okkalapa,Mon,284,45,4.2"
"Site 7125,96.427566,21.606610,Kamayut,Naypyidaw,227,45,1.7"
"Site 7126,94.467401,21.549861,Kamayut,Ayeyarwady,231,90,1.1"
"Site 7127,93.022365,17.819327,Shwepyitha,Kayin,225,120,1.2"
"Site 7128,95.281482,19.548545,Kyauktada,Bago,45,45,0.8"
"Site 7129,97.895662,15.748352,Yankin,Yangon,192,60,3.7"
"Site 7130,98.949139,21.380477,Kamayut,Kayin,295,60,1.8"
"Site 7131,93.138833,18.199480,Shwepyitha,Ayeyarwady,22,45,4.0"
"Site 7132,96.970699,17.687926,Shwepyitha,Mon,257,90,5.6"
"Site 7133,93.689739,20.873446,Shwepyitha,Bago,157,45,3.9"
"Site 7134,95.566976,15.396557,Yankin,Ayeyarwady,288,65,2.1"
"Site 7135,95.313924,21.624146,Hlaingthaya,Bago,204,90,5.0"
"Site 7136,93.642938,20.389308,South Okkalapa,Yangon,10,90,6.7"
"Site 7137,96.368566,20.626954,Mingaladon,Kayin,70,180,0.8"
"Site 7138,97.833510,18.783505,Seikkan,Naypyidaw,44,45,4.2"
"Site 7139,93.078665,21.464892,Botahtaung,Mandalay,37,90,7.6"
"Site 7140,94.437831,20.497028,Hlaingthaya,Naypyidaw,353,180,2.5"
"Site 7141,97.105811,18.929482,Pazundaung,Naypyidaw,112,180,3.7"
"Site 7142,93.977135,19.652414,Botahtaung,Yangon,322,60,6.2"
"Site 7143,97.649339,18.985109,Kyauktada,Mandalay,269,45,0.7"
"Site 7144,98.934775,18.606478,Kyauktada,Sagaing,213,120,5.5"
"Site 7145,98.117300,15.429897,Botahtaung,Shan,123,180,2.5"
"Site 7146,96.572323,20.550191,Kamayut,Yangon,94,120,3.7"
"Site 7147,94.449933,15.846940,Mayangone,Yangon,84,120,0.7"
"Site 7148,95.755648,20.112494,Mingalar Taung Nyunt,Magway,270,120,4.0"
"Site 7149,93.377118,19.728187,North Okkalapa,Kayin,277,45,3.2"
"Site 7150,97.575432,18.845010,South Okkalapa,Ayeyarwady,5,90,6.6"
"Site 7151,98.603107,20.524268,Hlaingthaya,Kayin,67,180,4.0"
"Site 7152,96.692239,15.602396,South Okkalapa,Ayeyarwady,284,180,6.1"
"Site 7153,95.248891,16.342030,Mayangone,Shan,116,90,4.4"
"Site 7154,97.343376,18.133588,Kamayut,Mandalay,74,65,4.0"
"Site 7155,98.044563,18.081916,Botahtaung,Mandalay,191,120,4.2"
"Site 7156,98.309308,19.148440,Mayangone,Mon,45,45,6.2"
"Site 7157,94.285158,21.258793,Seikkan,Mandalay,225,180,7.9"
"Site 7158,96.914572,18.207463,Mayangone,Yangon,290,65,4.2"
"Site 7159,97.942028,20.044793,Hlaing,Mandalay,301,60,6.4"
"Site 7160,95.370119,16.353614,Kamayut,Naypyidaw,26,120,6.3"
"Site 7161,94.775809,18.398311,Mayangone,Ayeyarwady,248,65,6.4"
"Site 7162,93.512422,20.655920,Pazundaung,Bago,179,45,4.8"
"Site 7163,96.999433,17.126225,Hlaing,Kayin,119,45,7.5"
"Site 7164,98.092954,15.350455,Mingaladon,Bago,92,90,2.7"
"Site 7165,94.357574,18.371455,Shwepyitha,Magway,135,90,2.7"
"Site 7166,95.468147,21.466061,North Okkalapa,Mon,230,45,5.0"
"Site 7167,93.241537,16.228182,Shwepyitha,Mon,123,45,3.1"
"Site 7168,93.726548,21.003016,North Okkalapa,Ayeyarwady,129,60,4.3"
"Site 7169,97.904559,20.888023,Hlaing,Yangon,75,120,4.3"
"Site 7170,98.954279,15.497225,Kyauktada,Bago,62,120,0.5"
"Site 7171,98.677798,17.587388,Mingaladon,Mandalay,31,180,1.8"
"Site 7172,97.717570,18.231003,Dagon,Shan,114,60,1.5"
"Site 7173,93.481999,19.187427,Insein,Mandalay,69,45,6.4"
"Site 7174,93.255953,21.913075,Hlaing,Yangon,41,65,4.4"
"Site 7175,94.705087,19.825699,Pazundaung,Mon,263,120,1.9"
"Site 7176,97.871481,17.309936,Botahtaung,Mon,251,65,6.5"
"Site 7177,94.373712,17.930715,Hlaingthaya,Bago,254,120,7.5"
"Site 7178,98.329784,20.261142,Yankin,Shan,82,45,2.6"
"Site 7179,98.025628,16.465802,Shwepyitha,Naypyidaw,166,65,2.6"
"Site 7180,96.703381,20.790199,Hlaingthaya,Sagaing,329,90,3.9"
"Site 7181,94.388810,18.797142,Pazundaung,Sagaing,228,60,5.1"
"Site 7182,98.508134,16.453505,Hlaing,Shan,55,45,6.8"
"Site 7183,93.851703,21.972391,Mayangone,Mon,47,60,3.4"
"Site 7184,98.878142,17.163530,Botahtaung,Kayin,303,65,3.1"
"Site 7185,97.701574,17.345614,Mayangone,Naypyidaw,217,45,6.6"
"Site 7186,96.800096,19.572526,South Okkalapa,Mandalay,38,60,3.1"
"Site 7187,95.597347,21.748076,Mayangone,Shan,67,180,5.4"
"Site 7188,95.932578,21.071161,Mayangone,Ayeyarwady,287,180,7.4"
"Site 7189,93.645828,20.222595,Mingaladon,Bago,196,45,3.3"
"Site 7190,96.648932,19.449157,Yankin,Mandalay,204,45,1.9"
"Site 7191,96.475591,19.375702,Hlaingthaya,Shan,162,65,5.2"
"Site 7192,95.991838,18.591635,Mingaladon,Bago,318,180,4.6"
"Site 7193,96.103716,18.766040,Pazundaung,Bago,1,90,3.4"
"Site 7194,97.340006,21.208639,Seikkan,Ayeyarwady,174,65,6.7"
"Site 7195,96.302063,18.887248,Mayangone,Kayin,357,65,7.0"
"Site 7196,97.099847,15.830056,South Okkalapa,Naypyidaw,165,60,6.2"
"Site 7197,98.003069,18.780329,Botahtaung,Magway,132,45,7.5"
"Site 7198,96.724484,17.112932,Thingangyun,Shan,303,60,4.9"
"Site 7199,94.515271,21.445022,Yankin,Mandalay,302,90,3.5"
"Site 7200,97.848254,17.561822,Hlaing,Kayin,161,60,2.3"
"Site 7201,97.690951,16.554280,Seikkan,Shan,325,120,6.0"
"Site 7202,97.921811,21.585119,Seikkan,Sagaing,270,65,7.4"
"Site 7203,98.832902,19.729399,Seikkan,Mon,132,120,0.8"
"Site 7204,96.489040,21.574522,Shwepyitha,Magway,193,180,5.6"
"Site 7205,94.845902,20.452927,Mayangone,Sagaing,122,65,5.1"
"Site 7206,93.123883,16.097495,Mayangone,Mandalay,76,65,6.6"
"Site 7207,96.462192,21.522477,Hlaing,Mandalay,309,90,2.9"
"Site 7208,96.775199,18.241029,Pazundaung,Mon,359,60,8.0"
"Site 7209,98.107964,16.010855,Yankin,Mandalay,202,65,7.1"
"Site 7210,97.040287,15.956128,Thingangyun,Bago,104,65,2.7"
"Site 7211,96.382655,17.914607,Thingangyun,Kayin,237,90,1.6"
"Site 7212,95.828443,16.632281,Hlaing,Sagaing,320,60,0.7"
"Site 7213,94.825353,18.459375,Mayangone,Ayeyarwady,220,45,7.9"
"Site 7214,93.792621,20.008368,Dagon,Ayeyarwady,132,65,3.8"
"Site 7215,94.549811,15.236849,Kyauktada,Shan,47,45,5.5"
"Site 7216,95.871443,21.082197,South Okkalapa,Mon,151,65,7.3"
"Site 7217,97.064858,21.256135,Kamayut,Shan,71,45,2.4"
"Site 7218,95.236631,16.276309,Hlaingthaya,Ayeyarwady,179,180,2.6"
"Site 7219,96.522863,16.250326,Mingaladon,Shan,261,120,5.4"
"Site 7220,94.567090,18.666835,Dala,Sagaing,254,65,2.3"
"Site 7221,98.065731,19.296781,Seikkan,Bago,343,65,2.2"
"Site 7222,95.958187,20.775095,Botahtaung,Magway,55,45,5.2"
"Site 7223,94.786534,16.578581,Thingangyun,Mon,321,65,3.7"
"Site 7224,94.094723,17.460591,Hlaingthaya,Sagaing,24,90,5.7"
"Site 7225,98.388087,17.184745,Dagon,Mon,52,65,5.7"
"Site 7226,97.427380,20.960345,Thingangyun,Yangon,207,180,5.7"
"Site 7227,94.772551,21.004043,North Okkalapa,Sagaing,124,120,0.5"
"Site 7228,94.964031,21.448150,Kamayut,Mandalay,300,60,2.7"
"Site 7229,96.768744,20.100196,Botahtaung,Mon,139,90,1.7"
"Site 7230,96.973657,18.414384,Kyauktada,Bago,125,65,5.0"
"Site 7231,94.980252,21.381178,Kyauktada,Mandalay,310,180,6.4"
"Site 7232,96.973661,17.258131,Insein,Magway,177,120,2.0"
"Site 7233,95.324088,17.624683,Yankin,Kayin,148,65,6.1"
"Site 7234,97.452566,21.040433,North Okkalapa,Yangon,53,180,0.7"
"Site 7235,94.413835,17.127731,Seikkan,Mandalay,143,120,6.7"
"Site 7236,93.047616,17.732612,South Okkalapa,Shan,305,90,2.2"
"Site 7237,94.694531,19.022775,Thingangyun,Naypyidaw,116,180,2.1"
"Site 7238,94.721854,17.246506,Pazundaung,Mandalay,118,90,1.3"
"Site 7239,98.539080,21.758520,Seikkan,Magway,45,65,2.5"
"Site 7240,98.347367,20.352840,Dala,Magway,211,65,3.7"
"Site 7241,93.984483,15.773898,Yankin,Mon,76,60,2.4"
"Site 7242,96.456388,18.975060,Insein,Ayeyarwady,182,65,2.7"
"Site 7243,94.153799,15.767060,Mingaladon,Mon,40,180,4.4"
"Site 7244,95.051806,17.491170,North Okkalapa,Yangon,200,90,0.6"
"Site 7245,98.151400,21.474853,Kyauktada,Mandalay,348,180,4.8"
"Site 7246,95.640521,19.438338,Dala,Mon,3,65,7.8"
"Site 7247,95.704150,17.483026,Hlaing,Bago,186,180,3.0"
"Site 7248,98.600684,15.712894,South Okkalapa,Naypyidaw,286,120,2.9"
"Site 7249,95.702369,20.761000,Seikkan,Yangon,226,90,0.6"
"Site 7250,97.851399,17.114630,Mingaladon,Yangon,79,60,3.4"
"Site 7251,96.939322,20.135360,Dala,Mandalay,347,60,5.1"
"Site 7252,95.350794,17.374149,North Okkalapa,Magway,34,180,6.4"
"Site 7253,95.061042,21.640061,Pazundaung,Mandalay,54,120,5.4"
"Site 7254,96.526402,15.126003,South Okkalapa,Kayin,49,180,6.6"
"Site 7255,94.341473,16.143666,Botahtaung,Naypyidaw,100,65,1.7"
"Site 7256,94.415027,20.520209,North Okkalapa,Magway,130,180,5.9"
"Site 7257,93.297066,19.296911,Insein,Mon,138,60,7.8"
"Site 7258,97.635442,19.984852,Seikkan,Mon,15,90,7.9"
"Site 7259,93.617774,16.486057,Pazundaung,Bago,100,60,7.1"
"Site 7260,95.181833,18.042422,Mingaladon,Magway,347,90,3.4"
"Site 7261,97.871281,20.502485,Mayangone,Sagaing,227,90,6.3"
"Site 7262,93.575437,16.378861,North Okkalapa,Naypyidaw,135,45,3.3"
"Site 7263,98.483679,19.362624,Insein,Shan,183,60,3.9"
"Site 7264,94.932127,19.082171,Shwepyitha,Ayeyarwady,294,65,0.5"
"Site 7265,94.715701,21.883382,Mingaladon,Mandalay,282,65,0.8"
"Site 7266,96.636573,15.943100,Mayangone,Kayin,77,45,2.2"
"Site 7267,95.475218,16.749575,Mingalar Taung Nyunt,Mandalay,248,180,5.1"
"Site 7268,98.398518,19.106553,Pazundaung,Ayeyarwady,244,120,3.5"
"Site 7269,94.077361,16.040900,Mingaladon,Magway,21,60,4.7"
"Site 7270,94.583202,18.317937,Shwepyitha,Mandalay,115,65,4.1"
"Site 7271,95.290176,17.585242,Dala,Sagaing,329,90,4.8"
"Site 7272,96.690025,17.290900,Botahtaung,Shan,61,45,7.5"
"Site 7273,96.069074,18.251208,Thingangyun,Ayeyarwady,161,60,7.8"
"Site 7274,95.934248,21.979913,Dala,Ayeyarwady,264,90,5.9"
"Site 7275,95.263070,20.266034,North Okkalapa,Bago,200,180,1.3"
"Site 7276,95.659230,17.195841,North Okkalapa,Mon,320,180,0.7"
"Site 7277,98.033141,16.654469,Dagon,Kayin,70,60,4.8"
"Site 7278,95.134672,20.729299,Pazundaung,Sagaing,317,90,6.9"
"Site 7279,94.095102,19.826927,Shwepyitha,Bago,85,90,5.5"
"Site 7280,94.684629,21.494434,Hlaing,Magway,109,120,2.8"
"Site 7281,97.151589,20.624543,Seikkan,Kayin,199,65,6.2"
"Site 7282,94.146144,20.002593,Hlaing,Yangon,194,65,6.2"
"Site 7283,96.934708,16.928927,Dala,Yangon,156,45,1.3"
"Site 7284,95.272898,20.344392,Thingangyun,Sagaing,318,60,2.3"
"Site 7285,94.207088,19.911987,Shwepyitha,Ayeyarwady,12,60,2.4"
"Site 7286,94.447129,21.056906,Yankin,Magway,57,120,5.2"
"Site 7287,94.702870,15.612256,Mayangone,Naypyidaw,101,45,4.7"
"Site 7288,98.966148,15.384478,Botahtaung,Bago,328,180,5.1"
"Site 7289,95.785486,21.038727,Kamayut,Naypyidaw,56,180,1.1"
"Site 7290,98.404302,15.113912,Yankin,Mon,185,65,4.0"
"Site 7291,93.154966,19.622251,Botahtaung,Yangon,20,65,1.4"
"Site 7292,96.615312,16.422403,Mingalar Taung Nyunt,Mon,115,60,7.3"
"Site 7293,93.745844,20.439446,Pazundaung,Mandalay,123,120,5.0"
"Site 7294,93.767566,18.759765,Dagon,Yangon,270,180,1.2"
"Site 7295,94.200579,17.010686,Yankin,Kayin,177,65,3.8"
"Site 7296,95.032560,21.705095,Seikkan,Naypyidaw,181,65,3.5"
"Site 7297,96.767347,15.854631,Hlaingthaya,Naypyidaw,192,180,3.6"
"Site 7298,94.747711,15.302676,Mingalar Taung Nyunt,Naypyidaw,227,45,4.8"
"Site 7299,97.383988,20.206884,Hlaing,Mandalay,117,180,4.0"
"Site 7300,97.238726,17.654214,North Okkalapa,Sagaing,341,45,3.6"
"Site 7301,97.873985,20.669960,Mingaladon,Mon,127,45,7.1"
"Site 7302,95.821662,15.850376,Yankin,Sagaing,312,45,5.6"
"Site 7303,97.958710,19.925265,Hlaing,Kayin,292,120,7.3"
"Site 7304,93.891741,20.253707,Pazundaung,Ayeyarwady,340,180,2.6"
"Site 7305,94.496802,19.971624,Mingaladon,Bago,311,180,6.3"
"Site 7306,94.282678,18.864158,North Okkalapa,Sagaing,26,120,3.5"
"Site 7307,94.067384,17.717489,Yankin,Yangon,51,65,7.8"
"Site 7308,93.293652,19.542155,Hlaingthaya,Mon,210,65,3.7"
"Site 7309,97.618925,19.894079,Mingalar Taung Nyunt,Magway,340,60,2.1"
"Site 7310,94.975787,21.885239,South Okkalapa,Sagaing,99,180,1.3"
"Site 7311,96.383020,16.247811,Pazundaung,Sagaing,246,120,6.2"
"Site 7312,97.880715,21.648087,Hlaing,Ayeyarwady,323,45,5.7"
"Site 7313,97.851149,18.155428,Shwepyitha,Shan,117,180,7.1"
"Site 7314,93.270500,16.275108,Mayangone,Mandalay,256,65,2.9"
"Site 7315,96.160020,17.822855,Seikkan,Naypyidaw,296,180,5.5"
"Site 7316,93.542272,18.120047,Kamayut,Kayin,40,90,4.4"
"Site 7317,96.457836,15.316930,Mayangone,Mon,212,120,2.7"
"Site 7318,97.006961,19.706739,Kamayut,Mon,297,60,4.3"
"Site 7319,93.878215,17.823811,Dala,Mandalay,58,120,2.1"
"Site 7320,95.431039,20.167959,Yankin,Ayeyarwady,109,90,3.1"
"Site 7321,95.542616,18.531213,Mayangone,Kayin,161,90,5.9"
"Site 7322,98.504611,18.975923,Mingaladon,Sagaing,152,45,7.4"
"Site 7323,98.993559,17.717780,Mingaladon,Kayin,335,60,5.1"
"Site 7324,94.739920,18.717275,Dala,Magway,29,65,0.7"
"Site 7325,95.008389,17.150174,Yankin,Mon,121,180,1.7"
"Site 7326,93.344865,20.298014,Hlaing,Magway,4,90,2.5"
"Site 7327,96.494838,17.978788,Botahtaung,Magway,167,180,5.9"
"Site 7328,96.397437,15.934513,Kamayut,Sagaing,216,45,6.6"
"Site 7329,96.202120,17.790249,Botahtaung,Bago,124,120,3.3"
"Site 7330,95.898078,21.200962,Mingaladon,Sagaing,50,90,6.5"
"Site 7331,97.352552,16.798255,Dala,Yangon,4,60,3.2"
"Site 7332,93.992937,19.658595,Kyauktada,Mon,101,60,4.6"
"Site 7333,95.892714,16.753301,Yankin,Magway,52,90,0.8"
"Site 7334,93.954343,19.464942,Seikkan,Mon,290,65,1.1"
"Site 7335,96.715879,15.104547,Yankin,Mon,107,45,3.2"
"Site 7336,93.623759,18.809427,Pazundaung,Shan,55,120,5.3"
"Site 7337,95.760442,19.535238,Dala,Magway,243,120,4.1"
"Site 7338,97.006185,18.085321,Dala,Ayeyarwady,154,65,4.0"
"Site 7339,98.891541,20.023152,Seikkan,Mon,281,90,4.5"
"Site 7340,98.344151,16.608806,Dala,Magway,358,90,1.6"
"Site 7341,93.781576,16.296173,North Okkalapa,Yangon,8,60,2.7"
"Site 7342,97.733282,16.463903,Mingalar Taung Nyunt,Magway,218,45,6.9"
"Site 7343,96.586542,15.525167,Thingangyun,Mandalay,268,60,6.9"
"Site 7344,95.347824,16.610118,Mingaladon,Mon,235,60,0.8"
"Site 7345,96.652973,15.318008,Mingalar Taung Nyunt,Bago,42,90,1.4"
"Site 7346,93.785309,17.171222,Dala,Ayeyarwady,335,65,4.6"
"Site 7347,93.553393,15.684700,Thingangyun,Ayeyarwady,206,60,6.4"
"Site 7348,96.524278,16.703262,Hlaing,Sagaing,239,60,5.2"
"Site 7349,94.198131,18.989888,Pazundaung,Bago,206,65,2.5"
"Site 7350,93.904605,15.579194,Hlaing,Mandalay,248,90,7.6"
"Site 7351,98.189506,16.846158,Pazundaung,Naypyidaw,348,90,2.3"
"Site 7352,97.332683,16.756426,Yankin,Mon,156,60,5.9"
"Site 7353,96.453935,20.929961,Mingaladon,Bago,26,45,3.1"
"Site 7354,98.032161,17.545645,Botahtaung,Kayin,320,45,2.9"
"Site 7355,96.183346,17.516266,Dala,Sagaing,10,90,2.2"
"Site 7356,98.492349,18.696071,Pazundaung,Kayin,173,60,3.0"
"Site 7357,97.493651,20.303970,Mingaladon,Kayin,186,65,3.2"
"Site 7358,97.120543,16.861655,Mingalar Taung Nyunt,Ayeyarwady,14,90,4.2"
"Site 7359,96.418687,19.750150,Pazundaung,Mon,205,60,4.8"
"Site 7360,96.590781,18.781858,Mingaladon,Bago,177,65,2.5"
"Site 7361,97.969435,18.375939,Hlaingthaya,Sagaing,124,65,7.9"
"Site 7362,93.873934,21.068113,Hlaing,Shan,16,180,6.3"
"Site 7363,98.037280,17.078752,Mayangone,Mandalay,0,65,4.2"
"Site 7364,96.468928,20.333664,Dagon,Ayeyarwady,195,90,7.6"
"Site 7365,97.036668,21.647726,Kamayut,Yangon,348,180,7.6"
"Site 7366,95.188265,15.817640,Seikkan,Sagaing,102,65,5.5"
"Site 7367,96.577450,19.159746,Botahtaung,Kayin,270,60,2.7"
"Site 7368,93.455116,16.066005,Hlaing,Magway,25,120,0.6"
"Site 7369,95.736548,19.775666,Kamayut,Ayeyarwady,358,180,6.8"
"Site 7370,97.605041,18.444798,Dagon,Bago,40,60,5.6"
"Site 7371,94.024773,15.719176,Hlaing,Mandalay,320,45,4.1"
"Site 7372,98.578136,18.335676,Botahtaung,Yangon,156,45,5.7"
"Site 7373,93.923817,21.686633,Mingaladon,Magway,239,120,3.6"
"Site 7374,96.319652,19.731012,Kyauktada,Sagaing,239,45,5.4"
"Site 7375,98.465326,21.704134,Mingaladon,Bago,105,120,5.4"
"Site 7376,94.537218,17.023001,Seikkan,Sagaing,128,90,1.3"
"Site 7377,93.890332,16.833481,Thingangyun,Shan,274,45,6.3"
"Site 7378,95.711221,20.740327,Yankin,Kayin,39,65,0.6"
"Site 7379,95.882003,21.013363,Kyauktada,Kayin,168,45,8.0"
"Site 7380,94.418414,16.726072,Dala,Magway,181,60,1.7"
"Site 7381,97.715131,17.077844,North Okkalapa,Bago,96,90,7.1"
"Site 7382,97.943160,20.552705,Kyauktada,Bago,94,180,6.5"
"Site 7383,94.511813,20.728322,Botahtaung,Shan,179,60,3.7"
"Site 7384,98.712769,17.995867,Mayangone,Ayeyarwady,257,45,2.5"
"Site 7385,98.200163,18.633457,Mayangone,Mandalay,13,90,6.1"
"Site 7386,93.561494,20.840791,North Okkalapa,Mon,194,65,0.7"
"Site 7387,97.498106,17.048645,Hlaing,Magway,156,65,4.3"
"Site 7388,93.250762,17.488873,Dala,Yangon,162,180,3.9"
"Site 7389,95.987083,15.800135,Seikkan,Ayeyarwady,159,120,6.2"
"Site 7390,98.612868,18.281985,Dala,Magway,202,90,4.5"
"Site 7391,94.593690,16.488874,Kyauktada,Yangon,259,180,3.9"
"Site 7392,94.820185,21.622109,Dala,Ayeyarwady,84,65,7.1"
"Site 7393,98.563228,21.185663,Yankin,Yangon,248,90,4.0"
"Site 7394,93.561761,19.415535,Pazundaung,Magway,348,45,6.8"
"Site 7395,95.765120,19.258794,Mingaladon,Sagaing,318,60,5.5"
"Site 7396,97.086517,15.907388,Shwepyitha,Magway,237,45,2.1"
"Site 7397,96.349609,18.000108,Mingalar Taung Nyunt,Ayeyarwady,55,180,6.6"
"Site 7398,95.319044,21.568276,Shwepyitha,Shan,76,60,4.8"
"Site 7399,97.905832,20.492377,Hlaing,Bago,213,120,1.9"
"Site 7400,95.924446,21.009072,Thingangyun,Yangon,190,90,7.7"
"Site 7401,96.773286,17.189543,Dala,Mandalay,100,180,2.1"
"Site 7402,95.203325,17.564361,Shwepyitha,Ayeyarwady,98,180,2.1"
"Site 7403,95.364871,15.038488,Yankin,Sagaing,300,180,0.9"
"Site 7404,93.681621,21.797112,Dala,Bago,355,180,5.4"
"Site 7405,95.757755,15.577543,Hlaingthaya,Yangon,316,60,2.4"
"Site 7406,98.819856,16.568401,Hlaingthaya,Yangon,281,45,7.1"
"Site 7407,98.976994,16.813115,Mayangone,Magway,254,180,2.0"
"Site 7408,95.854382,16.992002,Dagon,Ayeyarwady,256,180,0.8"
"Site 7409,94.152099,18.139943,North Okkalapa,Kayin,67,90,6.6"
"Site 7410,94.012395,19.708775,Shwepyitha,Naypyidaw,154,65,0.9"
"Site 7411,94.446603,17.200194,Mingalar Taung Nyunt,Mandalay,134,180,5.1"
"Site 7412,94.570676,21.387714,Yankin,Ayeyarwady,26,180,5.0"
"Site 7413,96.402306,20.457620,Botahtaung,Mon,119,65,6.9"
"Site 7414,97.687230,17.063739,Thingangyun,Kayin,282,45,2.9"
"Site 7415,96.250157,16.726211,Kyauktada,Ayeyarwady,63,120,1.4"
"Site 7416,95.132517,16.954021,Hlaingthaya,Kayin,196,60,6.7"
"Site 7417,94.686008,17.221047,Kamayut,Sagaing,80,90,7.0"
"Site 7418,98.148277,16.931157,Insein,Naypyidaw,282,60,4.0"
"Site 7419,97.815240,15.178540,South Okkalapa,Ayeyarwady,302,90,1.4"
"Site 7420,97.467784,15.941015,Dala,Magway,132,180,3.4"
"Site 7421,93.540469,16.821744,Botahtaung,Mandalay,276,90,7.8"
"Site 7422,97.895831,19.363748,North Okkalapa,Ayeyarwady,42,180,7.0"
"Site 7423,93.740711,17.958172,Pazundaung,Yangon,236,60,2.9"
"Site 7424,96.966550,21.273258,Hlaingthaya,Mandalay,350,120,6.4"
"Site 7425,93.828691,15.370277,Yankin,Kayin,297,65,1.7"
"Site 7426,98.193145,19.136605,Hlaingthaya,Yangon,205,60,6.6"
"Site 7427,97.853373,20.151888,Dagon,Magway,86,180,2.6"
"Site 7428,98.000921,20.630890,Kyauktada,Yangon,89,65,4.0"
"Site 7429,93.604299,18.437899,Mingalar Taung Nyunt,Ayeyarwady,79,180,1.3"
"Site 7430,94.151502,18.736705,Mingaladon,Ayeyarwady,153,65,4.9"
"Site 7431,98.401846,17.592018,Kyauktada,Yangon,53,45,3.8"
"Site 7432,98.499950,19.047490,North Okkalapa,Ayeyarwady,44,120,1.2"
"Site 7433,98.308554,19.911715,Thingangyun,Yangon,307,180,0.8"
"Site 7434,97.576147,20.449711,Seikkan,Bago,7,45,7.9"
"Site 7435,97.606646,20.015053,Dagon,Shan,153,120,7.8"
"Site 7436,98.650704,16.293790,Shwepyitha,Naypyidaw,216,65,3.1"
"Site 7437,97.339106,19.498855,North Okkalapa,Bago,355,45,4.3"
"Site 7438,93.328910,15.926994,Mingaladon,Mandalay,193,180,8.0"
"Site 7439,98.320173,15.467816,Kyauktada,Bago,113,45,6.2"
"Site 7440,94.120857,16.820365,Hlaingthaya,Kayin,308,45,0.7"
"Site 7441,94.109311,15.606435,Kamayut,Shan,101,65,5.7"
"Site 7442,97.982500,20.675589,Pazundaung,Naypyidaw,301,60,4.1"
"Site 7443,95.326104,21.927149,South Okkalapa,Sagaing,128,65,4.0"
"Site 7444,93.584195,17.314611,Yankin,Sagaing,178,120,4.3"
"Site 7445,96.328334,17.611433,Seikkan,Magway,116,180,6.6"
"Site 7446,95.672937,19.993275,Mingaladon,Mandalay,220,60,1.5"
"Site 7447,96.158441,16.402341,Dala,Sagaing,136,180,3.9"
"Site 7448,96.781268,19.598993,Shwepyitha,Yangon,29,180,2.2"
"Site 7449,98.353558,20.805975,Pazundaung,Ayeyarwady,317,90,1.9"
"Site 7450,95.535563,20.846399,Mingaladon,Sagaing,153,45,5.6"
"Site 7451,93.239807,16.772253,Mingalar Taung Nyunt,Kayin,345,60,7.7"
"Site 7452,94.584851,17.433681,Seikkan,Mon,316,180,6.8"
"Site 7453,95.836350,19.135484,North Okkalapa,Shan,14,120,7.3"
"Site 7454,98.445459,16.955163,Dagon,Yangon,81,65,1.9"
"Site 7455,97.179658,18.199771,Dagon,Mon,63,45,6.9"
"Site 7456,97.245831,19.915174,Hlaingthaya,Yangon,352,60,3.9"
"Site 7457,98.739869,18.372101,South Okkalapa,Bago,216,90,1.8"
"Site 7458,97.108611,16.298450,North Okkalapa,Ayeyarwady,212,60,0.7"
"Site 7459,96.510665,18.752119,Mingalar Taung Nyunt,Sagaing,216,90,2.0"
"Site 7460,96.654587,21.170844,Thingangyun,Naypyidaw,142,60,4.1"
"Site 7461,93.763017,19.723866,Kyauktada,Kayin,184,65,5.8"
"Site 7462,97.393909,21.108167,South Okkalapa,Shan,317,90,3.5"
"Site 7463,98.238998,15.744408,Kamayut,Magway,121,120,5.0"
"Site 7464,97.040653,19.392435,Botahtaung,Ayeyarwady,170,45,3.9"
"Site 7465,94.873790,21.793606,Mingaladon,Yangon,157,120,4.0"
"Site 7466,94.511230,18.196618,Seikkan,Mon,91,120,2.6"
"Site 7467,94.748098,18.836600,Botahtaung,Naypyidaw,97,180,3.7"
"Site 7468,93.597575,15.417066,South Okkalapa,Kayin,98,60,1.9"
"Site 7469,94.947385,19.725010,Insein,Ayeyarwady,268,90,0.9"
"Site 7470,97.360619,19.623480,Hlaing,Yangon,155,60,4.0"
"Site 7471,98.310077,18.467515,Hlaing,Yangon,235,120,3.6"
"Site 7472,94.290362,17.069194,Kamayut,Naypyidaw,28,60,7.0"
"Site 7473,97.853815,17.555741,Hlaingthaya,Sagaing,224,45,6.9"
"Site 7474,97.875351,15.772002,Kamayut,Ayeyarwady,224,90,1.2"
"Site 7475,98.233481,19.995028,Dagon,Mandalay,15,60,4.6"
"Site 7476,93.691166,20.000746,North Okkalapa,Mandalay,103,120,1.5"
"Site 7477,97.249694,16.353491,Dagon,Shan,310,45,6.2"
"Site 7478,93.217558,20.889551,Botahtaung,Magway,29,45,4.4"
"Site 7479,97.375685,19.772258,Dala,Magway,41,60,3.1"
"Site 7480,95.649390,17.317534,Mingaladon,Yangon,154,180,7.9"
"Site 7481,96.067690,20.894929,Yankin,Kayin,308,180,2.1"
"Site 7482,95.486419,16.014410,Dala,Shan,36,90,7.9"
"Site 7483,95.018702,18.164752,Dagon,Mon,54,45,7.9"
"Site 7484,96.797880,15.921805,Hlaingthaya,Naypyidaw,265,90,6.7"
"Site 7485,95.167878,17.406695,Insein,Sagaing,140,45,7.0"
"Site 7486,94.967064,15.411873,Hlaingthaya,Yangon,175,180,5.4"
"Site 7487,94.203158,20.900864,Thingangyun,Shan,344,90,1.5"
"Site 7488,95.808498,15.524909,Hlaing,Sagaing,312,60,5.7"
"Site 7489,97.712258,19.040714,Shwepyitha,Bago,29,45,3.9"
"Site 7490,95.789054,20.371002,Botahtaung,Yangon,156,65,6.2"
"Site 7491,98.187920,21.950250,South Okkalapa,Mandalay,317,45,7.9"
"Site 7492,95.960905,16.207523,Pazundaung,Naypyidaw,51,65,1.5"
"Site 7493,95.409207,16.446812,Yankin,Ayeyarwady,233,120,7.6"
"Site 7494,96.530687,17.879745,Thingangyun,Yangon,311,180,0.7"
"Site 7495,93.814966,19.574895,Dala,Shan,148,90,7.8"
"Site 7496,93.159885,21.863124,Mingaladon,Naypyidaw,186,180,4.5"
"Site 7497,98.905440,18.666011,Seikkan,Ayeyarwady,39,60,0.6"
"Site 7498,95.928450,18.327971,Mingalar Taung Nyunt,Kayin,113,180,2.3"
"Site 7499,96.682582,17.042054,Thingangyun,Bago,183,65,2.2"
"Site 7500,94.325792,19.061642,Mingalar Taung Nyunt,Magway,299,120,5.8"
"Site 7501,98.182898,15.674085,North Okkalapa,Sagaing,132,60,2.2"
"Site 7502,97.135166,21.417337,South Okkalapa,Magway,235,45,7.3"
"Site 7503,93.565452,17.218347,Dala,Shan,222,60,5.4"
"Site 7504,95.718104,17.349891,Pazundaung,Naypyidaw,342,120,0.9"
"Site 7505,93.751955,17.662299,Kamayut,Sagaing,175,90,6.3"
"Site 7506,98.712090,16.681410,Kamayut,Sagaing,54,90,8.0"
"Site 7507,97.817501,19.260207,Dagon,Naypyidaw,78,65,6.6"
"Site 7508,98.865470,20.085237,South Okkalapa,Shan,190,120,6.4"
"Site 7509,98.253728,17.611258,Hlaing,Mandalay,138,65,5.1"
"Site 7510,94.444108,15.289830,Pazundaung,Naypyidaw,193,65,6.8"
"Site 7511,97.802582,20.577546,Yankin,Yangon,151,180,5.2"
"Site 7512,95.609915,19.244933,Mingaladon,Kayin,185,90,5.2"
"Site 7513,96.073168,20.960022,Shwepyitha,Shan,10,45,3.2"
"Site 7514,94.505451,21.641816,North Okkalapa,Sagaing,111,45,3.6"
"Site 7515,94.740771,18.070347,Thingangyun,Sagaing,4,120,3.9"
"Site 7516,94.713046,21.165286,Dagon,Mon,22,180,1.0"
"Site 7517,96.140867,16.371923,Hlaing,Mandalay,346,45,6.8"
"Site 7518,93.370566,17.554089,Hlaingthaya,Yangon,168,120,6.8"
"Site 7519,94.467047,17.056274,Seikkan,Sagaing,242,65,2.6"
"Site 7520,96.289536,15.784358,Shwepyitha,Ayeyarwady,104,65,4.7"
"Site 7521,93.477782,15.955475,Botahtaung,Mon,162,120,2.4"
"Site 7522,96.751253,20.131584,Insein,Mandalay,179,180,3.3"
"Site 7523,93.532776,21.011140,Yankin,Naypyidaw,194,120,4.3"
"Site 7524,93.804872,15.666805,Kyauktada,Yangon,358,60,2.7"
"Site 7525,95.640881,19.733058,Insein,Sagaing,16,180,0.9"
"Site 7526,98.546235,21.507663,Botahtaung,Ayeyarwady,57,180,6.2"
"Site 7527,97.336453,18.725261,Mingaladon,Yangon,119,120,5.5"
"Site 7528,93.220686,18.373542,Kamayut,Mon,106,90,5.8"
"Site 7529,93.888417,15.750880,Hlaingthaya,Sagaing,345,120,1.0"
"Site 7530,96.633805,19.462204,Yankin,Ayeyarwady,300,60,3.3"
"Site 7531,97.026032,19.854680,Kyauktada,Mon,327,65,7.2"
"Site 7532,97.763230,17.350316,Yankin,Shan,274,60,3.4"
"Site 7533,97.116514,20.283633,Yankin,Mandalay,220,120,3.5"
"Site 7534,93.423751,20.485677,Dala,Yangon,239,120,2.9"
"Site 7535,94.849919,18.365859,Mayangone,Yangon,280,90,7.2"
"Site 7536,94.759145,16.930012,Thingangyun,Bago,352,60,4.5"
"Site 7537,94.848439,15.333238,Insein,Magway,93,120,1.8"
"Site 7538,97.756426,16.115317,Thingangyun,Kayin,322,90,1.9"
"Site 7539,93.407645,16.768633,Dala,Naypyidaw,85,180,3.0"
"Site 7540,95.157792,20.944298,Kamayut,Mandalay,329,120,3.3"
"Site 7541,93.223222,21.373099,North Okkalapa,Bago,334,180,7.8"
"Site 7542,93.929500,19.958341,Mayangone,Mandalay,181,45,7.8"
"Site 7543,95.551425,20.892432,Shwepyitha,Ayeyarwady,203,180,1.0"
"Site 7544,93.920915,21.432568,Hlaing,Sagaing,247,45,5.6"
"Site 7545,96.928546,15.772059,South Okkalapa,Naypyidaw,329,45,2.8"
"Site 7546,97.213820,21.457456,Pazundaung,Sagaing,340,65,6.0"
"Site 7547,97.935494,16.225561,Dala,Mandalay,126,65,3.3"
"Site 7548,96.664350,18.780549,Botahtaung,Yangon,90,120,6.4"
"Site 7549,97.460224,21.138667,Hlaingthaya,Sagaing,275,90,0.9"
"Site 7550,94.581867,18.713122,Hlaing,Mandalay,15,180,3.5"
"Site 7551,95.228777,19.698974,Mingalar Taung Nyunt,Magway,72,45,2.7"
"Site 7552,97.348409,19.649655,Thingangyun,Kayin,40,120,1.1"
"Site 7553,93.193924,17.101075,Yankin,Yangon,211,180,0.9"
"Site 7554,98.108742,21.316067,Thingangyun,Sagaing,266,180,2.8"
"Site 7555,93.562262,15.944680,Hlaing,Yangon,43,65,7.1"
"Site 7556,93.230294,16.847868,Mingalar Taung Nyunt,Magway,325,180,4.1"
"Site 7557,96.060400,21.441900,Hlaing,Shan,142,45,3.5"
"Site 7558,96.328906,19.542074,Shwepyitha,Yangon,18,90,5.4"
"Site 7559,93.636232,21.709652,Kamayut,Mandalay,98,180,6.2"
"Site 7560,93.311384,17.442171,Shwepyitha,Mandalay,305,180,7.4"
"Site 7561,93.986587,19.723645,Yankin,Magway,3,180,6.1"
"Site 7562,95.488620,15.491972,South Okkalapa,Magway,37,90,0.7"
"Site 7563,98.651847,17.522552,South Okkalapa,Sagaing,285,45,5.5"
"Site 7564,95.099019,16.615614,Botahtaung,Yangon,122,60,0.8"
"Site 7565,95.031824,18.559402,North Okkalapa,Mandalay,152,180,3.4"
"Site 7566,97.581867,19.018485,Mayangone,Bago,89,90,7.2"
"Site 7567,98.806827,19.185353,Botahtaung,Sagaing,270,65,0.8"
"Site 7568,98.470690,16.420978,Mingalar Taung Nyunt,Mandalay,18,65,5.0"
"Site 7569,93.731020,19.910139,Dala,Ayeyarwady,220,65,6.5"
"Site 7570,93.518578,21.818680,Shwepyitha,Ayeyarwady,187,65,2.3"
"Site 7571,98.789962,20.117300,Dagon,Shan,114,90,6.3"
"Site 7572,93.416058,16.302967,Shwepyitha,Kayin,250,90,7.1"
"Site 7573,95.710411,21.606436,Thingangyun,Shan,134,120,7.0"
"Site 7574,96.567515,16.494561,Insein,Kayin,301,120,2.8"
"Site 7575,96.755462,20.179281,Mingalar Taung Nyunt,Sagaing,105,65,5.2"
"Site 7576,94.952769,17.467127,Shwepyitha,Ayeyarwady,303,45,0.8"
"Site 7577,94.213810,15.040578,Insein,Kayin,321,45,7.1"
"Site 7578,93.941041,17.496347,Mingaladon,Kayin,28,45,1.7"
"Site 7579,97.918537,16.433385,Mingaladon,Bago,303,180,5.8"
"Site 7580,98.673661,15.446293,Seikkan,Shan,316,120,3.9"
"Site 7581,96.935050,20.725674,South Okkalapa,Shan,165,180,7.5"
"Site 7582,96.857523,17.719685,Mingalar Taung Nyunt,Bago,176,180,1.9"
"Site 7583,98.196495,18.494601,Mingaladon,Bago,166,65,7.8"
"Site 7584,93.387796,15.059227,Mingaladon,Ayeyarwady,33,65,6.6"
"Site 7585,95.535590,18.406504,Mingaladon,Yangon,276,45,1.2"
"Site 7586,95.830825,18.719699,Dala,Magway,62,60,2.1"
"Site 7587,98.271494,21.968662,Thingangyun,Naypyidaw,14,60,3.7"
"Site 7588,97.475229,15.301334,Dala,Mon,300,120,7.3"
"Site 7589,98.954435,21.541077,North Okkalapa,Shan,325,60,6.0"
"Site 7590,94.111340,20.402976,Hlaingthaya,Bago,189,60,1.3"
"Site 7591,93.388891,20.802049,Seikkan,Sagaing,271,45,7.1"
"Site 7592,94.883123,20.770507,Shwepyitha,Mon,244,60,7.5"
"Site 7593,97.009857,20.858328,Insein,Kayin,283,65,7.6"
"Site 7594,98.419662,16.573227,Dala,Mon,77,60,5.0"
"Site 7595,93.206282,17.538339,North Okkalapa,Ayeyarwady,256,60,3.3"
"Site 7596,93.032873,15.387230,Shwepyitha,Mandalay,44,90,7.4"
"Site 7597,97.913151,21.724522,Mayangone,Bago,290,60,7.5"
"Site 7598,97.273104,21.856276,Thingangyun,Sagaing,64,65,4.1"
"Site 7599,98.687066,18.897426,Thingangyun,Mandalay,212,45,3.2"
"Site 7600,94.077466,16.094856,Botahtaung,Ayeyarwady,141,90,5.8"
"Site 7601,96.280234,16.218327,North Okkalapa,Shan,116,45,8.0"
"Site 7602,96.601168,17.634014,Shwepyitha,Bago,118,90,3.4"
"Site 7603,96.421556,18.738704,North Okkalapa,Bago,322,65,4.7"
"Site 7604,96.265917,19.200449,Pazundaung,Bago,25,60,2.2"
"Site 7605,95.010380,17.653147,Botahtaung,Mandalay,318,45,7.8"
"Site 7606,98.775201,20.488179,South Okkalapa,Magway,100,90,1.6"
"Site 7607,96.686256,15.948828,Mayangone,Kayin,15,45,3.6"
"Site 7608,98.066080,21.301455,Pazundaung,Mon,244,45,0.6"
"Site 7609,98.755203,20.260065,Seikkan,Ayeyarwady,69,120,3.6"
"Site 7610,97.834073,18.615078,Dala,Shan,145,120,4.9"
"Site 7611,94.829063,21.646050,Seikkan,Bago,274,65,5.3"
"Site 7612,93.157751,21.493843,Mayangone,Kayin,119,60,2.9"
"Site 7613,98.961279,20.749168,Hlaing,Magway,10,45,4.4"
"Site 7614,94.808734,18.182820,Pazundaung,Naypyidaw,68,90,6.3"
"Site 7615,93.882798,15.400734,Mingaladon,Magway,233,90,1.3"
"Site 7616,94.276710,20.473630,Mingaladon,Mon,141,65,3.6"
"Site 7617,93.720517,21.688164,Mingaladon,Naypyidaw,42,180,5.9"
"Site 7618,96.880119,16.003586,Dagon,Sagaing,134,60,1.0"
"Site 7619,96.851956,21.827632,Seikkan,Mandalay,147,180,1.1"
"Site 7620,97.926427,20.218447,Kyauktada,Bago,41,180,7.7"
"Site 7621,95.279368,20.582672,Shwepyitha,Naypyidaw,323,180,3.2"
"Site 7622,94.176245,18.985576,Pazundaung,Mon,177,45,2.5"
"Site 7623,96.870431,16.142266,Pazundaung,Bago,66,180,5.8"
"Site 7624,93.701419,20.270162,Kyauktada,Ayeyarwady,211,65,6.2"
"Site 7625,98.335919,21.165519,Kamayut,Magway,138,90,6.8"
"Site 7626,93.643865,17.710497,Kamayut,Kayin,309,180,4.6"
"Site 7627,95.641890,18.743019,Dala,Mon,303,90,7.0"
"Site 7628,96.817758,21.946909,Dagon,Kayin,20,60,5.4"
"Site 7629,97.229559,18.225309,Mingaladon,Shan,32,120,6.9"
"Site 7630,93.935758,21.381510,Mingaladon,Mon,309,45,4.3"
"Site 7631,98.902069,17.829474,Insein,Naypyidaw,261,120,3.0"
"Site 7632,98.852538,15.152212,Botahtaung,Ayeyarwady,294,90,7.8"
"Site 7633,94.735699,21.632710,North Okkalapa,Kayin,89,60,7.8"
"Site 7634,93.195956,20.798666,North Okkalapa,Magway,14,180,7.8"
"Site 7635,95.907274,16.344673,Shwepyitha,Shan,42,180,0.5"
"Site 7636,98.474379,16.489386,Yankin,Yangon,99,180,5.0"
"Site 7637,96.624678,18.689863,Mayangone,Mon,127,65,3.8"
"Site 7638,94.341131,15.672189,Hlaing,Kayin,253,120,5.6"
"Site 7639,93.342246,18.884375,Botahtaung,Bago,223,180,6.2"
"Site 7640,98.208714,19.520285,Mingalar Taung Nyunt,Yangon,88,180,3.6"
"Site 7641,94.990385,21.142573,Pazundaung,Mandalay,212,120,8.0"
"Site 7642,95.568916,20.849853,Kyauktada,Naypyidaw,39,60,5.5"
"Site 7643,97.938734,16.248393,Dagon,Naypyidaw,59,90,3.2"
"Site 7644,97.609334,21.662623,Kamayut,Magway,168,180,4.9"
"Site 7645,95.071331,19.690651,Kamayut,Magway,162,45,2.1"
"Site 7646,95.760514,16.225449,Dala,Bago,55,65,6.3"
"Site 7647,93.710872,17.732925,Shwepyitha,Bago,98,45,1.0"
"Site 7648,97.587826,17.426853,Mingalar Taung Nyunt,Magway,290,90,7.9"
"Site 7649,94.351739,17.174427,Kyauktada,Yangon,27,90,3.5"
"Site 7650,96.390812,19.298789,Mingaladon,Shan,291,65,2.4"
"Site 7651,96.450372,21.453986,Hlaing,Ayeyarwady,179,90,3.9"
"Site 7652,98.391918,15.510894,Yankin,Naypyidaw,85,90,1.6"
"Site 7653,95.422368,17.861758,Pazundaung,Ayeyarwady,24,120,6.5"
"Site 7654,94.033399,16.025636,Hlaing,Sagaing,214,45,1.0"
"Site 7655,93.612877,20.277599,Shwepyitha,Shan,179,60,1.8"
"Site 7656,97.752530,18.620635,Mayangone,Magway,112,45,1.7"
"Site 7657,98.264675,20.729236,Mingalar Taung Nyunt,Naypyidaw,314,120,7.0"
"Site 7658,96.973406,20.691043,South Okkalapa,Shan,306,90,7.0"
"Site 7659,98.963534,20.704768,Pazundaung,Kayin,336,60,2.3"
"Site 7660,93.052546,17.857244,North Okkalapa,Magway,45,90,1.5"
"Site 7661,98.978379,21.895913,Dagon,Ayeyarwady,157,120,2.9"
"Site 7662,94.358305,15.942170,Kamayut,Shan,228,180,6.1"
"Site 7663,96.149786,19.674263,Mayangone,Mandalay,182,180,3.0"
"Site 7664,96.165352,15.049928,Yankin,Ayeyarwady,331,90,2.9"
"Site 7665,95.548106,20.868071,Mingalar Taung Nyunt,Sagaing,233,60,4.4"
"Site 7666,96.055567,18.739701,South Okkalapa,Sagaing,69,60,1.9"
"Site 7667,98.644276,19.555629,Thingangyun,Kayin,337,45,3.0"
"Site 7668,95.682274,15.747964,Mayangone,Naypyidaw,324,180,1.2"
"Site 7669,96.241992,15.193255,Hlaing,Bago,205,120,5.9"
"Site 7670,93.956358,20.101519,North Okkalapa,Mandalay,281,60,4.6"
"Site 7671,97.868762,17.140921,Pazundaung,Sagaing,132,65,7.5"
"Site 7672,96.945402,16.712175,Insein,Shan,67,60,3.2"
"Site 7673,98.251994,20.379825,Seikkan,Ayeyarwady,91,65,5.6"
"Site 7674,96.617838,20.395612,Dagon,Ayeyarwady,288,90,6.8"
"Site 7675,93.879760,18.973467,Yankin,Yangon,207,90,3.0"
"Site 7676,96.095416,19.631195,Seikkan,Ayeyarwady,317,180,6.0"
"Site 7677,97.667809,20.674943,Shwepyitha,Ayeyarwady,240,45,1.9"
"Site 7678,94.480882,15.640427,Seikkan,Mandalay,277,45,7.9"
"Site 7679,94.742474,19.424111,Yankin,Kayin,306,60,3.7"
"Site 7680,95.523384,20.378593,Mayangone,Sagaing,12,90,6.8"
"Site 7681,96.010122,21.460294,Seikkan,Sagaing,60,180,2.1"
"Site 7682,96.975346,20.137342,Botahtaung,Bago,276,60,4.0"
"Site 7683,98.698707,16.582312,Dala,Mon,298,120,3.4"
"Site 7684,93.239489,19.338737,Shwepyitha,Mon,359,180,2.4"
"Site 7685,97.748851,21.761573,North Okkalapa,Ayeyarwady,300,90,3.0"
"Site 7686,98.990080,16.345401,Shwepyitha,Kayin,203,120,2.6"
"Site 7687,93.411275,17.119801,South Okkalapa,Bago,43,60,2.7"
"Site 7688,94.511991,18.523121,Dala,Mon,307,45,3.4"
"Site 7689,96.193787,18.675676,Yankin,Mandalay,89,90,7.2"
"Site 7690,98.998576,19.059224,South Okkalapa,Mon,110,60,7.8"
"Site 7691,98.830147,18.586670,Hlaingthaya,Shan,280,65,0.9"
"Site 7692,93.845852,15.451249,Hlaing,Magway,35,120,3.2"
"Site 7693,97.454356,18.798925,Kyauktada,Yangon,131,65,4.3"
"Site 7694,96.407859,15.210114,Dagon,Naypyidaw,222,90,5.1"
"Site 7695,98.029967,20.151468,South Okkalapa,Magway,0,60,3.2"
"Site 7696,93.924944,17.005458,Kyauktada,Bago,155,65,4.4"
"Site 7697,98.621443,19.528548,Mingalar Taung Nyunt,Mandalay,185,120,1.8"
"Site 7698,93.844516,15.683225,Shwepyitha,Mandalay,32,60,7.2"
"Site 7699,96.795776,20.139614,Pazundaung,Bago,323,120,7.3"
"Site 7700,97.220010,16.406382,Thingangyun,Mon,54,120,0.9"
"Site 7701,97.174820,21.665142,South Okkalapa,Bago,267,45,5.3"
"Site 7702,97.727488,15.069169,Mingaladon,Bago,102,180,4.9"
"Site 7703,94.782829,20.515419,Hlaing,Shan,1,90,7.8"
"Site 7704,98.611137,20.292230,Botahtaung,Yangon,339,120,5.9"
"Site 7705,98.724816,19.415988,Shwepyitha,Yangon,300,45,4.1"
"Site 7706,93.739274,16.781957,Kamayut,Yangon,141,120,2.4"
"Site 7707,93.784274,15.684472,Dala,Naypyidaw,72,65,2.9"
"Site 7708,98.607669,20.003719,Kyauktada,Mon,200,60,6.9"
"Site 7709,94.367499,20.740778,Thingangyun,Kayin,84,45,0.6"
"Site 7710,98.207551,18.295997,Hlaing,Shan,83,120,4.2"
"Site 7711,93.081211,17.361554,Insein,Mon,31,90,3.6"
"Site 7712,95.714904,17.863296,Hlaing,Sagaing,149,120,0.9"
"Site 7713,93.931081,18.176616,Dala,Magway,305,65,1.9"
"Site 7714,98.852119,17.318979,Kyauktada,Shan,104,65,7.9"
"Site 7715,93.448672,16.596100,Yankin,Shan,156,90,7.9"
"Site 7716,98.691237,19.629504,Yankin,Yangon,326,120,3.0"
"Site 7717,95.238857,19.009398,Mingalar Taung Nyunt,Mon,193,60,4.6"
"Site 7718,97.874284,18.763385,Seikkan,Naypyidaw,286,180,3.9"
"Site 7719,97.985407,19.104007,South Okkalapa,Shan,150,90,4.7"
"Site 7720,93.899161,17.822073,Shwepyitha,Bago,302,90,7.3"
"Site 7721,97.860356,19.933562,Kamayut,Mon,158,60,3.1"
"Site 7722,95.873529,16.835480,North Okkalapa,Bago,253,45,4.8"
"Site 7723,94.410782,15.669806,Seikkan,Yangon,198,45,6.1"
"Site 7724,94.835288,17.034038,Yankin,Mandalay,267,180,6.2"
"Site 7725,94.398549,17.246928,Shwepyitha,Naypyidaw,48,180,5.8"
"Site 7726,94.075962,20.500394,Yankin,Sagaing,348,180,6.9"
"Site 7727,93.685956,21.581213,Botahtaung,Ayeyarwady,211,60,7.3"
"Site 7728,93.167687,17.283259,Dagon,Yangon,324,65,7.9"
"Site 7729,95.879429,16.309781,Dala,Ayeyarwady,237,90,0.5"
"Site 7730,95.881441,18.708699,Kyauktada,Kayin,159,45,4.7"
"Site 7731,97.634151,20.788761,Dala,Naypyidaw,118,65,4.3"
"Site 7732,93.465074,18.463354,Seikkan,Magway,244,90,3.6"
"Site 7733,93.060534,21.076398,Dagon,Naypyidaw,34,45,4.3"
"Site 7734,95.662365,17.638170,Mingaladon,Yangon,194,120,2.4"
"Site 7735,97.568455,17.614456,Shwepyitha,Kayin,189,120,5.5"
"Site 7736,96.429557,19.578982,Dagon,Sagaing,23,45,2.5"
"Site 7737,96.302854,21.307781,Hlaingthaya,Shan,271,65,7.2"
"Site 7738,95.344966,16.197915,Mingalar Taung Nyunt,Mon,119,45,6.1"
"Site 7739,96.363608,16.830982,South Okkalapa,Ayeyarwady,68,120,5.9"
"Site 7740,97.950715,20.895026,Mayangone,Ayeyarwady,148,180,1.1"
"Site 7741,96.780795,17.142779,Dala,Kayin,22,120,7.5"
"Site 7742,95.619150,20.257757,Botahtaung,Yangon,228,120,6.9"
"Site 7743,97.771747,17.661807,Insein,Magway,355,120,4.2"
"Site 7744,96.113776,21.395791,Kyauktada,Magway,316,60,2.7"
"Site 7745,95.308508,21.980179,Pazundaung,Mandalay,304,60,6.6"
"Site 7746,96.560112,19.479101,Hlaing,Yangon,310,90,3.7"
"Site 7747,94.826136,18.891461,Hlaingthaya,Kayin,0,120,2.8"
"Site 7748,94.552781,20.233996,Kamayut,Bago,66,120,6.8"
"Site 7749,97.068188,18.231754,Insein,Ayeyarwady,148,65,3.1"
"Site 7750,94.169915,16.670531,Hlaingthaya,Kayin,124,180,1.4"
"Site 7751,95.054722,18.771153,Kyauktada,Sagaing,197,60,3.4"
"Site 7752,94.865333,16.596619,Hlaingthaya,Sagaing,319,90,7.4"
"Site 7753,93.801528,19.581126,Hlaing,Bago,217,90,7.7"
"Site 7754,96.893025,18.723538,Kyauktada,Sagaing,216,45,5.0"
"Site 7755,94.861438,18.337978,South Okkalapa,Sagaing,257,60,4.9"
"Site 7756,94.393154,18.692457,Hlaingthaya,Mandalay,130,120,3.4"
"Site 7757,96.275322,20.975072,Dala,Magway,34,45,1.9"
"Site 7758,93.920590,19.070804,Yankin,Shan,356,45,3.2"
"Site 7759,96.273709,21.700079,Mingaladon,Sagaing,310,60,2.2"
"Site 7760,96.471868,19.029314,South Okkalapa,Naypyidaw,155,120,6.7"
"Site 7761,95.671668,16.154669,Hlaing,Magway,268,45,2.5"
"Site 7762,96.198374,15.162405,Mingaladon,Naypyidaw,110,45,3.0"
"Site 7763,95.858370,20.945709,Pazundaung,Kayin,261,60,6.7"
"Site 7764,94.047388,19.895022,Hlaing,Bago,222,180,5.3"
"Site 7765,98.041760,18.414268,Yankin,Naypyidaw,198,60,3.6"
"Site 7766,97.393175,21.102673,Hlaingthaya,Magway,339,45,3.0"
"Site 7767,98.396248,17.376438,Kamayut,Sagaing,121,45,1.4"
"Site 7768,93.593904,20.286398,Kamayut,Shan,51,60,1.8"
"Site 7769,93.090578,19.603022,North Okkalapa,Mandalay,269,60,4.0"
"Site 7770,98.891717,15.494644,Hlaing,Sagaing,95,60,6.6"
"Site 7771,93.442509,16.760246,Dala,Mon,99,65,7.9"
"Site 7772,97.059902,20.821626,North Okkalapa,Bago,291,180,6.2"
"Site 7773,95.006396,21.443634,Botahtaung,Bago,128,60,2.8"
"Site 7774,93.110066,17.192265,Hlaing,Ayeyarwady,38,65,6.9"
"Site 7775,94.549906,18.968998,Seikkan,Mon,307,65,3.8"
"Site 7776,93.148622,20.496136,Hlaing,Sagaing,34,60,0.8"
"Site 7777,95.679905,18.989677,Insein,Mon,191,120,2.2"
"Site 7778,97.931577,16.789694,Yankin,Mon,248,45,4.1"
"Site 7779,93.236065,20.418293,Shwepyitha,Sagaing,4,90,5.4"
"Site 7780,93.816349,16.345153,Mingalar Taung Nyunt,Naypyidaw,64,180,6.4"
"Site 7781,95.233639,16.044454,Kamayut,Kayin,64,65,4.0"
"Site 7782,96.747970,15.318381,Insein,Yangon,129,45,7.8"
"Site 7783,95.982852,18.537320,Thingangyun,Mon,152,45,5.5"
"Site 7784,94.942815,16.498997,Dala,Bago,72,120,0.6"
"Site 7785,94.874761,15.584687,Thingangyun,Naypyidaw,140,45,0.6"
"Site 7786,93.834744,18.869260,Mingaladon,Shan,302,120,3.1"
"Site 7787,93.747737,18.523831,Kyauktada,Mon,317,60,4.9"
"Site 7788,93.080474,16.531399,Hlaingthaya,Kayin,90,90,6.4"
"Site 7789,94.509911,21.694248,Shwepyitha,Kayin,127,180,5.9"
"Site 7790,97.732993,21.763893,Kamayut,Shan,58,60,4.6"
"Site 7791,98.148777,20.515719,Dagon,Yangon,39,60,5.0"
"Site 7792,94.058678,20.920161,Kamayut,Mandalay,292,90,1.6"
"Site 7793,96.142782,19.869212,Thingangyun,Yangon,79,45,3.8"
"Site 7794,98.003094,21.721423,Kamayut,Yangon,48,180,1.0"
"Site 7795,94.062462,19.919507,Seikkan,Sagaing,295,120,7.8"
"Site 7796,97.921097,18.059193,Thingangyun,Sagaing,50,45,6.7"
"Site 7797,94.602195,18.669254,Pazundaung,Sagaing,178,90,1.0"
"Site 7798,93.943852,15.964978,Botahtaung,Mandalay,63,45,4.8"
"Site 7799,93.209816,16.822062,Mayangone,Bago,52,65,6.5"
"Site 7800,94.898166,18.739564,Mayangone,Yangon,169,65,8.0"
"Site 7801,95.777311,16.034735,Hlaingthaya,Sagaing,282,60,5.3"
"Site 7802,94.273843,18.298819,Pazundaung,Kayin,4,180,1.7"
"Site 7803,97.741826,17.700028,Dagon,Shan,342,65,4.5"
"Site 7804,93.932348,15.923455,Hlaing,Magway,90,90,1.0"
"Site 7805,95.000863,18.937041,Dala,Bago,226,65,5.0"
"Site 7806,93.271713,17.409405,Dala,Mon,57,60,4.9"
"Site 7807,97.597962,21.368779,Pazundaung,Kayin,115,45,1.2"
"Site 7808,98.270830,16.387851,Botahtaung,Bago,9,45,3.4"
"Site 7809,97.402904,16.039612,Mingaladon,Ayeyarwady,288,65,0.6"
"Site 7810,93.510860,15.935903,Insein,Kayin,166,180,2.6"
"Site 7811,96.012454,18.746084,Mingaladon,Magway,264,90,3.2"
"Site 7812,98.066377,15.599102,Hlaingthaya,Magway,180,90,5.7"
"Site 7813,95.685637,16.174373,Yankin,Yangon,165,180,5.0"
"Site 7814,95.648890,15.377619,Thingangyun,Mandalay,316,90,3.1"
"Site 7815,95.047110,20.721124,Shwepyitha,Yangon,146,45,0.5"
"Site 7816,93.361780,16.178678,Yankin,Kayin,286,180,6.4"
"Site 7817,98.274522,21.809728,Pazundaung,Magway,347,45,6.1"
"Site 7818,96.326839,19.906436,Dala,Mon,134,120,2.8"
"Site 7819,96.733886,19.560540,Dagon,Mon,73,90,4.9"
"Site 7820,94.360075,19.449091,Kyauktada,Bago,172,180,7.4"
"Site 7821,94.011670,18.575013,Kamayut,Shan,331,45,1.6"
"Site 7822,98.952460,16.447656,Mingalar Taung Nyunt,Shan,77,120,5.2"
"Site 7823,96.019366,20.576204,Pazundaung,Yangon,104,65,4.9"
"Site 7824,96.550518,15.994797,Yankin,Mon,242,180,6.3"
"Site 7825,96.390049,18.667748,Dala,Sagaing,255,120,4.2"
"Site 7826,97.753043,18.955896,Mingaladon,Mon,85,45,1.6"
"Site 7827,96.979599,16.108819,Mingalar Taung Nyunt,Sagaing,37,180,3.7"
"Site 7828,95.064207,18.859847,Hlaingthaya,Naypyidaw,249,90,1.5"
"Site 7829,97.740240,17.987740,Insein,Ayeyarwady,301,60,2.4"
"Site 7830,94.346185,17.393456,South Okkalapa,Mon,105,60,6.8"
"Site 7831,96.785037,17.746298,Insein,Shan,268,120,7.7"
"Site 7832,98.954714,16.656828,Dala,Sagaing,74,90,6.6"
"Site 7833,96.707290,17.681256,Hlaing,Yangon,54,90,4.8"
"Site 7834,93.395996,15.771673,Yankin,Mandalay,46,45,5.4"
"Site 7835,97.864299,19.197556,Thingangyun,Mon,193,45,2.9"
"Site 7836,96.562066,18.348953,Pazundaung,Shan,91,120,1.5"
"Site 7837,97.479407,20.588614,Insein,Mon,291,120,7.0"
"Site 7838,97.765202,21.389825,Mayangone,Naypyidaw,16,60,6.4"
"Site 7839,96.486748,16.711204,Kamayut,Kayin,274,45,1.2"
"Site 7840,93.200805,20.985449,Hlaing,Kayin,62,120,1.7"
"Site 7841,93.209730,18.038102,Mingalar Taung Nyunt,Mandalay,2,180,6.6"
"Site 7842,95.459107,17.398135,Mingalar Taung Nyunt,Naypyidaw,264,65,0.9"
"Site 7843,97.361525,15.950859,South Okkalapa,Sagaing,62,65,7.4"
"Site 7844,98.226747,15.597414,South Okkalapa,Mandalay,271,90,3.9"
"Site 7845,95.366201,15.944911,Thingangyun,Shan,12,60,0.7"
"Site 7846,94.611273,19.179835,Yankin,Sagaing,80,120,7.8"
"Site 7847,96.879347,16.941073,South Okkalapa,Mandalay,211,60,4.2"
"Site 7848,95.019287,20.384883,Hlaing,Mandalay,117,90,7.1"
"Site 7849,96.320866,16.323204,Mingalar Taung Nyunt,Sagaing,182,45,2.0"
"Site 7850,94.717469,17.183886,Dala,Mon,96,120,3.8"
"Site 7851,98.911648,15.192654,North Okkalapa,Magway,254,60,6.6"
"Site 7852,95.195533,16.224782,Dala,Yangon,224,120,2.1"
"Site 7853,94.796969,16.083266,Shwepyitha,Kayin,322,120,5.8"
"Site 7854,95.643640,18.877039,Kamayut,Kayin,112,65,3.5"
"Site 7855,95.252655,15.481399,Mingaladon,Ayeyarwady,316,90,7.3"
"Site 7856,94.553563,16.097756,Kyauktada,Mandalay,12,65,7.3"
"Site 7857,97.132080,20.432471,South Okkalapa,Sagaing,78,65,4.8"
"Site 7858,98.361328,16.298947,Kamayut,Sagaing,290,45,2.3"
"Site 7859,98.250322,20.724772,Mingalar Taung Nyunt,Ayeyarwady,18,65,2.2"
"Site 7860,98.519782,17.873348,Botahtaung,Mon,58,90,1.4"
"Site 7861,98.546145,16.628628,Dala,Yangon,191,60,1.2"
"Site 7862,93.933140,16.911195,South Okkalapa,Mandalay,124,45,6.8"
"Site 7863,97.783532,16.715716,Dala,Shan,214,65,2.5"
"Site 7864,97.508536,18.167807,Yankin,Yangon,1,90,3.5"
"Site 7865,97.038582,19.894930,Thingangyun,Mon,147,60,5.1"
"Site 7866,97.660309,16.873379,Yankin,Naypyidaw,316,120,7.1"
"Site 7867,94.233116,20.063559,South Okkalapa,Naypyidaw,324,45,5.9"
"Site 7868,97.758384,17.575449,Dala,Sagaing,154,60,6.7"
"Site 7869,95.466336,19.838788,Kamayut,Ayeyarwady,49,45,8.0"
"Site 7870,93.780528,17.893954,Dala,Mandalay,15,60,8.0"
"Site 7871,94.534620,21.393428,Pazundaung,Yangon,163,120,5.4"
"Site 7872,95.990744,16.954138,Yankin,Mandalay,318,45,6.3"
"Site 7873,96.140388,18.257047,Hlaingthaya,Mon,139,90,3.7"
"Site 7874,95.656142,16.850869,Thingangyun,Bago,312,60,3.9"
"Site 7875,95.380112,20.562432,Mayangone,Magway,293,90,7.6"
"Site 7876,96.199385,19.272150,Yankin,Kayin,185,120,7.3"
"Site 7877,97.887811,17.318759,Thingangyun,Naypyidaw,262,180,3.7"
"Site 7878,98.274551,19.510651,Insein,Ayeyarwady,197,45,3.5"
"Site 7879,94.775700,20.011593,Dala,Sagaing,173,120,5.7"
"Site 7880,98.958665,15.048062,Shwepyitha,Kayin,105,45,1.4"
"Site 7881,93.738026,16.264646,Seikkan,Kayin,203,45,5.9"
"Site 7882,98.515309,18.532381,Pazundaung,Magway,97,180,2.0"
"Site 7883,98.066995,19.878015,Mingalar Taung Nyunt,Sagaing,10,90,4.4"
"Site 7884,95.175318,21.442532,Dala,Mon,63,180,1.5"
"Site 7885,93.789315,18.129512,Mayangone,Ayeyarwady,140,180,7.3"
"Site 7886,95.024431,18.910132,Seikkan,Kayin,182,90,3.4"
"Site 7887,95.586354,20.263779,Insein,Ayeyarwady,16,90,6.5"
"Site 7888,97.601295,20.163816,South Okkalapa,Magway,199,65,0.7"
"Site 7889,95.284169,15.764293,Mingaladon,Shan,238,65,4.6"
"Site 7890,93.217119,16.002046,Kamayut,Mon,355,120,7.8"
"Site 7891,98.161495,21.968354,Mayangone,Shan,314,45,1.6"
"Site 7892,96.853118,15.964448,Mingaladon,Sagaing,336,90,0.5"
"Site 7893,94.133363,19.667495,Pazundaung,Shan,262,45,4.2"
"Site 7894,98.571608,17.500840,Kamayut,Yangon,33,180,3.5"
"Site 7895,98.868731,15.369156,Hlaingthaya,Naypyidaw,293,45,2.6"
"Site 7896,95.445713,20.334224,Yankin,Mandalay,102,45,3.1"
"Site 7897,93.458458,15.041677,South Okkalapa,Kayin,280,120,7.9"
"Site 7898,95.926381,21.853869,Kamayut,Magway,1,90,6.8"
"Site 7899,95.731655,15.912452,Hlaing,Shan,134,120,1.7"
"Site 7900,97.602328,21.305844,Yankin,Mandalay,173,60,3.2"
"Site 7901,95.615730,20.448698,Dala,Kayin,226,45,5.9"
"Site 7902,98.455098,19.769188,Mayangone,Sagaing,204,65,2.5"
"Site 7903,96.307123,17.197456,North Okkalapa,Ayeyarwady,35,180,3.0"
"Site 7904,95.915022,15.574928,Thingangyun,Ayeyarwady,121,120,6.0"
"Site 7905,97.016158,18.608214,Mayangone,Magway,230,60,1.3"
"Site 7906,98.539019,16.339078,Seikkan,Yangon,283,45,5.6"
"Site 7907,95.743950,16.232821,Dagon,Mandalay,23,60,7.7"
"Site 7908,94.576102,16.576688,Botahtaung,Ayeyarwady,301,45,3.8"
"Site 7909,98.950224,16.606738,Shwepyitha,Mon,38,65,1.2"
"Site 7910,98.706159,17.792605,Kamayut,Shan,349,45,5.2"
"Site 7911,96.940821,15.197655,Hlaing,Mon,26,120,6.3"
"Site 7912,95.244516,17.455744,Hlaingthaya,Ayeyarwady,71,180,3.5"
"Site 7913,98.845077,15.963316,Dagon,Kayin,283,45,1.8"
"Site 7914,97.951412,17.502225,Dala,Magway,141,180,2.5"
"Site 7915,95.484406,17.716340,Kamayut,Magway,334,120,2.7"
"Site 7916,97.069924,16.659016,Mingaladon,Kayin,321,45,5.0"
"Site 7917,96.866342,17.715789,Dagon,Naypyidaw,143,180,3.4"
"Site 7918,94.902476,21.141605,Kamayut,Mandalay,210,90,7.8"
"Site 7919,98.813517,20.101793,Hlaing,Kayin,234,60,7.9"
"Site 7920,94.334166,16.112331,Kamayut,Bago,37,120,7.8"
"Site 7921,97.426814,18.304484,Insein,Ayeyarwady,203,120,3.6"
"Site 7922,96.869279,18.688765,Mingalar Taung Nyunt,Mon,264,180,2.3"
"Site 7923,97.749839,15.087043,South Okkalapa,Mon,296,120,7.0"
"Site 7924,96.602518,15.991085,Kamayut,Yangon,32,120,4.4"
"Site 7925,96.125273,17.177013,Mingaladon,Ayeyarwady,269,90,7.9"
"Site 7926,98.152542,18.095551,South Okkalapa,Shan,83,90,5.5"
"Site 7927,93.831226,16.006363,Botahtaung,Yangon,335,120,6.5"
"Site 7928,96.067597,21.914884,Pazundaung,Sagaing,261,60,3.4"
"Site 7929,94.936163,20.809444,Kamayut,Sagaing,299,180,0.7"
"Site 7930,95.656414,19.765442,Mayangone,Magway,138,65,3.8"
"Site 7931,95.809748,20.619819,Kamayut,Magway,183,45,7.5"
"Site 7932,98.261505,17.859960,Mingaladon,Mon,26,120,5.8"
"Site 7933,98.571179,19.709348,Yankin,Magway,11,180,1.7"
"Site 7934,97.305781,19.579086,Dagon,Mon,37,180,3.5"
"Site 7935,94.994258,15.034258,Insein,Magway,77,180,6.0"
"Site 7936,98.959905,16.981611,Shwepyitha,Magway,334,90,7.5"
"Site 7937,94.853047,15.713120,Dala,Mandalay,155,65,5.4"
"Site 7938,95.705054,15.834826,Thingangyun,Shan,2,45,6.2"
"Site 7939,93.306369,19.195796,Shwepyitha,Shan,81,45,3.2"
"Site 7940,98.978847,18.112409,Mingalar Taung Nyunt,Naypyidaw,10,180,7.3"
"Site 7941,95.000209,18.366867,Botahtaung,Yangon,135,120,2.6"
"Site 7942,98.588586,16.113251,Pazundaung,Magway,173,45,4.1"
"Site 7943,98.492463,21.351362,Yankin,Ayeyarwady,85,120,3.5"
"Site 7944,94.620780,21.730591,Yankin,Yangon,222,65,2.6"
"Site 7945,97.639230,16.932207,Kamayut,Naypyidaw,252,60,7.3"
"Site 7946,98.811749,18.203284,Kyauktada,Yangon,25,45,5.5"
"Site 7947,98.281739,15.884789,Botahtaung,Kayin,353,45,4.4"
"Site 7948,98.162805,17.157608,Mingalar Taung Nyunt,Mon,283,60,4.5"
"Site 7949,94.053921,16.606640,Seikkan,Mon,226,180,7.6"
"Site 7950,96.366048,15.677366,Mayangone,Magway,357,90,3.8"
"Site 7951,97.210401,18.629563,Mingalar Taung Nyunt,Kayin,41,65,1.4"
"Site 7952,95.593343,15.386025,Botahtaung,Naypyidaw,91,180,1.5"
"Site 7953,98.626891,21.861082,Hlaing,Bago,200,120,4.2"
"Site 7954,96.158169,16.526165,Mingalar Taung Nyunt,Bago,265,45,6.8"
"Site 7955,98.037878,17.661635,Hlaingthaya,Kayin,2,45,7.4"
"Site 7956,98.543443,18.337202,Dala,Ayeyarwady,226,180,7.8"
"Site 7957,94.541793,15.548727,Yankin,Shan,238,90,3.5"
"Site 7958,95.941983,17.881680,Mayangone,Mandalay,291,120,4.7"
"Site 7959,96.368312,16.993481,North Okkalapa,Bago,230,180,1.9"
"Site 7960,97.024930,16.829217,Seikkan,Mandalay,228,90,4.7"
"Site 7961,97.174432,18.772575,North Okkalapa,Bago,278,180,7.0"
"Site 7962,95.719137,18.208541,Seikkan,Sagaing,240,90,7.8"
"Site 7963,98.078298,20.046772,Botahtaung,Mandalay,38,120,2.0"
"Site 7964,97.390455,19.106931,Thingangyun,Kayin,307,90,4.7"
"Site 7965,94.970271,15.573396,Botahtaung,Shan,0,120,1.8"
"Site 7966,97.573480,18.674396,North Okkalapa,Sagaing,73,60,7.6"
"Site 7967,98.090629,19.918929,Dagon,Sagaing,81,65,2.0"
"Site 7968,95.076156,17.392594,Kyauktada,Yangon,199,45,3.0"
"Site 7969,96.238995,15.510709,Kyauktada,Shan,129,45,6.9"
"Site 7970,93.190153,17.573260,North Okkalapa,Magway,199,120,4.3"
"Site 7971,94.572329,15.598437,Seikkan,Ayeyarwady,296,90,2.4"
"Site 7972,96.189224,18.541226,South Okkalapa,Yangon,293,60,6.7"
"Site 7973,97.353843,15.630648,North Okkalapa,Shan,207,45,7.6"
"Site 7974,98.204893,19.652527,Seikkan,Mon,183,180,3.1"
"Site 7975,94.758452,18.692370,Shwepyitha,Shan,280,120,2.8"
"Site 7976,98.061048,17.871661,Mingaladon,Naypyidaw,296,45,3.5"
"Site 7977,93.909938,20.718105,Mingaladon,Sagaing,332,120,0.9"
"Site 7978,93.188984,21.255738,Thingangyun,Mandalay,1,180,7.9"
"Site 7979,95.480494,21.487999,Dala,Magway,7,120,3.9"
"Site 7980,98.082298,15.459051,Mingalar Taung Nyunt,Ayeyarwady,140,120,0.8"
"Site 7981,95.590566,17.118079,Dala,Naypyidaw,113,120,4.8"
"Site 7982,95.264190,21.937467,Botahtaung,Bago,236,90,6.3"
"Site 7983,96.475875,17.781559,Hlaingthaya,Bago,274,120,2.5"
"Site 7984,98.018590,18.583248,North Okkalapa,Ayeyarwady,244,120,3.3"
"Site 7985,97.974593,18.715036,Yankin,Mandalay,234,180,2.6"
"Site 7986,97.565342,19.227863,Kamayut,Kayin,183,45,5.9"
"Site 7987,93.124762,17.834097,Dagon,Ayeyarwady,234,65,0.9"
"Site 7988,98.079188,19.087211,Pazundaung,Ayeyarwady,184,60,5.7"
"Site 7989,93.669996,17.536226,Thingangyun,Yangon,204,90,4.6"
"Site 7990,97.119708,15.203460,Yankin,Sagaing,132,45,1.2"
"Site 7991,93.801984,19.895821,Thingangyun,Yangon,296,90,4.6"
"Site 7992,95.889455,17.482128,Mayangone,Shan,354,45,7.7"
"Site 7993,98.416860,17.632039,South Okkalapa,Kayin,42,65,0.5"
"Site 7994,96.115480,17.529968,North Okkalapa,Yangon,214,180,5.5"
"Site 7995,98.517869,16.689550,Hlaing,Shan,51,60,0.8"
"Site 7996,96.740366,17.589064,Botahtaung,Magway,30,65,7.4"
"Site 7997,95.582711,15.471661,Shwepyitha,Mon,351,90,3.8"
"Site 7998,93.076688,20.121098,Seikkan,Mon,4,45,5.8"
"Site 7999,95.233341,19.503213,Seikkan,Shan,270,180,1.9"
"Site 8000,93.355392,15.521170,Mingalar Taung Nyunt,Shan,210,65,7.1"
"Site 8001,97.198615,17.468217,South Okkalapa,Ayeyarwady,218,180,2.9"
"Site 8002,93.212142,17.295146,Shwepyitha,Ayeyarwady,96,180,4.2"
"Site 8003,94.795914,19.553035,North Okkalapa,Naypyidaw,120,45,1.5"
"Site 8004,94.327719,21.730657,North Okkalapa,Mon,130,120,2.1"
"Site 8005,94.924191,20.045101,South Okkalapa,Sagaing,41,180,2.2"
"Site 8006,98.134475,15.323508,Dagon,Naypyidaw,270,45,5.1"
"Site 8007,98.674500,16.628024,Insein,Magway,43,90,6.5"
"Site 8008,98.325695,20.034041,Dagon,Sagaing,48,45,1.4"
"Site 8009,97.067476,15.095494,Pazundaung,Magway,86,90,2.9"
"Site 8010,93.805599,18.073087,Hlaingthaya,Kayin,126,45,2.0"
"Site 8011,98.081889,18.653646,Insein,Bago,146,180,5.9"
"Site 8012,97.454427,17.240961,Mingalar Taung Nyunt,Naypyidaw,186,45,1.5"
"Site 8013,93.958609,20.678738,North Okkalapa,Naypyidaw,337,60,7.5"
"Site 8014,97.210114,16.659272,North Okkalapa,Mandalay,271,65,3.0"
"Site 8015,97.290698,17.681125,Shwepyitha,Naypyidaw,54,45,2.0"
"Site 8016,97.440758,17.361282,Botahtaung,Kayin,307,60,4.9"
"Site 8017,96.642118,21.212867,Mingalar Taung Nyunt,Ayeyarwady,313,65,7.3"
"Site 8018,98.553879,18.323315,Insein,Ayeyarwady,17,90,3.1"
"Site 8019,95.646875,17.315546,Kyauktada,Magway,3,60,7.1"
"Site 8020,94.806328,17.757506,Hlaingthaya,Ayeyarwady,54,120,3.8"
"Site 8021,95.407736,20.224530,Dagon,Yangon,339,180,0.7"
"Site 8022,97.071283,18.948344,Botahtaung,Kayin,204,180,5.5"
"Site 8023,94.533850,20.611601,Mingalar Taung Nyunt,Ayeyarwady,111,90,2.6"
"Site 8024,96.369101,20.985993,North Okkalapa,Mon,336,60,1.1"
"Site 8025,93.480048,16.155021,Mingalar Taung Nyunt,Naypyidaw,184,120,2.2"
"Site 8026,95.527397,17.390821,Insein,Kayin,214,60,7.0"
"Site 8027,93.519401,19.623637,Shwepyitha,Naypyidaw,183,90,7.3"
"Site 8028,96.076063,19.013020,Mingaladon,Magway,335,120,7.3"
"Site 8029,95.372698,18.928874,Mingaladon,Bago,61,60,1.9"
"Site 8030,96.894828,20.775701,Dagon,Kayin,260,45,3.2"
"Site 8031,98.010266,16.078633,Yankin,Naypyidaw,245,45,7.5"
"Site 8032,95.897077,15.864385,Botahtaung,Bago,166,90,5.9"
"Site 8033,95.688809,18.868340,Thingangyun,Mon,59,65,2.0"
"Site 8034,96.262456,19.232795,Insein,Shan,336,65,0.6"
"Site 8035,93.801799,18.988126,Hlaing,Yangon,51,45,4.6"
"Site 8036,93.260709,20.480480,Dagon,Shan,344,45,5.0"
"Site 8037,98.532591,18.150179,Mayangone,Ayeyarwady,44,65,3.9"
"Site 8038,93.521844,15.333532,Kamayut,Naypyidaw,212,65,6.7"
"Site 8039,96.196057,17.250692,Kyauktada,Sagaing,278,65,4.8"
"Site 8040,97.902371,16.836609,North Okkalapa,Mandalay,302,60,2.5"
"Site 8041,96.477728,19.056225,Kyauktada,Sagaing,309,90,7.5"
"Site 8042,98.976525,19.986081,Dala,Mon,310,65,0.7"
"Site 8043,93.923772,15.374001,Shwepyitha,Bago,90,90,3.6"
"Site 8044,93.871663,20.126175,Hlaingthaya,Yangon,320,90,6.1"
"Site 8045,96.277614,21.616863,Mingalar Taung Nyunt,Mon,184,120,3.3"
"Site 8046,96.230979,20.573255,Mingaladon,Yangon,338,65,5.0"
"Site 8047,97.135551,19.478140,Kyauktada,Bago,100,90,4.9"
"Site 8048,95.808737,19.463683,Yankin,Mandalay,46,120,1.3"
"Site 8049,96.753836,20.777853,Yankin,Naypyidaw,136,90,4.5"
"Site 8050,98.707782,18.838488,Yankin,Shan,17,60,5.2"
"Site 8051,97.219187,17.105773,Mayangone,Shan,65,60,2.5"
"Site 8052,95.477102,18.757318,Dagon,Mon,352,45,5.1"
"Site 8053,96.582803,16.064511,Dagon,Mon,84,90,7.1"
"Site 8054,93.211104,15.146200,Insein,Naypyidaw,202,65,3.3"
"Site 8055,96.242424,18.836478,Kyauktada,Bago,245,65,4.5"
"Site 8056,93.569090,15.003414,Mingalar Taung Nyunt,Magway,169,60,1.4"
"Site 8057,96.931998,21.334347,Shwepyitha,Naypyidaw,173,180,4.0"
"Site 8058,94.715878,18.934250,Mayangone,Bago,222,45,5.2"
"Site 8059,98.073083,20.485712,Kyauktada,Bago,261,180,1.7"
"Site 8060,93.878754,18.745279,North Okkalapa,Magway,57,180,5.9"
"Site 8061,96.267427,21.824320,Botahtaung,Shan,168,65,2.1"
"Site 8062,95.710348,17.786753,Kamayut,Kayin,103,65,4.4"
"Site 8063,98.480534,16.020304,Dala,Kayin,143,45,1.5"
"Site 8064,95.085812,17.336829,Mingaladon,Kayin,5,120,0.6"
"Site 8065,95.358336,15.239055,Mingaladon,Yangon,355,90,1.9"
"Site 8066,98.653194,18.048056,North Okkalapa,Bago,96,120,7.0"
"Site 8067,97.208859,17.539697,Insein,Ayeyarwady,179,60,3.7"
"Site 8068,98.854675,18.638726,Mayangone,Naypyidaw,77,90,2.8"
"Site 8069,94.702897,16.266530,Dala,Mandalay,67,65,2.9"
"Site 8070,93.181648,20.305086,South Okkalapa,Yangon,265,120,5.5"
"Site 8071,96.203054,20.491635,Kyauktada,Shan,173,45,4.9"
"Site 8072,95.808899,15.824108,Pazundaung,Magway,295,120,6.0"
"Site 8073,98.371656,19.520970,Shwepyitha,Magway,54,90,7.9"
"Site 8074,96.996059,20.956542,Hlaing,Bago,12,45,0.7"
"Site 8075,95.285753,20.602591,Mayangone,Kayin,231,90,4.6"
"Site 8076,98.963356,16.918585,Dagon,Bago,297,65,3.6"
"Site 8077,95.749859,16.867043,Thingangyun,Bago,338,45,6.3"
"Site 8078,93.110019,19.112197,Mingalar Taung Nyunt,Magway,333,65,4.3"
"Site 8079,93.582265,16.177425,Mayangone,Bago,14,60,1.1"
"Site 8080,94.583815,19.733491,South Okkalapa,Naypyidaw,323,90,4.0"
"Site 8081,95.290503,19.593522,Shwepyitha,Mandalay,135,60,4.9"
"Site 8082,97.899579,18.928325,Botahtaung,Naypyidaw,61,180,7.1"
"Site 8083,97.327800,20.169064,Hlaingthaya,Kayin,358,65,5.7"
"Site 8084,98.216851,18.219079,Kamayut,Magway,227,90,3.3"
"Site 8085,97.404351,20.564575,Yankin,Mon,233,120,1.8"
"Site 8086,94.944224,19.919821,Mayangone,Kayin,28,120,7.6"
"Site 8087,98.429562,17.354586,Insein,Ayeyarwady,182,90,6.1"
"Site 8088,98.891128,17.144243,North Okkalapa,Magway,91,60,1.2"
"Site 8089,94.133500,19.921418,Seikkan,Bago,320,65,4.7"
"Site 8090,93.847998,20.027132,Yankin,Mon,115,65,3.8"
"Site 8091,94.808454,21.593544,Mingaladon,Naypyidaw,135,45,2.9"
"Site 8092,94.972738,21.124459,Dagon,Mon,134,120,6.0"
"Site 8093,94.456778,18.551773,Dagon,Bago,65,65,4.3"
"Site 8094,98.567063,21.074997,Hlaing,Magway,340,45,0.8"
"Site 8095,95.538122,15.182601,Seikkan,Ayeyarwady,300,120,1.7"
"Site 8096,96.578740,20.069916,Hlaingthaya,Kayin,157,65,0.9"
"Site 8097,95.770309,19.887352,Yankin,Magway,102,90,5.1"
"Site 8098,94.833426,21.531220,Mayangone,Mandalay,239,60,1.8"
"Site 8099,95.211097,21.208999,Insein,Magway,250,45,7.5"
"Site 8100,96.742535,19.769003,Dala,Ayeyarwady,37,180,1.9"
"Site 8101,93.853154,17.555246,Seikkan,Ayeyarwady,277,180,1.1"
"Site 8102,96.382583,18.763522,Mingalar Taung Nyunt,Yangon,267,65,3.1"
"Site 8103,93.132469,19.180061,Kyauktada,Ayeyarwady,356,180,2.9"
"Site 8104,97.259148,19.111856,Mingalar Taung Nyunt,Bago,22,60,3.5"
"Site 8105,95.779895,16.502438,Seikkan,Mandalay,198,120,5.4"
"Site 8106,95.685132,19.229941,Dala,Sagaing,85,60,6.4"
"Site 8107,97.054002,17.985715,Thingangyun,Bago,80,90,3.0"
"Site 8108,98.989674,18.413961,Kamayut,Mandalay,123,90,3.7"
"Site 8109,96.558708,18.960229,Thingangyun,Sagaing,66,120,6.0"
"Site 8110,95.823117,21.864735,Pazundaung,Yangon,132,120,2.4"
"Site 8111,94.359856,16.437257,Mingalar Taung Nyunt,Kayin,112,45,1.8"
"Site 8112,97.031871,17.057692,Kamayut,Kayin,134,180,1.1"
"Site 8113,93.474839,15.459845,North Okkalapa,Magway,165,90,4.1"
"Site 8114,97.535209,21.166058,Pazundaung,Mandalay,192,65,1.0"
"Site 8115,96.444770,19.110036,Yankin,Bago,346,120,5.8"
"Site 8116,97.864427,20.591815,Thingangyun,Mandalay,306,90,7.2"
"Site 8117,97.079066,15.657327,South Okkalapa,Bago,223,65,7.8"
"Site 8118,93.054690,21.532141,Pazundaung,Magway,15,120,1.6"
"Site 8119,93.796237,18.108944,Seikkan,Magway,108,45,2.6"
"Site 8120,98.447858,21.266127,Thingangyun,Mon,123,45,6.4"
"Site 8121,94.484297,20.049324,Hlaing,Bago,27,180,4.2"
"Site 8122,97.668792,15.904756,Seikkan,Naypyidaw,247,90,0.8"
"Site 8123,95.286775,17.918206,Kamayut,Mandalay,48,180,4.2"
"Site 8124,96.527766,18.276403,South Okkalapa,Kayin,65,65,2.1"
"Site 8125,95.979397,20.266853,Yankin,Yangon,225,180,2.4"
"Site 8126,94.365181,21.418947,Dagon,Ayeyarwady,267,180,6.0"
"Site 8127,95.322198,19.166521,Insein,Mandalay,319,120,7.0"
"Site 8128,94.592357,21.837142,Hlaingthaya,Kayin,269,60,5.2"
"Site 8129,98.878870,19.034014,Thingangyun,Magway,72,45,2.9"
"Site 8130,96.583688,17.674340,North Okkalapa,Bago,239,45,1.3"
"Site 8131,98.555069,17.437876,South Okkalapa,Ayeyarwady,321,120,3.5"
"Site 8132,96.266635,18.188129,Pazundaung,Magway,91,45,2.7"
"Site 8133,93.180551,16.640294,Insein,Yangon,273,120,5.2"
"Site 8134,95.482357,15.192318,Dagon,Naypyidaw,298,90,0.7"
"Site 8135,97.918706,21.630524,Hlaingthaya,Mandalay,34,180,6.1"
"Site 8136,95.631775,17.261420,North Okkalapa,Kayin,275,60,6.5"
"Site 8137,94.951299,15.367117,Mayangone,Mon,43,65,0.8"
"Site 8138,98.035137,17.845417,North Okkalapa,Sagaing,272,45,4.4"
"Site 8139,95.425121,20.602701,Kyauktada,Naypyidaw,121,180,4.4"
"Site 8140,98.108956,15.991976,Mayangone,Mandalay,209,65,5.0"
"Site 8141,98.853932,20.898799,Kyauktada,Naypyidaw,227,120,1.6"
"Site 8142,97.677690,17.304813,Dagon,Yangon,214,90,4.9"
"Site 8143,97.426345,17.256930,Seikkan,Shan,151,45,6.9"
"Site 8144,97.803968,20.150561,Kamayut,Bago,218,180,1.3"
"Site 8145,94.585155,18.300398,Yankin,Kayin,37,120,2.1"
"Site 8146,94.815936,19.687076,Thingangyun,Naypyidaw,328,180,1.4"
"Site 8147,95.564151,21.838052,Kyauktada,Yangon,73,45,3.4"
"Site 8148,97.670858,21.430648,Yankin,Mandalay,233,45,2.1"
"Site 8149,97.967076,16.786400,Mingalar Taung Nyunt,Mon,82,45,3.7"
"Site 8150,97.825431,16.207781,Yankin,Kayin,322,45,4.4"
"Site 8151,93.863610,20.106244,Shwepyitha,Naypyidaw,334,60,1.7"
"Site 8152,95.355149,15.373308,Mingalar Taung Nyunt,Mandalay,322,45,3.5"
"Site 8153,94.908815,18.963398,Pazundaung,Shan,105,65,1.3"
"Site 8154,97.872489,18.565907,Dala,Naypyidaw,130,120,6.6"
"Site 8155,96.790115,18.896901,Pazundaung,Ayeyarwady,91,60,4.7"
"Site 8156,94.446026,19.554179,Thingangyun,Sagaing,98,60,1.3"
"Site 8157,97.526004,19.126548,Dala,Ayeyarwady,245,65,5.8"
"Site 8158,97.914170,18.915294,Hlaingthaya,Ayeyarwady,122,65,3.6"
"Site 8159,97.016394,16.121978,Pazundaung,Yangon,0,60,1.5"
"Site 8160,98.913114,19.469418,Hlaing,Mandalay,22,90,4.3"
"Site 8161,98.869289,18.105392,Mingaladon,Sagaing,129,90,4.8"
"Site 8162,97.886797,16.169372,Yankin,Kayin,217,65,1.7"
"Site 8163,97.529883,17.275510,South Okkalapa,Sagaing,225,90,1.2"
"Site 8164,98.003967,18.016501,Shwepyitha,Bago,213,120,6.8"
"Site 8165,96.572012,15.452970,Mingaladon,Mandalay,154,180,4.6"
"Site 8166,96.691332,20.388410,Hlaingthaya,Mon,102,120,6.3"
"Site 8167,96.131259,15.123862,North Okkalapa,Naypyidaw,203,120,1.0"
"Site 8168,97.566010,15.395203,Kyauktada,Mon,145,60,5.2"
"Site 8169,97.425278,15.073626,Yankin,Bago,75,120,4.1"
"Site 8170,93.486666,20.257893,Hlaing,Kayin,83,90,1.8"
"Site 8171,96.242262,19.952616,Yankin,Bago,261,180,3.3"
"Site 8172,98.151544,20.800013,Kyauktada,Kayin,161,60,2.6"
"Site 8173,97.141362,21.274123,Mingaladon,Naypyidaw,96,120,3.8"
"Site 8174,98.465029,17.844290,Yankin,Shan,42,120,0.8"
"Site 8175,96.007851,16.714271,Dala,Mon,142,90,5.4"
"Site 8176,94.131562,17.154053,Pazundaung,Kayin,195,60,5.9"
"Site 8177,95.635920,19.485846,Thingangyun,Kayin,298,180,6.5"
"Site 8178,98.467134,15.849336,Yankin,Mon,271,60,3.0"
"Site 8179,94.901917,20.196663,South Okkalapa,Sagaing,349,45,3.6"
"Site 8180,94.918197,17.412362,South Okkalapa,Ayeyarwady,178,60,7.0"
"Site 8181,96.581829,21.860831,Mingalar Taung Nyunt,Yangon,72,90,2.3"
"Site 8182,96.960390,19.140044,Thingangyun,Yangon,334,65,2.2"
"Site 8183,97.987527,18.883269,Mingaladon,Shan,63,90,8.0"
"Site 8184,96.872287,19.332366,Kyauktada,Ayeyarwady,321,60,6.0"
"Site 8185,98.875198,20.668991,Shwepyitha,Mandalay,59,65,6.4"
"Site 8186,97.015363,20.851552,Thingangyun,Mandalay,70,120,4.3"
"Site 8187,93.333759,20.123474,Botahtaung,Kayin,249,65,6.2"
"Site 8188,94.377652,21.290814,North Okkalapa,Magway,130,120,3.8"
"Site 8189,93.901488,15.847383,Thingangyun,Naypyidaw,28,60,3.4"
"Site 8190,93.412257,16.741328,Insein,Mandalay,136,120,5.2"
"Site 8191,95.805294,15.269053,South Okkalapa,Mandalay,51,180,6.4"
"Site 8192,96.119609,16.366155,Hlaingthaya,Yangon,38,65,6.4"
"Site 8193,93.664238,16.862755,Mingaladon,Sagaing,334,60,7.4"
"Site 8194,95.176488,21.753972,Mayangone,Ayeyarwady,28,65,4.3"
"Site 8195,93.001651,15.481651,Botahtaung,Yangon,322,90,5.3"
"Site 8196,94.630235,18.840907,Kyauktada,Naypyidaw,74,45,2.6"
"Site 8197,98.596986,18.376951,Hlaing,Mon,15,45,5.4"
"Site 8198,94.480449,17.053542,Yankin,Shan,93,45,2.0"
"Site 8199,94.244158,21.456677,Seikkan,Mandalay,177,90,3.6"
"Site 8200,97.784531,16.170002,Shwepyitha,Mandalay,254,180,7.7"
"Site 8201,94.792579,21.209385,Mingaladon,Shan,289,65,6.4"
"Site 8202,94.406940,17.990662,Shwepyitha,Shan,234,65,4.1"
"Site 8203,93.232194,19.500595,Mayangone,Kayin,36,120,0.9"
"Site 8204,94.738732,20.931715,Kyauktada,Sagaing,266,60,8.0"
"Site 8205,93.010696,15.080130,Dagon,Bago,271,45,1.8"
"Site 8206,93.612360,19.596516,South Okkalapa,Shan,256,180,3.4"
"Site 8207,98.800097,21.414476,South Okkalapa,Naypyidaw,42,45,1.8"
"Site 8208,95.103990,21.151152,South Okkalapa,Mon,100,45,1.3"
"Site 8209,98.109506,15.152081,Botahtaung,Naypyidaw,37,90,6.5"
"Site 8210,94.721546,18.590259,Dala,Ayeyarwady,64,90,4.7"
"Site 8211,95.244439,15.249755,Shwepyitha,Mon,355,120,5.3"
"Site 8212,95.945750,20.946777,Thingangyun,Ayeyarwady,185,120,6.1"
"Site 8213,93.409438,18.406687,Kamayut,Mandalay,176,120,2.0"
"Site 8214,94.675476,21.237500,Dala,Yangon,340,180,3.0"
"Site 8215,96.007095,17.257983,Dala,Magway,106,120,5.3"
"Site 8216,95.061609,15.977941,Thingangyun,Kayin,55,90,4.9"
"Site 8217,98.101974,16.079176,North Okkalapa,Naypyidaw,341,120,6.3"
"Site 8218,98.540786,16.558835,Pazundaung,Yangon,345,120,6.0"
"Site 8219,93.382830,18.924893,Hlaing,Mon,94,60,7.8"
"Site 8220,95.580945,16.078880,Hlaingthaya,Mandalay,151,180,1.9"
"Site 8221,93.625552,18.327073,Thingangyun,Ayeyarwady,288,180,3.2"
"Site 8222,93.201565,19.712639,Shwepyitha,Yangon,153,90,6.5"
"Site 8223,98.382869,21.582645,Shwepyitha,Shan,3,90,3.0"
"Site 8224,95.150401,19.284517,Dala,Naypyidaw,242,90,4.7"
"Site 8225,98.138868,21.685702,Insein,Kayin,126,60,4.7"
"Site 8226,97.173931,17.932987,Botahtaung,Shan,201,90,5.2"
"Site 8227,97.027487,17.440718,Botahtaung,Mandalay,316,45,3.6"
"Site 8228,96.348294,15.274513,Insein,Yangon,243,90,5.6"
"Site 8229,97.856281,20.628783,Insein,Sagaing,334,180,6.8"
"Site 8230,94.809173,19.642667,Dala,Naypyidaw,274,90,7.2"
"Site 8231,98.363016,15.745906,South Okkalapa,Magway,76,120,4.9"
"Site 8232,93.013442,18.385323,Hlaingthaya,Kayin,168,90,0.9"
"Site 8233,95.275781,21.273456,Dala,Mandalay,239,120,7.7"
"Site 8234,94.560851,20.652347,Thingangyun,Bago,119,65,6.8"
"Site 8235,95.034831,21.556690,Kyauktada,Sagaing,22,65,3.9"
"Site 8236,95.377652,18.772799,Dagon,Yangon,231,120,5.0"
"Site 8237,97.982117,21.805085,Shwepyitha,Kayin,92,90,3.3"
"Site 8238,95.061433,21.779480,Pazundaung,Bago,317,180,8.0"
"Site 8239,94.089297,15.654165,Shwepyitha,Mandalay,77,65,1.0"
"Site 8240,97.934753,20.215166,Yankin,Mandalay,177,90,3.3"
"Site 8241,94.869734,20.109560,Seikkan,Kayin,54,120,1.6"
"Site 8242,94.277077,19.658767,Dala,Bago,141,65,5.6"
"Site 8243,93.659216,16.836714,Seikkan,Mon,150,180,7.3"
"Site 8244,93.702946,21.072977,Hlaingthaya,Magway,197,60,3.8"
"Site 8245,95.033884,21.620182,Dagon,Bago,77,90,5.2"
"Site 8246,93.100263,18.849034,Mingalar Taung Nyunt,Yangon,91,45,3.8"
"Site 8247,95.323740,18.856480,Yankin,Bago,110,180,1.1"
"Site 8248,93.850972,18.314303,Mingaladon,Mandalay,151,90,4.4"
"Site 8249,96.341424,15.146951,Hlaingthaya,Naypyidaw,150,65,2.9"
"Site 8250,96.660299,17.158014,Yankin,Mon,14,90,3.7"
"Site 8251,96.623966,20.672383,Mayangone,Ayeyarwady,270,60,2.6"
"Site 8252,93.873890,19.325355,Yankin,Bago,53,180,6.0"
"Site 8253,94.776811,20.307497,Shwepyitha,Mon,233,90,2.4"
"Site 8254,95.997319,20.253413,Hlaingthaya,Shan,179,60,0.8"
"Site 8255,93.791186,19.025242,Dagon,Shan,351,120,5.5"
"Site 8256,98.754729,21.586790,Hlaing,Magway,339,90,2.6"
"Site 8257,94.384135,19.598149,Kamayut,Ayeyarwady,320,65,4.6"
"Site 8258,93.902257,20.405973,South Okkalapa,Shan,236,90,5.7"
"Site 8259,94.640547,16.511242,Mayangone,Mon,228,60,1.0"
"Site 8260,98.099727,21.123065,Seikkan,Bago,218,90,1.1"
"Site 8261,98.262787,17.339063,Mingalar Taung Nyunt,Shan,164,60,1.0"
"Site 8262,94.522295,15.778423,Hlaingthaya,Mandalay,231,90,1.4"
"Site 8263,95.361743,17.375208,Thingangyun,Shan,99,60,4.7"
"Site 8264,93.245311,16.714503,Dala,Shan,288,65,7.4"
"Site 8265,97.690627,19.908111,Yankin,Kayin,262,120,4.6"
"Site 8266,95.146980,17.059113,Mingalar Taung Nyunt,Bago,348,90,4.4"
"Site 8267,96.488690,21.832116,Hlaing,Shan,116,65,7.1"
"Site 8268,93.818047,21.109646,Mayangone,Sagaing,145,90,1.8"
"Site 8269,98.123521,20.676826,Shwepyitha,Mon,284,45,5.4"
"Site 8270,93.363245,16.040325,Thingangyun,Naypyidaw,111,60,1.1"
"Site 8271,94.140983,16.798335,Kamayut,Naypyidaw,193,180,5.3"
"Site 8272,93.967646,20.223327,Mingalar Taung Nyunt,Naypyidaw,258,45,3.6"
"Site 8273,97.824454,19.111965,Insein,Shan,75,90,5.5"
"Site 8274,96.225556,15.476173,Thingangyun,Kayin,213,120,4.5"
"Site 8275,98.381094,18.583371,Hlaingthaya,Kayin,315,45,1.7"
"Site 8276,98.283083,15.140361,Seikkan,Magway,81,90,3.8"
"Site 8277,96.701916,17.405448,Pazundaung,Ayeyarwady,42,180,0.6"
"Site 8278,93.801427,20.515515,Mingalar Taung Nyunt,Bago,262,65,7.3"
"Site 8279,94.833102,21.630783,Yankin,Yangon,282,45,2.8"
"Site 8280,97.466995,21.784588,Mayangone,Sagaing,317,60,4.4"
"Site 8281,96.915751,18.235462,Seikkan,Kayin,184,180,5.3"
"Site 8282,94.245219,20.853476,Thingangyun,Yangon,359,90,4.6"
"Site 8283,94.380539,21.610446,South Okkalapa,Shan,322,90,2.0"
"Site 8284,94.548914,18.773175,Mingalar Taung Nyunt,Kayin,269,65,4.6"
"Site 8285,97.479627,20.829319,Mingaladon,Sagaing,341,65,6.1"
"Site 8286,96.327485,19.909459,Dagon,Yangon,347,120,0.7"
"Site 8287,98.448944,21.170894,Shwepyitha,Mandalay,231,120,6.8"
"Site 8288,96.713191,21.493006,Yankin,Mandalay,147,65,6.3"
"Site 8289,97.965772,15.229804,Insein,Shan,160,90,3.8"
"Site 8290,95.611342,18.940134,Mayangone,Mon,127,60,0.8"
"Site 8291,97.309714,15.401685,North Okkalapa,Kayin,190,65,3.4"
"Site 8292,93.496688,16.970042,Seikkan,Kayin,244,90,6.5"
"Site 8293,93.053205,17.044814,Pazundaung,Mandalay,347,120,2.0"
"Site 8294,97.521619,17.756946,Botahtaung,Ayeyarwady,327,120,3.0"
"Site 8295,94.485237,21.368789,Thingangyun,Mandalay,223,90,1.6"
"Site 8296,94.310200,19.476649,Insein,Yangon,9,45,6.0"
"Site 8297,93.361695,17.427086,Insein,Naypyidaw,234,60,6.4"
"Site 8298,95.845323,16.720664,North Okkalapa,Sagaing,239,180,3.0"
"Site 8299,95.782723,17.077492,Yankin,Magway,173,90,2.7"
"Site 8300,97.313679,20.816019,Dala,Mon,3,180,2.7"
"Site 8301,93.159903,20.221460,North Okkalapa,Magway,279,120,5.1"
"Site 8302,96.838765,16.749759,Hlaing,Ayeyarwady,331,180,3.8"
"Site 8303,95.129455,17.262727,Mayangone,Yangon,69,120,3.5"
"Site 8304,94.077013,20.839207,Insein,Bago,205,45,3.0"
"Site 8305,95.899325,17.943564,Mayangone,Mandalay,289,60,2.5"
"Site 8306,95.345719,15.968449,North Okkalapa,Ayeyarwady,225,120,7.9"
"Site 8307,97.926808,16.433572,Hlaingthaya,Bago,26,65,7.9"
"Site 8308,93.021470,17.051699,Insein,Naypyidaw,79,180,5.2"
"Site 8309,95.703141,15.907317,Botahtaung,Bago,245,90,6.3"
"Site 8310,94.654228,15.936475,Insein,Kayin,203,180,5.8"
"Site 8311,96.954825,20.212838,Mingalar Taung Nyunt,Mandalay,205,180,4.8"
"Site 8312,96.156192,21.655067,Pazundaung,Ayeyarwady,58,45,3.2"
"Site 8313,96.068952,19.052996,Mingalar Taung Nyunt,Shan,256,180,6.8"
"Site 8314,94.799492,19.189214,Yankin,Ayeyarwady,90,65,6.5"
"Site 8315,94.834379,16.468972,Mayangone,Mandalay,37,45,7.3"
"Site 8316,98.189683,21.023676,Yankin,Shan,354,90,5.0"
"Site 8317,95.802723,16.334835,Insein,Kayin,106,180,3.7"
"Site 8318,93.667998,19.351627,Shwepyitha,Ayeyarwady,196,45,2.7"
"Site 8319,97.599488,17.080198,Hlaing,Yangon,288,45,5.7"
"Site 8320,97.353239,17.877045,Dagon,Mon,271,65,6.3"
"Site 8321,95.474209,15.098168,Mayangone,Naypyidaw,254,45,4.6"
"Site 8322,93.484433,17.858505,Mingalar Taung Nyunt,Yangon,12,180,7.1"
"Site 8323,94.903744,19.764957,Mingalar Taung Nyunt,Magway,351,65,4.6"
"Site 8324,96.289383,18.418622,Dagon,Kayin,32,90,3.7"
"Site 8325,94.820083,19.461659,Seikkan,Mon,8,90,1.9"
"Site 8326,95.840931,19.152944,Seikkan,Shan,171,180,2.2"
"Site 8327,94.489652,18.876010,Botahtaung,Mandalay,40,60,5.1"
"Site 8328,94.507264,19.886754,Pazundaung,Kayin,235,90,6.1"
"Site 8329,98.091932,15.022436,North Okkalapa,Mandalay,186,45,5.9"
"Site 8330,98.833547,18.811929,Pazundaung,Sagaing,345,180,4.0"
"Site 8331,98.803176,21.840509,Mayangone,Bago,141,90,3.4"
"Site 8332,93.076665,15.051247,Seikkan,Magway,24,60,1.2"
"Site 8333,98.002854,15.569784,South Okkalapa,Sagaing,258,65,3.3"
"Site 8334,95.297462,17.479029,Yankin,Yangon,230,180,7.7"
"Site 8335,97.068184,19.000394,Mingaladon,Naypyidaw,39,60,6.8"
"Site 8336,98.774344,19.969503,Mingaladon,Mandalay,109,180,6.0"
"Site 8337,96.038650,15.976819,Kyauktada,Mon,264,90,4.3"
"Site 8338,97.411884,16.201314,Shwepyitha,Yangon,336,45,7.8"
"Site 8339,93.347772,18.281159,Insein,Mon,283,180,1.3"
"Site 8340,93.460579,19.588263,Botahtaung,Shan,108,180,0.8"
"Site 8341,97.228510,19.672813,Yankin,Sagaing,150,60,6.4"
"Site 8342,93.256581,18.831344,Thingangyun,Mon,168,120,1.9"
"Site 8343,97.082840,16.966315,South Okkalapa,Mandalay,21,90,3.6"
"Site 8344,93.297959,20.963834,Hlaing,Sagaing,178,180,1.7"
"Site 8345,94.974472,18.643852,South Okkalapa,Sagaing,305,45,4.7"
"Site 8346,96.906763,19.309038,Dala,Sagaing,257,90,1.6"
"Site 8347,93.148618,18.963768,Hlaingthaya,Bago,358,45,6.7"
"Site 8348,93.798602,15.802733,Pazundaung,Ayeyarwady,189,180,6.4"
"Site 8349,96.833359,16.324224,Mingalar Taung Nyunt,Sagaing,195,65,5.7"
"Site 8350,94.316851,15.332009,Mingalar Taung Nyunt,Kayin,312,120,7.7"
"Site 8351,96.397630,21.480685,Hlaingthaya,Bago,304,45,2.8"
"Site 8352,98.496646,18.967262,Yankin,Yangon,44,45,3.9"
"Site 8353,98.159022,20.960080,Botahtaung,Yangon,221,45,3.4"
"Site 8354,94.518838,18.350466,Dagon,Bago,160,60,3.0"
"Site 8355,94.983275,18.104298,Mayangone,Mandalay,131,65,1.0"
"Site 8356,95.601113,19.929391,Seikkan,Ayeyarwady,104,120,4.4"
"Site 8357,95.502134,16.661687,Hlaing,Bago,192,60,7.0"
"Site 8358,94.948728,20.413542,Kamayut,Yangon,124,180,5.2"
"Site 8359,98.421369,16.752842,North Okkalapa,Mandalay,234,120,4.0"
"Site 8360,94.921590,15.046080,Mingaladon,Shan,224,45,1.2"
"Site 8361,97.474683,20.102735,Thingangyun,Mandalay,284,180,2.9"
"Site 8362,93.598150,15.067382,Yankin,Bago,53,180,1.5"
"Site 8363,95.047008,16.447121,Mingaladon,Mon,78,180,7.6"
"Site 8364,98.719575,15.174399,Yankin,Shan,304,45,5.4"
"Site 8365,97.347191,17.328085,Shwepyitha,Kayin,0,120,0.5"
"Site 8366,96.509226,15.759434,Mayangone,Ayeyarwady,225,60,3.0"
"Site 8367,98.934869,21.986960,Seikkan,Naypyidaw,71,90,1.1"
"Site 8368,98.603214,20.610484,Mingalar Taung Nyunt,Magway,178,180,7.8"
"Site 8369,95.460106,16.613755,Yankin,Mon,8,65,0.9"
"Site 8370,96.122167,20.510211,Kamayut,Yangon,121,45,1.5"
"Site 8371,93.910332,19.904535,Hlaing,Naypyidaw,337,60,4.6"
"Site 8372,94.745131,17.646523,Botahtaung,Kayin,269,65,0.6"
"Site 8373,96.933697,16.418868,Dagon,Kayin,68,90,4.1"
"Site 8374,98.261007,17.603019,Hlaingthaya,Kayin,149,90,0.8"
"Site 8375,98.460556,19.948844,Dala,Mon,100,60,5.5"
"Site 8376,98.122542,19.805434,Hlaing,Shan,78,65,2.5"
"Site 8377,96.545780,20.055083,Dala,Mandalay,166,90,2.5"
"Site 8378,97.303898,15.500993,Mayangone,Shan,140,45,4.9"
"Site 8379,98.755093,21.478680,South Okkalapa,Mandalay,42,65,5.6"
"Site 8380,96.872088,20.730196,Hlaingthaya,Shan,318,90,2.0"
"Site 8381,96.467340,15.578019,Pazundaung,Ayeyarwady,300,180,6.5"
"Site 8382,93.324041,20.117716,Shwepyitha,Ayeyarwady,255,45,0.7"
"Site 8383,93.936693,17.221654,Kamayut,Kayin,90,60,2.2"
"Site 8384,96.530632,15.285616,Botahtaung,Naypyidaw,280,65,4.8"
"Site 8385,96.476353,19.173121,Dagon,Ayeyarwady,115,90,6.7"
"Site 8386,93.310981,20.325661,Dagon,Naypyidaw,228,90,6.1"
"Site 8387,96.161173,16.225562,Kamayut,Bago,38,90,4.2"
"Site 8388,94.142619,16.405973,Yankin,Ayeyarwady,112,90,0.6"
"Site 8389,95.507342,17.461758,Mingalar Taung Nyunt,Bago,310,65,6.2"
"Site 8390,96.604220,15.787106,Dala,Shan,89,90,7.4"
"Site 8391,98.694706,18.872591,Kyauktada,Bago,23,120,1.6"
"Site 8392,94.281957,21.346270,Dagon,Ayeyarwady,43,180,4.8"
"Site 8393,93.720292,21.545064,Seikkan,Mon,239,65,0.9"
"Site 8394,98.104724,18.724924,Hlaing,Sagaing,158,180,6.9"
"Site 8395,93.650775,15.770782,Mingaladon,Magway,62,120,6.6"
"Site 8396,93.575002,15.973739,Hlaing,Sagaing,53,120,6.8"
"Site 8397,93.103632,16.452684,Hlaingthaya,Naypyidaw,101,45,3.0"
"Site 8398,97.931619,19.863113,Kyauktada,Naypyidaw,110,180,7.5"
"Site 8399,94.623869,20.765497,Dala,Ayeyarwady,114,90,4.9"
"Site 8400,95.881140,21.037447,South Okkalapa,Bago,143,90,0.7"
"Site 8401,93.539212,21.578723,Kyauktada,Sagaing,255,90,6.1"
"Site 8402,98.595834,18.916837,Shwepyitha,Ayeyarwady,82,180,3.6"
"Site 8403,97.954493,21.786738,Dagon,Magway,5,120,6.3"
"Site 8404,98.466246,18.788337,Dala,Magway,226,45,7.0"
"Site 8405,93.499916,21.522606,Seikkan,Mon,268,90,4.9"
"Site 8406,94.339763,20.046590,Pazundaung,Magway,212,60,0.6"
"Site 8407,95.381621,17.364847,Yankin,Mandalay,339,65,3.6"
"Site 8408,97.413734,21.115077,Kyauktada,Mon,100,120,5.5"
"Site 8409,94.481654,15.873110,Hlaingthaya,Bago,75,90,3.2"
"Site 8410,95.236358,16.873904,Pazundaung,Bago,162,90,2.3"
"Site 8411,94.512964,15.848467,Botahtaung,Shan,185,120,1.8"
"Site 8412,97.432975,19.549705,Mingaladon,Ayeyarwady,187,180,0.6"
"Site 8413,97.842849,21.377407,Yankin,Mandalay,308,120,1.4"
"Site 8414,95.853906,15.820030,Hlaing,Kayin,188,120,2.8"
"Site 8415,95.960882,16.567810,Mayangone,Bago,170,45,2.0"
"Site 8416,98.550819,21.847335,Pazundaung,Mandalay,230,65,0.9"
"Site 8417,98.038992,17.894659,Kyauktada,Magway,283,65,1.0"
"Site 8418,94.448724,16.835732,Hlaing,Shan,166,45,4.7"
"Site 8419,97.223567,16.024476,Hlaing,Naypyidaw,91,90,7.9"
"Site 8420,97.114285,16.171771,Hlaing,Bago,150,180,6.5"
"Site 8421,93.088770,18.489912,Botahtaung,Magway,276,60,7.5"
"Site 8422,95.995386,18.887235,Hlaing,Yangon,58,65,7.3"
"Site 8423,97.331401,21.161924,Mingalar Taung Nyunt,Sagaing,190,180,2.7"
"Site 8424,97.913936,20.120082,Yankin,Magway,63,60,4.3"
"Site 8425,94.124944,20.313900,Shwepyitha,Ayeyarwady,62,90,6.3"
"Site 8426,98.597595,18.647224,Mingalar Taung Nyunt,Naypyidaw,35,60,6.9"
"Site 8427,96.900910,16.006184,Botahtaung,Mandalay,10,65,2.8"
"Site 8428,98.906692,19.936198,Kyauktada,Naypyidaw,47,120,6.4"
"Site 8429,94.163385,20.025032,Insein,Kayin,139,60,6.6"
"Site 8430,95.739154,20.996616,Pazundaung,Kayin,303,60,6.3"
"Site 8431,97.099527,21.141080,Botahtaung,Bago,253,90,5.0"
"Site 8432,96.815569,20.542149,Shwepyitha,Yangon,179,180,6.7"
"Site 8433,97.310737,21.388168,North Okkalapa,Bago,225,45,4.2"
"Site 8434,94.869214,21.536670,Kamayut,Magway,64,45,5.4"
"Site 8435,94.473648,16.705894,Mingalar Taung Nyunt,Naypyidaw,259,45,7.5"
"Site 8436,95.582661,18.160216,Hlaing,Mandalay,272,120,3.7"
"Site 8437,93.783745,21.823467,Shwepyitha,Mon,50,60,6.9"
"Site 8438,98.308021,21.849488,Yankin,Bago,113,90,4.7"
"Site 8439,94.538772,15.063659,Hlaingthaya,Ayeyarwady,18,120,0.5"
"Site 8440,98.388532,17.350082,Hlaingthaya,Sagaing,294,65,1.6"
"Site 8441,96.503783,18.676183,South Okkalapa,Kayin,330,90,1.8"
"Site 8442,95.290078,18.892744,Mingalar Taung Nyunt,Ayeyarwady,197,60,7.6"
"Site 8443,98.287220,20.259470,Thingangyun,Naypyidaw,91,120,1.9"
"Site 8444,96.256026,21.823153,Kamayut,Naypyidaw,77,65,4.3"
"Site 8445,94.747003,20.739807,Mayangone,Yangon,236,120,1.0"
"Site 8446,97.017986,19.898679,Botahtaung,Naypyidaw,335,45,4.3"
"Site 8447,93.736479,16.426030,Seikkan,Magway,21,60,7.5"
"Site 8448,98.585112,19.725435,Yankin,Yangon,53,90,7.8"
"Site 8449,93.861373,16.127968,Hlaingthaya,Yangon,227,180,2.6"
"Site 8450,97.333945,21.391113,South Okkalapa,Mandalay,66,120,6.9"
"Site 8451,98.150410,21.444618,Yankin,Bago,221,180,0.8"
"Site 8452,98.410107,19.341646,Insein,Mandalay,74,45,5.3"
"Site 8453,98.870673,16.108901,Mingaladon,Mon,2,120,6.2"
"Site 8454,93.301092,15.398424,South Okkalapa,Shan,281,65,4.6"
"Site 8455,97.372047,21.564037,Shwepyitha,Mon,210,65,5.4"
"Site 8456,93.679834,20.489186,Seikkan,Mon,167,65,6.4"
"Site 8457,95.682097,18.948992,North Okkalapa,Sagaing,225,45,1.7"
"Site 8458,94.697152,15.680248,North Okkalapa,Kayin,91,90,1.7"
"Site 8459,95.990923,17.548027,Dagon,Naypyidaw,209,120,5.0"
"Site 8460,98.024038,21.311523,Pazundaung,Ayeyarwady,116,180,5.8"
"Site 8461,95.994598,21.083339,Botahtaung,Sagaing,145,65,7.9"
"Site 8462,93.378487,19.526932,Botahtaung,Mon,50,90,5.6"
"Site 8463,94.646367,19.558997,Shwepyitha,Magway,160,45,6.5"
"Site 8464,95.779960,19.179985,Pazundaung,Mandalay,10,45,4.0"
"Site 8465,97.986285,20.877889,Insein,Bago,298,45,4.9"
"Site 8466,97.854392,16.719248,Kamayut,Kayin,124,65,0.5"
"Site 8467,98.392011,19.204822,Seikkan,Ayeyarwady,359,120,7.5"
"Site 8468,95.175220,20.351054,Seikkan,Yangon,237,45,2.9"
"Site 8469,96.503317,17.227050,Shwepyitha,Magway,220,65,3.5"
"Site 8470,97.034851,17.657337,Kyauktada,Mandalay,342,120,2.7"
"Site 8471,96.150050,15.480493,Thingangyun,Shan,304,65,0.8"
"Site 8472,93.819072,20.260354,North Okkalapa,Ayeyarwady,315,180,3.8"
"Site 8473,97.944700,17.634081,Dagon,Mandalay,127,65,2.2"
"Site 8474,94.591559,19.309669,Hlaing,Yangon,27,45,1.0"
"Site 8475,93.918001,21.954514,Thingangyun,Naypyidaw,308,120,5.2"
"Site 8476,96.413066,18.542163,Botahtaung,Yangon,115,45,1.8"
"Site 8477,96.383341,16.569463,Insein,Shan,21,65,3.7"
"Site 8478,94.800315,19.177492,Kyauktada,Bago,130,90,5.1"
"Site 8479,93.439501,18.873069,Botahtaung,Shan,126,65,7.8"
"Site 8480,94.368620,17.711761,Yankin,Yangon,38,60,1.9"
"Site 8481,96.045758,18.637947,North Okkalapa,Mon,293,90,2.7"
"Site 8482,97.743567,15.403800,Mayangone,Magway,280,45,3.0"
"Site 8483,98.874831,16.337347,Mingalar Taung Nyunt,Sagaing,229,60,3.1"
"Site 8484,95.623185,19.315036,Hlaing,Mandalay,39,65,5.9"
"Site 8485,93.751906,18.700407,Mingalar Taung Nyunt,Bago,323,60,1.9"
"Site 8486,98.092074,21.382170,South Okkalapa,Mon,10,90,7.2"
"Site 8487,93.650834,17.456185,Pazundaung,Bago,227,60,7.8"
"Site 8488,93.083017,19.912021,Shwepyitha,Sagaing,21,180,4.9"
"Site 8489,95.630595,19.418178,Mingaladon,Kayin,284,90,1.6"
"Site 8490,96.620567,20.574723,Kyauktada,Yangon,83,180,5.8"
"Site 8491,94.299338,20.542270,Hlaingthaya,Mon,31,45,3.8"
"Site 8492,93.004092,20.783973,Seikkan,Magway,26,120,4.4"
"Site 8493,98.402801,15.768430,Yankin,Shan,337,45,4.4"
"Site 8494,94.218519,16.822661,North Okkalapa,Mandalay,210,65,5.0"
"Site 8495,97.353991,18.622952,Hlaing,Sagaing,152,65,4.1"
"Site 8496,97.525363,20.634077,Seikkan,Mandalay,286,180,2.8"
"Site 8497,96.522807,18.768490,Pazundaung,Sagaing,112,180,5.3"
"Site 8498,97.829185,20.521327,Thingangyun,Kayin,50,45,2.1"
"Site 8499,96.053594,19.878686,Seikkan,Sagaing,65,120,6.2"
"Site 8500,94.710421,16.506889,North Okkalapa,Sagaing,175,120,3.2"
"Site 8501,93.060608,16.847496,Yankin,Naypyidaw,308,60,7.2"
"Site 8502,97.976479,16.543849,Mayangone,Magway,358,60,3.3"
"Site 8503,94.688190,15.386279,Mingaladon,Bago,30,65,6.0"
"Site 8504,94.958905,21.010453,Botahtaung,Sagaing,92,45,6.9"
"Site 8505,94.398292,19.838265,North Okkalapa,Mon,130,120,4.7"
"Site 8506,93.396372,21.804221,Seikkan,Mandalay,81,45,6.8"
"Site 8507,98.065813,15.790719,Mingaladon,Ayeyarwady,251,45,3.6"
"Site 8508,95.658749,20.790289,Kamayut,Mon,335,90,7.7"
"Site 8509,98.478744,18.621674,Pazundaung,Mon,220,120,5.7"
"Site 8510,94.233416,20.409932,Hlaing,Mandalay,31,120,4.6"
"Site 8511,94.165743,16.670888,Mingalar Taung Nyunt,Naypyidaw,47,180,7.9"
"Site 8512,94.425915,21.896628,Seikkan,Ayeyarwady,201,65,2.3"
"Site 8513,93.911103,19.826589,Kyauktada,Naypyidaw,93,90,1.1"
"Site 8514,96.935406,21.368066,Insein,Naypyidaw,339,120,0.5"
"Site 8515,97.005064,18.212251,Mingaladon,Sagaing,56,180,5.1"
"Site 8516,97.715302,20.332527,Insein,Shan,283,180,4.2"
"Site 8517,94.006924,20.790267,Dala,Shan,80,60,0.5"
"Site 8518,96.472726,17.787070,North Okkalapa,Kayin,302,45,6.9"
"Site 8519,96.353548,18.528135,Dala,Ayeyarwady,61,120,7.2"
"Site 8520,98.834890,17.294783,Mingaladon,Magway,196,180,4.9"
"Site 8521,98.739631,20.556433,Mingalar Taung Nyunt,Bago,11,90,7.3"
"Site 8522,93.374840,15.574441,Yankin,Sagaing,15,180,3.6"
"Site 8523,93.465484,17.201263,Hlaing,Yangon,124,180,6.0"
"Site 8524,96.561273,18.740968,Kyauktada,Mandalay,210,180,4.1"
"Site 8525,98.631494,20.060667,Hlaing,Ayeyarwady,273,45,5.2"
"Site 8526,94.016710,17.505933,Dagon,Bago,148,60,1.5"
"Site 8527,94.231777,20.922422,Kyauktada,Ayeyarwady,0,120,3.7"
"Site 8528,98.534637,16.926737,Shwepyitha,Naypyidaw,112,65,5.9"
"Site 8529,94.895278,16.515776,Insein,Ayeyarwady,213,65,4.9"
"Site 8530,97.298738,20.695401,Seikkan,Shan,203,180,1.4"
"Site 8531,93.420406,19.582087,Mingaladon,Naypyidaw,214,90,4.7"
"Site 8532,95.499679,21.129379,Shwepyitha,Sagaing,79,65,6.7"
"Site 8533,97.554504,18.179334,Hlaing,Magway,80,60,7.2"
"Site 8534,93.876905,20.311232,Dagon,Magway,170,65,1.2"
"Site 8535,95.305349,17.137492,Shwepyitha,Naypyidaw,143,120,5.6"
"Site 8536,93.841113,18.698197,Mingalar Taung Nyunt,Yangon,261,90,0.5"
"Site 8537,96.621722,21.854085,Kyauktada,Mon,283,180,4.6"
"Site 8538,94.559171,19.532386,Insein,Naypyidaw,358,90,4.4"
"Site 8539,96.179141,21.402468,Dagon,Mon,227,65,2.8"
"Site 8540,98.751893,21.489358,North Okkalapa,Naypyidaw,180,45,1.5"
"Site 8541,98.661604,16.896380,Botahtaung,Shan,217,60,3.1"
"Site 8542,98.913185,20.705675,Mingalar Taung Nyunt,Sagaing,133,60,1.1"
"Site 8543,97.214625,18.044335,Kamayut,Ayeyarwady,92,120,6.7"
"Site 8544,97.685985,21.522516,Seikkan,Kayin,126,120,4.6"
"Site 8545,98.319872,16.596382,Kyauktada,Bago,341,120,4.8"
"Site 8546,93.785308,21.159620,Insein,Naypyidaw,309,65,3.3"
"Site 8547,98.769764,17.028741,Mayangone,Kayin,60,90,4.3"
"Site 8548,96.766199,17.123729,Insein,Yangon,173,65,4.5"
"Site 8549,96.421070,17.310383,Mingalar Taung Nyunt,Mandalay,2,90,6.0"
"Site 8550,96.697231,20.924552,South Okkalapa,Naypyidaw,140,65,5.7"
"Site 8551,97.516325,19.797033,Mingalar Taung Nyunt,Bago,346,60,7.3"
"Site 8552,98.092814,21.729219,Insein,Naypyidaw,219,120,6.4"
"Site 8553,97.143365,15.925510,Mingalar Taung Nyunt,Shan,164,65,1.5"
"Site 8554,96.154133,18.948597,Mingalar Taung Nyunt,Kayin,5,180,5.5"
"Site 8555,93.247791,17.959946,North Okkalapa,Shan,137,45,5.3"
"Site 8556,97.078658,15.217633,Yankin,Naypyidaw,85,60,7.6"
"Site 8557,95.427291,18.209474,Seikkan,Sagaing,338,65,2.0"
"Site 8558,97.193647,16.423325,South Okkalapa,Magway,209,180,7.6"
"Site 8559,98.473687,16.229464,Kamayut,Sagaing,352,120,8.0"
"Site 8560,98.458958,18.967788,Hlaingthaya,Kayin,349,90,5.1"
"Site 8561,97.023173,18.664249,Insein,Yangon,220,120,2.7"
"Site 8562,98.747712,18.794281,Hlaingthaya,Sagaing,315,180,6.9"
"Site 8563,98.206994,18.466397,Mayangone,Shan,109,65,7.2"
"Site 8564,98.565127,21.225288,South Okkalapa,Yangon,341,45,2.3"
"Site 8565,94.550603,15.475372,Mayangone,Sagaing,249,60,7.7"
"Site 8566,93.079842,20.586128,Mayangone,Mandalay,323,120,2.5"
"Site 8567,98.458148,18.048020,Seikkan,Sagaing,79,65,3.6"
"Site 8568,96.145320,19.668996,North Okkalapa,Naypyidaw,275,90,1.2"
"Site 8569,95.626548,15.077841,Hlaingthaya,Magway,197,65,1.5"
"Site 8570,97.908382,16.169940,Seikkan,Bago,19,60,1.0"
"Site 8571,97.807785,17.035008,Dagon,Sagaing,96,90,7.2"
"Site 8572,97.014047,21.041698,Hlaingthaya,Mandalay,12,45,7.6"
"Site 8573,93.013218,18.353780,Pazundaung,Bago,288,45,3.8"
"Site 8574,94.290906,21.364884,Pazundaung,Naypyidaw,212,65,2.6"
"Site 8575,98.179573,16.821096,Kamayut,Naypyidaw,165,180,5.7"
"Site 8576,96.334868,19.131272,Mayangone,Magway,229,60,4.2"
"Site 8577,93.358995,16.863918,Mingaladon,Sagaing,280,65,6.9"
"Site 8578,97.662131,19.218065,South Okkalapa,Naypyidaw,237,60,5.4"
"Site 8579,98.782675,19.924321,Kamayut,Magway,58,120,4.8"
"Site 8580,95.364550,17.249589,Kamayut,Magway,151,90,2.0"
"Site 8581,96.712608,21.183934,Mingalar Taung Nyunt,Magway,356,120,1.7"
"Site 8582,98.197754,15.390617,North Okkalapa,Naypyidaw,47,90,3.2"
"Site 8583,97.212203,19.264214,Hlaingthaya,Kayin,128,65,6.8"
"Site 8584,95.974346,21.507333,Insein,Mandalay,278,120,5.6"
"Site 8585,93.842169,19.982055,North Okkalapa,Mandalay,167,65,1.3"
"Site 8586,93.810190,20.582188,Dagon,Mon,287,90,6.6"
"Site 8587,93.776168,21.473886,Thingangyun,Sagaing,113,65,3.4"
"Site 8588,98.048792,18.056490,Mingalar Taung Nyunt,Naypyidaw,260,180,4.9"
"Site 8589,98.341823,16.766002,Shwepyitha,Shan,243,60,5.9"
"Site 8590,96.093524,15.329235,Botahtaung,Mandalay,244,65,3.0"
"Site 8591,93.507513,19.313417,Seikkan,Yangon,69,180,4.2"
"Site 8592,98.882073,15.484618,Hlaingthaya,Magway,208,120,7.8"
"Site 8593,98.511439,18.978382,Mayangone,Bago,256,120,1.4"
"Site 8594,96.861215,15.628373,Seikkan,Yangon,269,45,6.4"
"Site 8595,97.937048,18.845790,Pazundaung,Mandalay,306,120,2.2"
"Site 8596,97.032026,15.121849,Seikkan,Kayin,258,120,7.4"
"Site 8597,95.137775,21.841420,North Okkalapa,Sagaing,57,45,4.7"
"Site 8598,96.257149,18.051785,Mingalar Taung Nyunt,Shan,217,120,6.6"
"Site 8599,94.040125,19.201308,Hlaing,Ayeyarwady,121,65,2.8"
"Site 8600,96.728523,15.227530,Dala,Sagaing,150,180,6.5"
"Site 8601,98.221409,20.609447,Kamayut,Kayin,234,65,1.4"
"Site 8602,94.072652,15.242124,Mingaladon,Magway,63,45,6.9"
"Site 8603,97.430558,20.775488,Mingaladon,Bago,359,65,4.2"
"Site 8604,96.174736,19.655057,Mingaladon,Magway,42,65,7.7"
"Site 8605,97.319709,21.982403,Hlaingthaya,Yangon,282,120,1.7"
"Site 8606,96.078793,20.677575,Hlaing,Magway,236,90,4.8"
"Site 8607,93.245694,20.497220,Dagon,Naypyidaw,8,180,5.0"
"Site 8608,97.911746,15.259760,Seikkan,Mon,254,120,1.6"
"Site 8609,95.614416,16.539886,Mingaladon,Mandalay,73,120,5.8"
"Site 8610,93.385849,16.720235,Dala,Yangon,191,180,2.7"
"Site 8611,93.293437,20.542700,Insein,Naypyidaw,188,65,1.5"
"Site 8612,97.954334,17.904887,Insein,Sagaing,138,60,1.3"
"Site 8613,93.026837,19.907640,Botahtaung,Ayeyarwady,16,45,5.1"
"Site 8614,97.965435,17.333678,Seikkan,Kayin,98,60,3.2"
"Site 8615,93.280730,17.723129,North Okkalapa,Shan,332,60,6.3"
"Site 8616,93.217264,21.935600,South Okkalapa,Mandalay,90,180,5.6"
"Site 8617,97.544880,17.090098,South Okkalapa,Bago,329,120,0.6"
"Site 8618,93.592193,20.369921,Mayangone,Naypyidaw,210,65,7.2"
"Site 8619,93.402063,19.514368,Mingaladon,Yangon,112,45,1.3"
"Site 8620,93.959607,19.848213,Hlaing,Mon,113,45,0.6"
"Site 8621,97.975856,20.983131,Mingaladon,Sagaing,77,180,3.9"
"Site 8622,93.943690,15.555229,Shwepyitha,Sagaing,181,60,2.5"
"Site 8623,94.781780,17.829769,Hlaing,Naypyidaw,300,45,4.0"
"Site 8624,93.123776,15.204457,Botahtaung,Mandalay,70,65,2.0"
"Site 8625,95.373825,21.520079,Insein,Sagaing,209,180,1.3"
"Site 8626,97.625926,17.664150,Hlaing,Kayin,240,180,2.1"
"Site 8627,95.712085,20.292019,Botahtaung,Yangon,193,90,6.6"
"Site 8628,95.741393,21.471992,Shwepyitha,Mandalay,60,120,2.8"
"Site 8629,95.865379,15.733042,Shwepyitha,Magway,247,120,1.6"
"Site 8630,95.969557,20.649916,Thingangyun,Kayin,353,60,1.6"
"Site 8631,95.199869,15.967146,Thingangyun,Ayeyarwady,255,180,4.9"
"Site 8632,96.208949,18.319217,Botahtaung,Bago,27,120,2.2"
"Site 8633,95.809575,17.353590,Hlaingthaya,Yangon,189,90,0.9"
"Site 8634,96.755320,18.898469,Mayangone,Shan,266,90,3.0"
"Site 8635,96.382728,16.946622,Mingalar Taung Nyunt,Mon,94,180,4.2"
"Site 8636,98.649338,19.199556,Seikkan,Shan,91,45,5.0"
"Site 8637,95.171999,19.367506,Kamayut,Magway,145,180,1.5"
"Site 8638,95.533745,21.295529,North Okkalapa,Yangon,194,60,3.9"
"Site 8639,97.926300,15.552931,Insein,Mon,329,45,6.5"
"Site 8640,93.604367,20.333866,Mingalar Taung Nyunt,Naypyidaw,80,120,4.2"
"Site 8641,97.758069,20.175707,Hlaing,Magway,115,60,1.9"
"Site 8642,93.552391,19.037241,Pazundaung,Sagaing,340,120,7.0"
"Site 8643,93.277378,21.615239,Hlaingthaya,Shan,192,45,5.3"
"Site 8644,96.177027,17.293166,Shwepyitha,Shan,93,45,2.0"
"Site 8645,95.051815,16.749710,Pazundaung,Yangon,110,180,6.3"
"Site 8646,94.951406,16.531370,Botahtaung,Magway,185,60,0.7"
"Site 8647,98.172909,15.394292,Mayangone,Magway,127,120,3.7"
"Site 8648,95.719293,18.161255,Yankin,Kayin,255,180,5.7"
"Site 8649,98.479053,21.345166,Insein,Yangon,141,60,5.5"
"Site 8650,96.789332,20.753007,Hlaing,Mandalay,115,90,5.2"
"Site 8651,98.196633,15.120457,Hlaingthaya,Mandalay,236,180,1.8"
"Site 8652,97.516582,17.972867,Hlaingthaya,Magway,208,90,3.8"
"Site 8653,95.360168,17.774916,South Okkalapa,Shan,281,90,3.7"
"Site 8654,97.235633,15.343839,Mingalar Taung Nyunt,Shan,89,120,1.7"
"Site 8655,97.059963,19.839046,South Okkalapa,Magway,0,65,2.4"
"Site 8656,94.181707,15.209724,Hlaing,Naypyidaw,22,180,6.5"
"Site 8657,93.303641,16.685767,Dala,Shan,201,90,2.4"
"Site 8658,96.523087,17.237755,Pazundaung,Ayeyarwady,274,60,2.9"
"Site 8659,97.989163,20.989835,Mingalar Taung Nyunt,Shan,107,180,1.4"
"Site 8660,98.374685,21.996356,Mingaladon,Ayeyarwady,126,90,4.9"
"Site 8661,94.743663,17.909031,Kamayut,Kayin,137,180,6.5"
"Site 8662,97.621802,16.799233,Kamayut,Bago,150,90,7.5"
"Site 8663,93.951318,15.117431,Kamayut,Mon,141,65,6.2"
"Site 8664,94.865309,19.958548,Mingalar Taung Nyunt,Mandalay,330,65,5.9"
"Site 8665,94.431464,18.563315,Mingalar Taung Nyunt,Mon,349,60,4.4"
"Site 8666,97.855441,19.852993,Mingaladon,Sagaing,332,90,6.3"
"Site 8667,98.820401,21.184150,Mingalar Taung Nyunt,Shan,170,65,1.6"
"Site 8668,94.153334,15.472965,Yankin,Mandalay,136,60,5.1"
"Site 8669,98.968926,18.450377,Kyauktada,Bago,62,65,1.6"
"Site 8670,97.670858,15.945725,Kamayut,Magway,104,90,5.1"
"Site 8671,96.188527,17.268544,Hlaingthaya,Ayeyarwady,202,65,3.2"
"Site 8672,94.994958,18.396268,Seikkan,Mon,27,65,3.4"
"Site 8673,96.259571,21.228068,Mingaladon,Ayeyarwady,319,65,5.5"
"Site 8674,98.768884,16.958684,Pazundaung,Yangon,293,90,6.5"
"Site 8675,96.284913,21.212482,Pazundaung,Sagaing,212,120,4.8"
"Site 8676,96.491506,19.279346,North Okkalapa,Kayin,114,45,2.0"
"Site 8677,96.967738,18.699683,Seikkan,Magway,265,180,0.9"
"Site 8678,98.238315,21.255282,Mingaladon,Kayin,120,180,3.6"
"Site 8679,98.631787,17.422787,Kyauktada,Ayeyarwady,239,65,1.0"
"Site 8680,93.220488,17.350864,Botahtaung,Magway,64,45,6.0"
"Site 8681,97.365524,21.628927,Dala,Bago,107,60,2.6"
"Site 8682,98.123347,20.303474,Mingalar Taung Nyunt,Magway,324,65,2.2"
"Site 8683,95.129552,17.902616,Kyauktada,Bago,321,60,7.8"
"Site 8684,95.766402,20.238547,Dala,Magway,129,65,6.5"
"Site 8685,93.819774,20.289748,Seikkan,Sagaing,143,120,7.4"
"Site 8686,93.114079,21.950063,Thingangyun,Naypyidaw,55,120,2.2"
"Site 8687,97.235204,16.259420,Shwepyitha,Kayin,171,180,4.1"
"Site 8688,96.285556,15.531702,Thingangyun,Mon,0,60,3.4"
"Site 8689,95.951854,21.256325,Hlaing,Kayin,26,65,5.6"
"Site 8690,97.338573,20.771324,Insein,Kayin,185,60,5.3"
"Site 8691,96.863121,20.714943,Dagon,Magway,123,60,5.1"
"Site 8692,98.318768,16.655756,South Okkalapa,Mon,309,120,4.0"
"Site 8693,95.155034,18.890391,Mayangone,Mandalay,268,120,4.7"
"Site 8694,96.899259,15.428709,Kamayut,Ayeyarwady,291,90,4.0"
"Site 8695,94.681253,19.308743,Insein,Magway,185,45,0.6"
"Site 8696,97.984118,20.225206,Mingalar Taung Nyunt,Mandalay,223,120,1.4"
"Site 8697,95.162504,17.694870,Mingaladon,Bago,136,120,4.5"
"Site 8698,98.430386,18.450495,Hlaing,Mon,220,45,6.0"
"Site 8699,95.091812,18.225865,Dala,Naypyidaw,196,180,4.4"
"Site 8700,97.645599,15.617979,Botahtaung,Bago,68,120,3.2"
"Site 8701,98.357018,16.715362,Insein,Shan,209,120,6.2"
"Site 8702,98.400164,15.393140,Kamayut,Ayeyarwady,233,45,7.6"
"Site 8703,94.037792,21.409143,Thingangyun,Mon,294,65,7.3"
"Site 8704,96.240669,19.544901,Yankin,Magway,103,180,2.7"
"Site 8705,96.231130,20.244702,Mayangone,Yangon,321,65,5.2"
"Site 8706,96.488133,15.239255,Dagon,Mandalay,155,180,2.6"
"Site 8707,94.398925,18.582421,Dala,Ayeyarwady,0,60,6.9"
"Site 8708,94.318890,16.101317,Yankin,Ayeyarwady,304,180,3.0"
"Site 8709,94.956633,21.834637,Thingangyun,Bago,310,65,1.7"
"Site 8710,97.425792,15.122573,Dagon,Naypyidaw,200,120,2.4"
"Site 8711,97.083556,19.979282,Dagon,Ayeyarwady,352,45,4.5"
"Site 8712,97.138449,19.243680,Shwepyitha,Shan,277,45,1.2"
"Site 8713,97.958584,16.964939,Dala,Shan,244,120,1.3"
"Site 8714,96.644605,20.644579,Hlaingthaya,Mon,161,45,6.3"
"Site 8715,98.974167,18.191414,South Okkalapa,Yangon,82,60,5.1"
"Site 8716,94.249999,16.867408,Mingalar Taung Nyunt,Shan,24,180,5.6"
"Site 8717,95.986094,21.903859,Yankin,Kayin,75,65,7.6"
"Site 8718,95.710970,20.617243,Seikkan,Kayin,320,90,4.1"
"Site 8719,94.729246,20.837370,Insein,Mon,124,45,0.9"
"Site 8720,94.578062,17.860770,Insein,Yangon,117,45,1.8"
"Site 8721,95.220859,19.586363,Botahtaung,Kayin,133,60,7.5"
"Site 8722,96.563449,20.055421,Mayangone,Yangon,102,60,7.0"
"Site 8723,96.096815,20.027467,South Okkalapa,Sagaing,236,60,5.7"
"Site 8724,94.530105,20.509228,Mingaladon,Kayin,203,60,7.4"
"Site 8725,94.796872,19.544563,Insein,Sagaing,25,60,3.7"
"Site 8726,94.844513,18.136968,Mingalar Taung Nyunt,Sagaing,90,180,1.8"
"Site 8727,98.553316,16.486803,Mayangone,Shan,99,180,5.4"
"Site 8728,94.000935,21.902567,Mingaladon,Naypyidaw,77,60,3.4"
"Site 8729,94.821859,17.774302,Dagon,Yangon,178,90,4.6"
"Site 8730,94.156881,19.204425,Thingangyun,Bago,328,90,1.6"
"Site 8731,98.591678,16.038100,Kyauktada,Mandalay,312,180,2.8"
"Site 8732,93.887576,19.000501,Hlaingthaya,Yangon,350,60,3.8"
"Site 8733,93.791004,16.721674,Seikkan,Magway,190,45,2.0"
"Site 8734,96.631382,16.268857,Mayangone,Yangon,305,90,5.5"
"Site 8735,97.641566,19.319431,Dagon,Ayeyarwady,127,180,2.4"
"Site 8736,93.646929,20.066736,Seikkan,Kayin,229,45,2.0"
"Site 8737,96.375570,20.792584,Dala,Kayin,316,65,2.7"
"Site 8738,94.026752,21.411739,Kyauktada,Bago,74,45,3.3"
"Site 8739,95.542739,17.017721,Mingalar Taung Nyunt,Bago,239,90,6.4"
"Site 8740,93.867543,21.071078,Seikkan,Bago,246,90,0.9"
"Site 8741,96.154911,21.183107,Shwepyitha,Ayeyarwady,334,60,6.7"
"Site 8742,93.278705,17.647298,Kamayut,Yangon,43,120,7.6"
"Site 8743,94.411605,16.529560,Pazundaung,Bago,143,90,3.9"
"Site 8744,93.452565,20.604041,Kyauktada,Mandalay,231,180,3.9"
"Site 8745,95.031501,16.604988,Dagon,Sagaing,319,65,7.5"
"Site 8746,97.628811,19.495615,Thingangyun,Ayeyarwady,168,45,1.0"
"Site 8747,94.320939,17.552486,Hlaing,Mon,3,65,6.1"
"Site 8748,96.801978,17.332777,Dala,Bago,326,120,6.8"
"Site 8749,94.796285,15.430521,Seikkan,Kayin,346,120,3.9"
"Site 8750,96.995650,16.963836,Hlaing,Yangon,22,65,3.5"
"Site 8751,96.854469,17.536483,Pazundaung,Shan,25,120,1.1"
"Site 8752,97.640513,21.832374,Hlaingthaya,Magway,122,65,2.3"
"Site 8753,94.196900,18.050111,Yankin,Shan,204,120,3.3"
"Site 8754,97.727095,20.595504,Thingangyun,Ayeyarwady,318,45,5.7"
"Site 8755,95.821607,15.850458,Mayangone,Mandalay,129,60,5.5"
"Site 8756,93.796588,20.880231,Yankin,Magway,167,60,1.5"
"Site 8757,98.755504,20.597579,Mingaladon,Magway,149,60,1.6"
"Site 8758,95.476733,18.162265,South Okkalapa,Ayeyarwady,323,90,7.7"
"Site 8759,96.959876,16.006129,Kamayut,Yangon,111,60,3.8"
"Site 8760,97.836515,16.589783,Kyauktada,Ayeyarwady,130,90,4.1"
"Site 8761,97.425526,21.098976,Thingangyun,Ayeyarwady,340,60,1.3"
"Site 8762,93.330830,21.933310,Hlaing,Naypyidaw,99,45,6.3"
"Site 8763,93.877493,15.628569,Dala,Naypyidaw,288,65,1.3"
"Site 8764,98.114409,15.979365,Seikkan,Bago,68,180,4.5"
"Site 8765,93.095755,15.913383,Mayangone,Bago,115,120,5.5"
"Site 8766,94.460310,15.337758,Mingaladon,Magway,235,65,4.4"
"Site 8767,96.754909,16.112962,Dala,Sagaing,88,45,2.1"
"Site 8768,96.262304,20.275942,North Okkalapa,Ayeyarwady,178,180,5.5"
"Site 8769,94.095305,15.387856,Mayangone,Bago,359,120,2.7"
"Site 8770,93.010767,18.294098,Seikkan,Mandalay,105,180,2.0"
"Site 8771,94.106664,18.494253,Mingaladon,Kayin,52,45,4.8"
"Site 8772,95.403271,16.867682,Shwepyitha,Sagaing,293,120,1.9"
"Site 8773,93.470602,15.490212,Botahtaung,Bago,97,180,6.6"
"Site 8774,93.306349,20.554874,Kyauktada,Ayeyarwady,233,180,2.5"
"Site 8775,96.211159,20.922919,Mayangone,Shan,16,45,3.7"
"Site 8776,93.213747,16.497766,Mingaladon,Naypyidaw,343,65,1.0"
"Site 8777,96.698039,15.763126,Mayangone,Naypyidaw,261,90,0.7"
"Site 8778,94.270274,15.435138,Mayangone,Yangon,319,120,3.6"
"Site 8779,98.530565,15.773016,Hlaing,Magway,236,60,7.4"
"Site 8780,97.190588,16.655872,Kamayut,Sagaing,239,180,2.3"
"Site 8781,97.741759,16.600844,Hlaingthaya,Naypyidaw,90,65,3.6"
"Site 8782,96.881336,15.167633,Thingangyun,Naypyidaw,167,120,7.1"
"Site 8783,98.694728,15.761369,Mayangone,Kayin,282,90,2.1"
"Site 8784,96.089590,19.697149,Insein,Kayin,104,120,1.4"
"Site 8785,96.850882,16.846446,Thingangyun,Mon,355,45,2.2"
"Site 8786,94.084889,19.493725,Yankin,Kayin,326,60,3.9"
"Site 8787,94.366882,19.829833,Kyauktada,Naypyidaw,109,45,6.0"
"Site 8788,95.852725,16.433427,Dagon,Magway,245,65,0.6"
"Site 8789,93.011341,15.640773,Insein,Mandalay,291,45,0.6"
"Site 8790,98.556050,20.866284,Hlaingthaya,Kayin,223,90,3.0"
"Site 8791,94.135154,19.854268,Thingangyun,Kayin,155,90,7.4"
"Site 8792,97.127212,15.600082,North Okkalapa,Sagaing,25,45,6.7"
"Site 8793,93.726804,20.477650,Insein,Naypyidaw,183,45,3.2"
"Site 8794,93.626865,20.502722,Mayangone,Mandalay,216,60,3.2"
"Site 8795,93.967252,19.081973,Seikkan,Yangon,296,90,0.6"
"Site 8796,94.161843,16.546143,Kyauktada,Mon,185,65,4.2"
"Site 8797,97.866540,15.659002,Hlaingthaya,Naypyidaw,141,90,3.1"
"Site 8798,98.908906,21.095747,Mayangone,Yangon,37,65,6.3"
"Site 8799,98.826658,15.243585,Dagon,Shan,143,120,6.3"
"Site 8800,94.328912,21.543492,Shwepyitha,Ayeyarwady,46,180,7.0"
"Site 8801,93.852021,19.371775,Seikkan,Bago,187,90,3.2"
"Site 8802,96.031427,15.196040,Hlaingthaya,Magway,167,120,3.5"
"Site 8803,95.013478,21.537803,Mingaladon,Magway,30,60,6.6"
"Site 8804,95.277581,20.360016,Seikkan,Shan,317,90,7.7"
"Site 8805,97.091684,15.055221,Mingalar Taung Nyunt,Ayeyarwady,349,65,4.4"
"Site 8806,96.014213,17.344127,Shwepyitha,Mon,281,60,7.8"
"Site 8807,93.072171,20.682445,South Okkalapa,Mandalay,167,65,3.7"
"Site 8808,93.905148,16.482059,Thingangyun,Mandalay,233,120,3.3"
"Site 8809,95.845506,16.686364,Dala,Yangon,86,60,1.3"
"Site 8810,95.848909,17.721875,Mingaladon,Bago,37,65,7.6"
"Site 8811,96.762850,19.689188,Pazundaung,Sagaing,58,45,4.9"
"Site 8812,93.702942,19.776121,North Okkalapa,Sagaing,89,65,5.3"
"Site 8813,96.848903,20.267286,Mingaladon,Yangon,91,120,3.4"
"Site 8814,94.070824,16.803292,Pazundaung,Naypyidaw,108,65,6.8"
"Site 8815,97.204785,19.832766,Mingalar Taung Nyunt,Bago,260,180,7.0"
"Site 8816,95.893855,17.700784,Mingaladon,Ayeyarwady,162,45,5.6"
"Site 8817,95.479285,17.256646,Seikkan,Magway,326,45,6.1"
"Site 8818,96.837815,15.094783,Mayangone,Magway,80,60,5.1"
"Site 8819,95.815183,17.148258,North Okkalapa,Shan,65,90,5.3"
"Site 8820,96.065617,15.731849,North Okkalapa,Naypyidaw,93,90,2.0"
"Site 8821,94.281180,16.202173,Kamayut,Mon,4,60,5.6"
"Site 8822,98.741850,17.121269,Thingangyun,Naypyidaw,267,120,5.2"
"Site 8823,94.906226,19.750291,Kyauktada,Naypyidaw,333,120,3.8"
"Site 8824,95.227636,16.461021,Hlaingthaya,Mon,39,120,6.3"
"Site 8825,98.030958,21.536741,Pazundaung,Magway,306,180,2.6"
"Site 8826,94.358211,19.483768,Pazundaung,Ayeyarwady,175,65,2.1"
"Site 8827,97.373032,16.435996,Dagon,Yangon,332,90,4.6"
"Site 8828,95.323342,19.972193,Kyauktada,Ayeyarwady,139,45,5.0"
"Site 8829,94.760272,19.853214,Hlaing,Mon,40,45,7.1"
"Site 8830,96.661658,19.851757,North Okkalapa,Kayin,247,180,7.3"
"Site 8831,93.116455,21.354246,Hlaingthaya,Bago,180,65,3.2"
"Site 8832,95.437104,16.774635,Seikkan,Mandalay,79,90,1.3"
"Site 8833,95.359462,16.712757,Yankin,Yangon,330,120,4.9"
"Site 8834,98.440511,20.395874,South Okkalapa,Shan,327,45,3.3"
"Site 8835,93.103835,19.142006,South Okkalapa,Bago,336,90,4.8"
"Site 8836,98.154877,15.060142,Mingaladon,Sagaing,7,180,1.5"
"Site 8837,98.396705,18.280516,Pazundaung,Magway,203,120,4.9"
"Site 8838,94.690120,20.505404,Shwepyitha,Kayin,124,90,1.9"
"Site 8839,95.313617,17.966637,Pazundaung,Mon,277,90,7.1"
"Site 8840,97.756481,20.838844,Hlaing,Kayin,332,45,5.3"
"Site 8841,93.205168,19.783349,Seikkan,Bago,258,45,4.2"
"Site 8842,98.090117,19.456150,Pazundaung,Bago,171,90,3.4"
"Site 8843,95.128541,16.245879,Yankin,Bago,47,120,6.2"
"Site 8844,98.235982,19.820099,Dagon,Mandalay,170,180,2.3"
"Site 8845,94.255084,16.272610,Dagon,Ayeyarwady,24,120,0.9"
"Site 8846,97.543422,16.391372,Seikkan,Ayeyarwady,210,120,6.5"
"Site 8847,93.185857,18.010485,Dala,Mon,227,60,5.5"
"Site 8848,94.396160,20.543649,Hlaing,Naypyidaw,62,120,1.3"
"Site 8849,93.121105,16.738882,Mingaladon,Mandalay,61,60,3.6"
"Site 8850,94.647300,21.207920,Dagon,Mon,214,90,5.8"
"Site 8851,95.764881,20.876167,Kyauktada,Bago,29,120,4.0"
"Site 8852,95.161801,20.623483,Pazundaung,Sagaing,268,120,6.0"
"Site 8853,93.762320,17.373172,North Okkalapa,Mandalay,296,45,1.8"
"Site 8854,95.013643,18.390712,North Okkalapa,Bago,291,65,0.7"
"Site 8855,94.142001,20.522348,Dala,Yangon,185,180,1.6"
"Site 8856,95.921330,19.427038,Mingalar Taung Nyunt,Naypyidaw,50,180,5.7"
"Site 8857,97.918690,18.149811,Hlaingthaya,Shan,107,90,2.2"
"Site 8858,97.031957,15.110742,Dala,Shan,185,60,6.6"
"Site 8859,93.670146,20.598808,Insein,Ayeyarwady,186,120,6.2"
"Site 8860,93.871737,18.988835,Hlaingthaya,Shan,272,60,4.9"
"Site 8861,94.581006,16.378462,Botahtaung,Yangon,64,120,2.8"
"Site 8862,93.869638,20.491940,Hlaing,Magway,178,180,7.7"
"Site 8863,96.728034,15.179564,Kyauktada,Ayeyarwady,185,120,2.6"
"Site 8864,93.280694,21.441203,Mingaladon,Ayeyarwady,271,90,6.3"
"Site 8865,98.485173,19.548380,Hlaingthaya,Mon,345,120,6.6"
"Site 8866,95.138985,20.388853,South Okkalapa,Shan,139,45,2.3"
"Site 8867,97.320821,15.911186,Mayangone,Shan,200,90,5.4"
"Site 8868,93.015559,19.957001,Yankin,Mon,42,60,8.0"
"Site 8869,96.490302,16.449528,Insein,Shan,76,65,1.4"
"Site 8870,93.030117,16.397214,Kamayut,Sagaing,234,180,2.7"
"Site 8871,94.996617,21.002491,Shwepyitha,Sagaing,306,65,0.7"
"Site 8872,97.533765,15.356011,Dala,Kayin,338,120,1.6"
"Site 8873,95.466902,15.564950,Kamayut,Naypyidaw,95,180,4.7"
"Site 8874,96.902676,16.480163,Yankin,Shan,348,65,4.9"
"Site 8875,94.765312,16.476919,Hlaingthaya,Naypyidaw,272,65,2.7"
"Site 8876,96.026405,17.131978,Dagon,Mandalay,330,60,5.8"
"Site 8877,97.155177,20.343102,Kamayut,Sagaing,112,60,5.0"
"Site 8878,95.370493,21.820838,Yankin,Yangon,25,180,6.8"
"Site 8879,94.115109,21.774559,Shwepyitha,Kayin,110,65,6.7"
"Site 8880,97.441509,21.091304,Shwepyitha,Mon,212,120,7.0"
"Site 8881,95.737757,21.305286,Mingaladon,Kayin,179,90,2.5"
"Site 8882,96.233289,17.997402,Hlaingthaya,Sagaing,330,120,3.5"
"Site 8883,93.572887,15.561765,Hlaing,Yangon,253,180,1.3"
"Site 8884,93.682590,21.139366,Pazundaung,Sagaing,74,65,4.5"
"Site 8885,94.428857,16.996811,Insein,Shan,271,65,7.7"
"Site 8886,94.323260,18.179221,Yankin,Mon,327,65,6.0"
"Site 8887,94.232462,18.883206,Mayangone,Sagaing,161,120,1.4"
"Site 8888,93.149940,17.146122,Hlaing,Sagaing,179,65,1.3"
"Site 8889,94.268602,19.874112,Shwepyitha,Kayin,149,180,6.8"
"Site 8890,96.173874,20.701853,Kyauktada,Sagaing,307,180,6.6"
"Site 8891,98.502410,17.003370,Hlaingthaya,Mandalay,117,60,3.1"
"Site 8892,96.745371,15.181715,Kamayut,Naypyidaw,213,180,2.8"
"Site 8893,95.303481,18.360559,Insein,Bago,31,90,6.0"
"Site 8894,96.732601,16.092339,South Okkalapa,Ayeyarwady,252,65,3.4"
"Site 8895,95.014326,18.590179,North Okkalapa,Magway,162,60,4.7"
"Site 8896,93.132662,20.644787,Shwepyitha,Ayeyarwady,43,65,1.1"
"Site 8897,96.150613,16.740858,Mayangone,Mon,327,90,6.7"
"Site 8898,93.983657,21.323497,Mingaladon,Mandalay,170,45,7.0"
"Site 8899,97.211170,21.464620,North Okkalapa,Magway,188,120,3.3"
"Site 8900,97.732698,19.347441,Insein,Magway,74,60,1.8"
"Site 8901,96.275341,15.166652,Seikkan,Magway,112,45,5.5"
"Site 8902,97.647243,17.395201,Pazundaung,Mandalay,255,65,4.9"
"Site 8903,97.384405,21.638456,Shwepyitha,Naypyidaw,271,120,7.2"
"Site 8904,93.243772,16.506809,Hlaingthaya,Magway,280,65,3.7"
"Site 8905,98.651903,15.717358,Mayangone,Magway,29,90,6.1"
"Site 8906,95.138287,16.748386,South Okkalapa,Bago,303,120,4.0"
"Site 8907,98.343577,21.988731,South Okkalapa,Ayeyarwady,308,45,7.9"
"Site 8908,98.291330,20.145776,Shwepyitha,Bago,304,60,3.3"
"Site 8909,96.292244,18.721132,Hlaing,Sagaing,194,120,3.3"
"Site 8910,98.249746,19.399075,Seikkan,Magway,309,180,3.9"
"Site 8911,96.163900,20.551495,Hlaing,Magway,132,65,1.8"
"Site 8912,97.181243,20.195000,Yankin,Naypyidaw,57,60,1.6"
"Site 8913,98.595996,16.461069,Botahtaung,Bago,91,120,7.0"
"Site 8914,96.395319,19.993535,Hlaing,Bago,339,90,6.2"
"Site 8915,98.968863,17.232604,Kyauktada,Ayeyarwady,306,180,4.7"
"Site 8916,96.412996,21.930201,Seikkan,Sagaing,140,60,4.9"
"Site 8917,94.887007,16.104733,Seikkan,Mon,223,90,7.0"
"Site 8918,93.039297,16.308102,Pazundaung,Yangon,325,65,3.1"
"Site 8919,98.351791,17.034202,Dala,Mon,50,60,7.6"
"Site 8920,96.365766,19.922750,Hlaing,Kayin,235,120,1.7"
"Site 8921,93.045987,21.371719,Dagon,Mandalay,19,45,1.3"
"Site 8922,95.297697,16.195082,Mingaladon,Shan,206,120,4.6"
"Site 8923,95.323005,18.515176,Mingaladon,Bago,36,90,6.3"
"Site 8924,94.942183,16.229646,Seikkan,Kayin,152,65,2.5"
"Site 8925,97.788634,21.067090,Dala,Yangon,346,45,6.3"
"Site 8926,98.366945,15.436939,Pazundaung,Mon,226,90,7.4"
"Site 8927,94.747775,21.982385,Hlaing,Mandalay,122,45,4.1"
"Site 8928,96.124937,21.680294,Mingalar Taung Nyunt,Shan,165,180,1.1"
"Site 8929,97.479358,16.963977,Seikkan,Yangon,32,60,3.1"
"Site 8930,96.545643,21.516349,Dala,Mandalay,28,45,3.0"
"Site 8931,98.885616,19.488845,Mingaladon,Sagaing,33,65,7.4"
"Site 8932,96.824315,15.305742,Mingalar Taung Nyunt,Mandalay,343,90,6.0"
"Site 8933,94.167010,16.935139,Hlaingthaya,Magway,75,120,3.5"
"Site 8934,98.637843,16.995459,Mingalar Taung Nyunt,Mon,231,60,4.9"
"Site 8935,95.559338,19.118960,Hlaingthaya,Bago,77,120,4.0"
"Site 8936,97.552289,19.171539,South Okkalapa,Yangon,116,120,4.7"
"Site 8937,96.794510,19.213872,Yankin,Magway,167,65,1.6"
"Site 8938,95.954333,15.050125,Yankin,Naypyidaw,186,65,1.1"
"Site 8939,98.581197,16.087653,Yankin,Ayeyarwady,357,65,4.7"
"Site 8940,98.430114,15.532265,South Okkalapa,Shan,144,60,1.9"
"Site 8941,96.401420,19.904133,Pazundaung,Kayin,145,65,2.3"
"Site 8942,93.137698,16.759677,South Okkalapa,Sagaing,341,120,7.8"
"Site 8943,93.686073,18.404705,Mingaladon,Magway,326,120,4.1"
"Site 8944,97.161653,15.312210,Kyauktada,Sagaing,54,60,2.9"
"Site 8945,97.073093,17.985098,Hlaing,Ayeyarwady,188,60,7.1"
"Site 8946,98.802720,20.195111,Mingaladon,Shan,196,60,3.5"
"Site 8947,93.848168,15.378821,Botahtaung,Mon,280,90,7.6"
"Site 8948,98.590293,20.930857,Yankin,Mandalay,291,45,4.9"
"Site 8949,93.944620,17.567581,South Okkalapa,Yangon,124,120,5.4"
"Site 8950,94.096009,21.298197,Pazundaung,Sagaing,64,65,8.0"
"Site 8951,95.232151,17.037117,Shwepyitha,Mon,44,120,3.2"
"Site 8952,96.569927,16.639638,Shwepyitha,Sagaing,83,60,1.3"
"Site 8953,93.370089,17.708081,Dala,Shan,329,45,5.7"
"Site 8954,97.689174,16.887404,Kamayut,Mon,215,45,4.1"
"Site 8955,95.254205,19.693147,Kamayut,Sagaing,221,120,4.5"
"Site 8956,95.569702,16.279308,Insein,Bago,313,65,2.7"
"Site 8957,96.649904,16.920160,Hlaingthaya,Kayin,348,120,6.5"
"Site 8958,94.904250,21.011179,Hlaingthaya,Mon,118,120,7.3"
"Site 8959,97.578181,18.460369,Insein,Naypyidaw,105,180,3.5"
"Site 8960,93.999813,20.668022,Yankin,Mon,196,45,5.3"
"Site 8961,95.923447,18.519728,Hlaingthaya,Ayeyarwady,332,120,1.4"
"Site 8962,94.899844,19.016754,South Okkalapa,Shan,205,120,2.8"
"Site 8963,96.523891,21.952552,Yankin,Mon,67,180,3.6"
"Site 8964,97.066117,17.200391,North Okkalapa,Kayin,30,60,7.0"
"Site 8965,94.457777,16.289526,Yankin,Yangon,339,180,6.4"
"Site 8966,98.040395,17.844539,Mayangone,Naypyidaw,56,120,1.0"
"Site 8967,94.841751,19.582382,Kyauktada,Yangon,348,180,2.9"
"Site 8968,93.266493,19.708407,Mingalar Taung Nyunt,Shan,197,45,6.6"
"Site 8969,95.916228,16.039317,Seikkan,Mon,236,180,4.2"
"Site 8970,97.217923,18.471568,Hlaing,Mandalay,178,45,4.4"
"Site 8971,94.737162,15.739571,Mingalar Taung Nyunt,Magway,199,60,2.0"
"Site 8972,96.107802,17.078226,Yankin,Mandalay,197,120,6.0"
"Site 8973,96.329413,16.299262,Kamayut,Shan,309,60,7.7"
"Site 8974,97.524782,19.905109,Pazundaung,Magway,109,90,1.2"
"Site 8975,94.944173,18.744023,North Okkalapa,Naypyidaw,164,45,4.8"
"Site 8976,93.840367,19.530905,Botahtaung,Kayin,73,180,4.1"
"Site 8977,98.601938,15.430288,Mingalar Taung Nyunt,Kayin,286,60,7.5"
"Site 8978,95.549887,16.907631,Mingaladon,Naypyidaw,13,45,3.9"
"Site 8979,96.452192,17.786639,South Okkalapa,Mandalay,179,90,4.3"
"Site 8980,97.719005,19.481647,Thingangyun,Kayin,76,120,4.0"
"Site 8981,94.862943,16.752103,North Okkalapa,Magway,312,180,4.6"
"Site 8982,98.690505,21.409113,North Okkalapa,Ayeyarwady,316,65,7.9"
"Site 8983,96.113347,17.762365,Kyauktada,Shan,244,60,2.0"
"Site 8984,98.753242,15.560795,Hlaing,Naypyidaw,294,45,5.7"
"Site 8985,97.165465,16.033620,Hlaingthaya,Ayeyarwady,247,120,3.7"
"Site 8986,93.195605,21.481266,Kamayut,Sagaing,100,60,6.1"
"Site 8987,98.916176,17.723349,Yankin,Mandalay,89,180,4.9"
"Site 8988,97.191379,17.168876,Insein,Kayin,11,60,6.8"
"Site 8989,93.040998,21.894800,Seikkan,Ayeyarwady,289,60,7.4"
"Site 8990,96.306704,19.434112,North Okkalapa,Bago,8,45,3.0"
"Site 8991,95.932184,15.349880,Kyauktada,Bago,335,120,7.1"
"Site 8992,97.077493,15.071788,North Okkalapa,Yangon,332,60,7.3"
"Site 8993,94.205832,19.391789,Hlaing,Magway,154,90,5.4"
"Site 8994,98.264343,21.167987,Kamayut,Ayeyarwady,270,65,3.8"
"Site 8995,97.871782,16.618317,North Okkalapa,Mandalay,173,120,4.0"
"Site 8996,97.419070,15.808522,Dagon,Sagaing,238,65,1.3"
"Site 8997,98.622756,15.321230,Kyauktada,Mon,78,90,3.7"
"Site 8998,94.519150,20.569518,Kyauktada,Sagaing,143,65,7.0"
"Site 8999,97.603753,19.690815,Dagon,Shan,266,60,6.5"
"Site 9000,97.355600,21.131896,Kamayut,Mandalay,233,180,1.4"
"Site 9001,96.082765,18.979246,Dala,Yangon,284,65,1.6"
"Site 9002,96.019828,17.632559,Pazundaung,Mandalay,245,60,7.5"
"Site 9003,95.554418,15.076121,Seikkan,Mon,355,65,5.8"
"Site 9004,95.063102,17.756882,Pazundaung,Magway,111,60,7.0"
"Site 9005,95.189724,19.678910,Mingaladon,Kayin,289,60,4.7"
"Site 9006,97.263021,19.323682,Hlaing,Naypyidaw,325,120,2.6"
"Site 9007,96.096670,18.042683,Mingalar Taung Nyunt,Shan,25,60,1.9"
"Site 9008,98.275110,15.362434,Seikkan,Shan,207,60,4.9"
"Site 9009,97.704329,20.275904,Seikkan,Sagaing,325,120,1.3"
"Site 9010,97.341610,21.482594,Hlaingthaya,Mon,0,65,6.0"
"Site 9011,94.095679,15.297152,Mingalar Taung Nyunt,Ayeyarwady,189,180,6.9"
"Site 9012,95.709882,20.787920,Yankin,Bago,42,180,4.0"
"Site 9013,93.121226,17.029631,Hlaing,Mon,141,45,7.1"
"Site 9014,96.998927,20.691560,Dagon,Sagaing,71,120,5.9"
"Site 9015,95.681935,15.853808,Shwepyitha,Mandalay,321,180,5.9"
"Site 9016,95.181144,15.279758,Thingangyun,Ayeyarwady,281,120,7.9"
"Site 9017,95.852788,18.487633,Hlaing,Yangon,219,180,6.1"
"Site 9018,93.501883,15.279320,Kyauktada,Mandalay,266,45,5.4"
"Site 9019,97.744201,15.700503,Insein,Mandalay,330,90,7.6"
"Site 9020,97.598614,16.094691,Hlaing,Bago,343,180,6.1"
"Site 9021,97.721741,18.312812,Hlaing,Shan,76,120,3.8"
"Site 9022,98.308171,20.005125,Dala,Ayeyarwady,142,60,3.1"
"Site 9023,94.641275,20.554440,Thingangyun,Yangon,70,60,2.2"
"Site 9024,96.380716,17.631620,Seikkan,Mon,209,180,2.1"
"Site 9025,98.546303,20.474601,Kamayut,Mandalay,148,180,5.3"
"Site 9026,97.055382,20.790381,Dala,Mon,198,90,4.8"
"Site 9027,97.138177,15.705850,Botahtaung,Kayin,40,60,0.6"
"Site 9028,95.231968,16.887641,Kyauktada,Shan,336,45,2.5"
"Site 9029,97.197596,15.585525,Pazundaung,Mandalay,248,60,6.8"
"Site 9030,97.017132,18.325790,Mayangone,Ayeyarwady,262,180,0.6"
"Site 9031,96.127898,19.188675,Kamayut,Shan,65,65,2.9"
"Site 9032,98.152296,17.196851,Kamayut,Ayeyarwady,234,180,5.8"
"Site 9033,98.345814,15.549563,Kamayut,Shan,159,65,3.9"
"Site 9034,97.608864,17.038762,Yankin,Shan,238,180,6.3"
"Site 9035,94.218681,20.759914,Shwepyitha,Mon,271,90,7.5"
"Site 9036,97.662042,18.677651,North Okkalapa,Naypyidaw,337,60,2.3"
"Site 9037,96.462840,21.295251,Dala,Ayeyarwady,94,180,8.0"
"Site 9038,94.412908,20.051573,North Okkalapa,Sagaing,208,120,7.3"
"Site 9039,93.525001,15.004873,Botahtaung,Naypyidaw,0,120,6.6"
"Site 9040,95.289715,20.828372,Dala,Yangon,275,65,4.7"
"Site 9041,97.140997,19.016328,Hlaing,Yangon,143,120,3.2"
"Site 9042,94.465412,15.909622,North Okkalapa,Mandalay,117,65,5.3"
"Site 9043,94.582369,17.650594,Pazundaung,Kayin,9,65,1.3"
"Site 9044,97.330136,17.948298,Seikkan,Mandalay,120,45,7.6"
"Site 9045,94.653024,18.648512,Hlaingthaya,Ayeyarwady,116,60,1.4"
"Site 9046,96.167362,15.973434,Mingalar Taung Nyunt,Mandalay,157,120,6.2"
"Site 9047,97.398684,16.894009,Kyauktada,Naypyidaw,343,90,1.8"
"Site 9048,98.715820,16.563857,South Okkalapa,Shan,248,65,1.2"
"Site 9049,95.166729,18.987566,Seikkan,Magway,331,45,7.2"
"Site 9050,98.514865,15.774009,Insein,Yangon,190,90,5.8"
"Site 9051,96.946148,16.949552,Seikkan,Mandalay,345,45,7.5"
"Site 9052,98.933348,17.588349,Insein,Kayin,93,180,1.8"
"Site 9053,98.024982,17.702430,Mayangone,Bago,289,60,7.9"
"Site 9054,96.127429,20.672842,Dagon,Sagaing,125,65,4.4"
"Site 9055,96.188001,16.744071,Pazundaung,Shan,85,65,3.7"
"Site 9056,98.297569,17.445069,Pazundaung,Shan,232,45,1.7"
"Site 9057,94.725952,19.359151,Shwepyitha,Ayeyarwady,174,65,0.7"
"Site 9058,98.396400,19.478071,Botahtaung,Sagaing,131,120,6.2"
"Site 9059,97.898649,21.412031,Insein,Shan,144,120,4.8"
"Site 9060,97.346364,16.454024,Seikkan,Ayeyarwady,85,65,3.0"
"Site 9061,97.591817,17.655436,Mingalar Taung Nyunt,Shan,54,60,7.4"
"Site 9062,95.248129,21.760019,Botahtaung,Kayin,279,120,5.4"
"Site 9063,95.519015,21.118802,Seikkan,Ayeyarwady,358,45,7.6"
"Site 9064,98.198852,19.700122,Pazundaung,Bago,35,60,1.0"
"Site 9065,93.886186,16.450867,Seikkan,Naypyidaw,20,90,1.6"
"Site 9066,96.309046,19.764492,Mayangone,Naypyidaw,28,180,1.5"
"Site 9067,95.318584,15.284269,Insein,Bago,290,65,2.0"
"Site 9068,96.321986,16.751677,Dala,Shan,16,45,5.3"
"Site 9069,97.632583,17.541133,Yankin,Sagaing,299,90,3.0"
"Site 9070,97.502966,16.256176,Shwepyitha,Mandalay,39,90,6.7"
"Site 9071,93.006189,20.751254,Dagon,Yangon,313,65,0.8"
"Site 9072,98.364344,15.806445,North Okkalapa,Sagaing,23,90,7.1"
"Site 9073,94.791267,21.354140,Botahtaung,Sagaing,66,90,3.5"
"Site 9074,93.938549,16.857483,Insein,Naypyidaw,316,45,0.6"
"Site 9075,94.425606,15.560559,Botahtaung,Ayeyarwady,46,45,4.8"
"Site 9076,97.628911,18.881130,Thingangyun,Shan,349,90,6.9"
"Site 9077,94.171552,15.350632,Dagon,Mon,167,65,5.0"
"Site 9078,94.322449,21.003822,Dagon,Sagaing,165,180,7.3"
"Site 9079,95.178488,15.400603,Shwepyitha,Bago,188,90,5.2"
"Site 9080,98.279010,19.711020,Botahtaung,Shan,67,60,5.1"
"Site 9081,95.451746,19.047297,Hlaing,Mon,332,90,4.1"
"Site 9082,94.482444,15.882646,Mingaladon,Mon,327,90,2.0"
"Site 9083,98.276287,18.687898,South Okkalapa,Kayin,280,45,1.9"
"Site 9084,98.480000,20.559756,Botahtaung,Mandalay,237,60,5.8"
"Site 9085,94.170439,18.708243,Dala,Mon,305,90,3.7"
"Site 9086,94.297003,15.656539,Seikkan,Bago,245,45,3.1"
"Site 9087,93.720076,20.204171,Shwepyitha,Yangon,302,60,1.1"
"Site 9088,97.302392,18.421329,North Okkalapa,Mon,36,180,4.7"
"Site 9089,97.887732,20.059304,Yankin,Mandalay,178,45,3.7"
"Site 9090,98.883931,15.606691,Seikkan,Magway,213,45,1.2"
"Site 9091,97.104410,15.579398,Shwepyitha,Shan,21,120,6.4"
"Site 9092,95.550697,21.613584,Kyauktada,Magway,269,90,3.5"
"Site 9093,95.324706,16.837231,Kyauktada,Kayin,152,180,2.0"
"Site 9094,95.823211,15.390604,Kamayut,Kayin,73,180,0.8"
"Site 9095,94.126402,16.446467,Mingalar Taung Nyunt,Bago,43,120,5.5"
"Site 9096,98.802959,18.343397,Kyauktada,Yangon,59,180,3.6"
"Site 9097,98.600843,20.271038,Dagon,Kayin,6,60,6.0"
"Site 9098,95.500875,19.564128,Insein,Shan,67,90,4.5"
"Site 9099,96.356233,18.068947,Thingangyun,Naypyidaw,201,180,6.5"
"Site 9100,98.292920,17.492273,Thingangyun,Bago,191,120,4.4"
"Site 9101,93.749665,17.086914,Insein,Naypyidaw,136,60,4.6"
"Site 9102,96.555470,17.740637,Dala,Naypyidaw,341,65,0.7"
"Site 9103,97.217212,16.868430,Hlaingthaya,Bago,57,60,3.5"
"Site 9104,94.327544,18.662024,Mingaladon,Sagaing,346,120,2.8"
"Site 9105,93.133484,15.418898,Insein,Magway,262,45,3.6"
"Site 9106,96.558090,16.217207,Botahtaung,Shan,245,180,6.6"
"Site 9107,98.151803,16.704215,Yankin,Kayin,235,60,3.3"
"Site 9108,95.727673,17.481011,Hlaingthaya,Mon,50,65,6.1"
"Site 9109,94.355030,19.228860,Thingangyun,Ayeyarwady,250,90,6.2"
"Site 9110,97.792941,18.861936,Botahtaung,Naypyidaw,329,120,2.8"
"Site 9111,98.060600,18.818489,Dala,Kayin,225,120,7.4"
"Site 9112,95.152415,20.733582,Mingaladon,Yangon,310,45,4.0"
"Site 9113,93.224448,17.843975,Mingaladon,Sagaing,219,120,6.4"
"Site 9114,97.457373,21.807514,Dala,Shan,110,60,2.7"
"Site 9115,95.296209,19.759921,Botahtaung,Naypyidaw,287,90,2.4"
"Site 9116,94.717249,17.540377,Yankin,Sagaing,127,90,2.6"
"Site 9117,95.778841,18.003222,Dagon,Ayeyarwady,39,90,7.0"
"Site 9118,95.654705,21.615439,Botahtaung,Magway,148,60,2.8"
"Site 9119,93.703461,17.519810,Dala,Yangon,67,180,6.3"
"Site 9120,93.381384,17.406152,Seikkan,Mon,148,90,3.4"
"Site 9121,98.775510,18.590462,Shwepyitha,Bago,75,45,2.0"
"Site 9122,93.507725,16.441274,Seikkan,Naypyidaw,53,45,2.4"
"Site 9123,93.564834,15.572144,Mingalar Taung Nyunt,Mon,217,45,6.9"
"Site 9124,94.082636,19.157965,Dala,Naypyidaw,186,120,7.9"
"Site 9125,98.099555,16.267364,Hlaingthaya,Mon,271,45,5.2"
"Site 9126,95.885021,18.678960,Botahtaung,Shan,334,60,1.7"
"Site 9127,96.517596,19.182997,Seikkan,Shan,291,60,2.9"
"Site 9128,95.288287,18.296377,Mayangone,Sagaing,353,90,4.8"
"Site 9129,98.922637,15.801031,Thingangyun,Mon,119,90,2.3"
"Site 9130,95.550402,15.640248,Dala,Bago,65,120,2.3"
"Site 9131,98.486062,16.786017,Shwepyitha,Yangon,313,45,3.4"
"Site 9132,96.539752,16.207072,Pazundaung,Mon,279,120,5.2"
"Site 9133,93.819145,16.618569,Yankin,Mandalay,265,65,2.6"
"Site 9134,95.501146,16.190960,Dagon,Yangon,205,45,3.8"
"Site 9135,98.068730,19.718583,Hlaingthaya,Yangon,42,65,2.4"
"Site 9136,97.052135,18.574157,Mayangone,Yangon,155,180,1.1"
"Site 9137,96.550108,15.655260,Mayangone,Bago,237,45,4.0"
"Site 9138,98.019414,15.213504,Hlaing,Bago,268,180,6.2"
"Site 9139,98.874504,17.501429,Seikkan,Naypyidaw,133,45,4.1"
"Site 9140,97.258933,18.430215,Shwepyitha,Bago,326,180,4.2"
"Site 9141,94.962395,16.318997,Kamayut,Ayeyarwady,320,180,4.1"
"Site 9142,95.022094,17.072938,Pazundaung,Shan,303,90,4.3"
"Site 9143,94.181461,16.920053,Mingaladon,Yangon,315,60,1.5"
"Site 9144,97.362103,18.182811,Kamayut,Naypyidaw,82,65,2.1"
"Site 9145,93.315085,17.209063,Kyauktada,Mon,114,65,6.1"
"Site 9146,94.849124,20.809616,Mingalar Taung Nyunt,Shan,199,180,2.9"
"Site 9147,96.587126,15.523206,Insein,Naypyidaw,140,180,7.2"
"Site 9148,95.827038,21.454542,Dagon,Kayin,347,65,6.9"
"Site 9149,96.151573,16.634981,Hlaing,Shan,168,65,2.4"
"Site 9150,97.835483,21.214115,Kyauktada,Naypyidaw,171,65,1.1"
"Site 9151,94.804570,19.173417,Hlaingthaya,Shan,352,180,5.1"
"Site 9152,94.227871,21.416708,Mingaladon,Yangon,316,120,3.3"
"Site 9153,96.149533,15.897088,Dagon,Naypyidaw,30,60,7.6"
"Site 9154,96.504006,17.514729,Hlaingthaya,Mon,29,120,3.0"
"Site 9155,96.627345,20.946987,Insein,Yangon,256,60,6.3"
"Site 9156,95.444727,19.781710,Kyauktada,Shan,185,60,4.9"
"Site 9157,93.515127,17.945880,Dala,Magway,323,180,4.7"
"Site 9158,93.123214,15.019741,Mayangone,Magway,28,65,2.7"
"Site 9159,94.816524,16.831004,North Okkalapa,Bago,352,60,3.4"
"Site 9160,94.702923,18.092469,Hlaing,Kayin,217,45,3.9"
"Site 9161,94.795879,20.247278,Mayangone,Bago,169,45,1.4"
"Site 9162,94.007952,15.137312,Mingalar Taung Nyunt,Shan,186,90,0.7"
"Site 9163,95.978542,19.619113,Dala,Sagaing,8,180,7.9"
"Site 9164,94.349474,16.746996,Kyauktada,Ayeyarwady,250,120,7.7"
"Site 9165,94.454930,17.844074,Shwepyitha,Yangon,94,180,7.3"
"Site 9166,98.805774,21.288179,Dala,Mon,17,60,4.8"
"Site 9167,98.411731,19.343397,Kamayut,Kayin,347,180,7.9"
"Site 9168,93.800691,15.199536,North Okkalapa,Yangon,306,60,3.1"
"Site 9169,97.723752,19.354292,Hlaingthaya,Shan,3,120,6.5"
"Site 9170,95.758503,21.024725,Kamayut,Mandalay,176,90,1.2"
"Site 9171,97.113700,21.347340,Insein,Yangon,18,120,4.9"
"Site 9172,98.639814,15.497520,Hlaingthaya,Mon,331,60,7.9"
"Site 9173,94.341579,17.049912,Mingaladon,Yangon,162,45,1.9"
"Site 9174,97.821187,19.025013,Dala,Shan,289,90,6.7"
"Site 9175,94.661841,20.860472,North Okkalapa,Ayeyarwady,196,120,2.3"
"Site 9176,95.282045,20.235673,Kyauktada,Shan,117,180,7.0"
"Site 9177,96.667855,21.797918,Seikkan,Naypyidaw,246,120,7.7"
"Site 9178,93.271925,21.037420,Mingalar Taung Nyunt,Shan,81,180,4.8"
"Site 9179,93.452625,16.577360,Insein,Naypyidaw,103,90,6.5"
"Site 9180,98.777273,17.962775,Kyauktada,Sagaing,84,180,7.5"
"Site 9181,97.634923,15.201044,Dala,Magway,195,180,5.9"
"Site 9182,93.348222,20.853053,Hlaing,Shan,135,120,1.3"
"Site 9183,94.610825,17.402824,Dagon,Sagaing,221,180,3.9"
"Site 9184,97.708126,16.336836,Thingangyun,Mandalay,314,60,7.3"
"Site 9185,94.811332,19.731717,Shwepyitha,Shan,87,180,7.7"
"Site 9186,94.003172,20.019891,Dagon,Naypyidaw,33,120,3.9"
"Site 9187,96.271717,20.592138,Kyauktada,Magway,92,65,4.5"
"Site 9188,97.586108,21.523385,Dagon,Mon,90,60,0.7"
"Site 9189,98.647966,16.909427,Seikkan,Bago,77,90,3.7"
"Site 9190,94.941017,16.549521,Mingalar Taung Nyunt,Yangon,91,120,4.5"
"Site 9191,94.509044,19.150397,Mayangone,Naypyidaw,139,45,2.9"
"Site 9192,98.822640,21.833858,Botahtaung,Naypyidaw,318,90,2.8"
"Site 9193,95.655590,18.358715,Kyauktada,Yangon,249,120,7.7"
"Site 9194,97.763995,16.346262,Botahtaung,Yangon,265,90,4.8"
"Site 9195,95.771006,17.368727,Dagon,Yangon,207,65,6.4"
"Site 9196,98.557032,17.399096,Mingalar Taung Nyunt,Naypyidaw,153,65,3.1"
"Site 9197,94.979830,16.785243,Mingalar Taung Nyunt,Bago,121,120,5.5"
"Site 9198,93.623700,17.766612,Mayangone,Ayeyarwady,263,60,1.8"
"Site 9199,94.169186,17.187065,Hlaingthaya,Shan,253,60,2.9"
"Site 9200,98.932106,17.778234,Kamayut,Bago,17,60,4.6"
"Site 9201,97.443652,21.356091,Mingalar Taung Nyunt,Mandalay,353,45,4.5"
"Site 9202,94.783617,18.731280,Shwepyitha,Yangon,319,90,6.8"
"Site 9203,96.224188,15.455727,North Okkalapa,Mon,347,60,3.5"
"Site 9204,97.687369,21.337798,Hlaingthaya,Yangon,61,65,3.7"
"Site 9205,95.086250,16.229485,Insein,Sagaing,301,60,3.1"
"Site 9206,97.778205,18.104344,Dala,Ayeyarwady,300,180,0.9"
"Site 9207,93.356521,16.539148,Kamayut,Mon,317,90,5.7"
"Site 9208,97.909926,19.369413,Kyauktada,Magway,214,180,1.6"
"Site 9209,93.537264,21.580029,Seikkan,Ayeyarwady,193,120,5.2"
"Site 9210,94.482467,15.855646,Botahtaung,Shan,127,120,2.7"
"Site 9211,95.995427,16.392297,Dala,Shan,232,65,1.0"
"Site 9212,96.169780,15.963041,Hlaing,Bago,68,65,2.2"
"Site 9213,97.780585,16.134851,Dagon,Naypyidaw,324,90,2.5"
"Site 9214,96.631362,18.051878,North Okkalapa,Kayin,128,90,3.0"
"Site 9215,98.029234,18.107821,Kyauktada,Bago,172,65,3.3"
"Site 9216,97.999158,16.785459,Kamayut,Magway,197,65,7.1"
"Site 9217,95.436626,21.537275,Mayangone,Magway,24,60,3.5"
"Site 9218,94.002279,21.520813,Kyauktada,Yangon,155,60,7.9"
"Site 9219,94.324898,15.299282,Shwepyitha,Sagaing,288,90,2.9"
"Site 9220,93.073136,17.462032,Botahtaung,Mandalay,335,90,2.1"
"Site 9221,96.771261,18.274443,Hlaing,Naypyidaw,345,45,5.6"
"Site 9222,98.360570,17.457124,Pazundaung,Naypyidaw,81,180,4.9"
"Site 9223,96.804180,20.367989,Hlaingthaya,Bago,126,65,2.0"
"Site 9224,94.093916,16.522961,South Okkalapa,Kayin,106,65,3.7"
"Site 9225,96.283180,19.490914,Mingalar Taung Nyunt,Shan,78,60,2.7"
"Site 9226,96.448863,18.206115,Insein,Shan,248,120,5.9"
"Site 9227,98.798962,21.489775,Kamayut,Magway,253,60,4.8"
"Site 9228,97.923097,18.719331,Mayangone,Bago,28,65,6.5"
"Site 9229,97.526984,20.168740,Pazundaung,Bago,128,180,2.8"
"Site 9230,94.584893,19.657112,Pazundaung,Shan,203,120,5.9"
"Site 9231,95.823667,19.320410,Thingangyun,Sagaing,353,60,2.5"
"Site 9232,98.533772,21.690679,Mingaladon,Kayin,104,65,1.2"
"Site 9233,98.188331,17.424881,Mingalar Taung Nyunt,Ayeyarwady,53,180,0.9"
"Site 9234,97.643830,21.388842,Insein,Mandalay,57,60,2.7"
"Site 9235,93.307665,17.784589,Yankin,Sagaing,68,65,5.9"
"Site 9236,93.181346,21.597446,Hlaingthaya,Kayin,176,45,5.2"
"Site 9237,95.194008,20.696415,Dagon,Magway,98,65,3.5"
"Site 9238,97.796006,19.768579,Mingaladon,Sagaing,140,45,1.5"
"Site 9239,96.674140,19.747440,North Okkalapa,Magway,79,45,6.0"
"Site 9240,97.833934,17.692416,Dala,Yangon,143,45,6.1"
"Site 9241,96.479324,19.045064,Pazundaung,Bago,67,60,7.5"
"Site 9242,95.939502,18.303519,Thingangyun,Sagaing,43,90,6.2"
"Site 9243,94.942042,21.361648,Mingalar Taung Nyunt,Naypyidaw,140,60,3.7"
"Site 9244,97.090552,19.101631,Dala,Shan,329,45,1.1"
"Site 9245,95.345845,16.256845,South Okkalapa,Yangon,265,90,4.8"
"Site 9246,94.940468,18.845561,Dagon,Yangon,5,60,0.8"
"Site 9247,95.017562,15.686376,Mingaladon,Shan,41,45,4.9"
"Site 9248,98.997513,15.078089,North Okkalapa,Mon,181,60,5.4"
"Site 9249,93.298700,16.966819,Botahtaung,Mandalay,110,120,2.7"
"Site 9250,96.891993,19.896713,Hlaing,Mon,28,90,3.8"
"Site 9251,95.306304,16.736933,Kyauktada,Magway,261,180,1.2"
"Site 9252,93.326291,21.719670,Pazundaung,Yangon,115,120,6.1"
"Site 9253,93.378369,17.456466,Botahtaung,Magway,301,120,2.0"
"Site 9254,97.991740,20.906443,North Okkalapa,Bago,146,45,7.2"
"Site 9255,97.182993,17.060756,Insein,Bago,123,120,3.9"
"Site 9256,94.051072,19.226990,Shwepyitha,Ayeyarwady,107,65,7.0"
"Site 9257,97.689425,19.894973,Insein,Sagaing,288,90,3.8"
"Site 9258,96.709476,18.793940,North Okkalapa,Mandalay,181,60,2.8"
"Site 9259,98.463447,15.494246,Botahtaung,Sagaing,139,65,4.7"
"Site 9260,97.388876,16.783461,Kyauktada,Shan,206,45,7.0"
"Site 9261,95.783978,15.075595,South Okkalapa,Ayeyarwady,225,180,6.1"
"Site 9262,95.531570,21.384733,Dala,Ayeyarwady,18,180,1.0"
"Site 9263,96.969023,20.940147,Kamayut,Magway,15,65,6.1"
"Site 9264,96.426782,15.248290,Dagon,Shan,127,90,0.6"
"Site 9265,93.912290,19.433034,Kyauktada,Yangon,32,45,2.1"
"Site 9266,94.163183,18.225030,Mingaladon,Shan,328,45,1.0"
"Site 9267,98.315941,18.830184,Insein,Yangon,339,180,7.2"
"Site 9268,98.246645,19.921407,Dagon,Sagaing,291,60,1.7"
"Site 9269,93.195231,21.108059,Dala,Kayin,208,45,4.1"
"Site 9270,98.518386,20.085248,Mayangone,Bago,184,120,5.2"
"Site 9271,93.665928,21.322810,South Okkalapa,Shan,200,60,1.9"
"Site 9272,93.321046,21.194207,Seikkan,Sagaing,122,180,3.4"
"Site 9273,98.941152,16.162549,Pazundaung,Mandalay,342,65,1.2"
"Site 9274,95.728825,21.754539,Mingalar Taung Nyunt,Bago,65,45,6.0"
"Site 9275,96.338014,18.567783,Kyauktada,Kayin,358,45,7.3"
"Site 9276,93.837818,16.738231,Kyauktada,Magway,114,120,1.8"
"Site 9277,97.697634,21.549397,Kamayut,Yangon,264,65,5.0"
"Site 9278,98.046526,19.505353,Mingalar Taung Nyunt,Naypyidaw,259,90,5.9"
"Site 9279,93.651601,16.085724,Insein,Mandalay,80,60,7.6"
"Site 9280,95.419039,18.466551,Dagon,Kayin,18,120,3.0"
"Site 9281,98.418642,20.373434,Botahtaung,Kayin,222,120,5.4"
"Site 9282,98.345785,16.968765,South Okkalapa,Kayin,308,45,1.7"
"Site 9283,97.434301,19.951430,Mayangone,Ayeyarwady,184,180,4.6"
"Site 9284,98.335114,20.641492,Pazundaung,Mon,82,45,5.7"
"Site 9285,96.891055,19.447551,North Okkalapa,Ayeyarwady,320,180,2.8"
"Site 9286,98.050664,15.292848,Insein,Mandalay,223,45,1.2"
"Site 9287,96.946177,16.253655,Yankin,Bago,233,60,5.3"
"Site 9288,96.127145,20.310562,South Okkalapa,Ayeyarwady,337,90,3.0"
"Site 9289,96.003839,20.708243,Kyauktada,Bago,319,60,6.1"
"Site 9290,94.648160,16.951192,Mayangone,Ayeyarwady,118,60,6.1"
"Site 9291,98.852079,16.824853,Shwepyitha,Mon,139,90,4.5"
"Site 9292,95.102639,16.481993,Mayangone,Sagaing,211,65,3.6"
"Site 9293,96.073484,19.386289,Mingalar Taung Nyunt,Ayeyarwady,136,180,6.7"
"Site 9294,97.294410,15.966748,Thingangyun,Naypyidaw,138,65,3.3"
"Site 9295,97.059497,19.027013,Dala,Magway,123,120,3.3"
"Site 9296,96.035532,20.493642,Seikkan,Naypyidaw,70,65,5.7"
"Site 9297,93.448193,21.778081,Pazundaung,Mon,231,120,6.6"
"Site 9298,95.057273,18.706740,Shwepyitha,Shan,300,90,3.9"
"Site 9299,95.617203,18.063470,Yankin,Sagaing,260,65,2.8"
"Site 9300,95.370167,19.227373,Mingalar Taung Nyunt,Ayeyarwady,15,180,3.2"
"Site 9301,98.989405,18.289153,Yankin,Magway,234,60,4.5"
"Site 9302,96.051088,17.721586,Dala,Magway,1,65,7.2"
"Site 9303,93.708722,17.743361,South Okkalapa,Bago,219,120,1.1"
"Site 9304,98.363416,16.193924,Dala,Magway,264,120,2.4"
"Site 9305,96.523854,21.171608,Hlaing,Magway,57,180,4.7"
"Site 9306,98.329387,15.990428,South Okkalapa,Mandalay,303,90,3.7"
"Site 9307,93.342810,20.562580,Dagon,Yangon,130,45,2.7"
"Site 9308,94.540123,15.866049,Hlaing,Shan,160,60,5.7"
"Site 9309,93.004406,18.815479,Mingaladon,Bago,163,120,1.0"
"Site 9310,93.003297,19.698468,North Okkalapa,Ayeyarwady,222,180,6.7"
"Site 9311,93.091763,19.854946,Mingaladon,Shan,313,180,3.5"
"Site 9312,96.137528,18.231530,Mayangone,Naypyidaw,128,60,1.9"
"Site 9313,98.932625,20.067503,South Okkalapa,Bago,303,120,7.8"
"Site 9314,98.983467,17.829280,Mayangone,Mandalay,291,90,7.5"
"Site 9315,95.592339,19.557542,Hlaingthaya,Naypyidaw,125,90,6.1"
"Site 9316,97.876758,18.528326,Kamayut,Naypyidaw,212,90,7.5"
"Site 9317,98.540261,18.748950,Kyauktada,Sagaing,304,120,3.0"
"Site 9318,98.173068,16.696503,South Okkalapa,Bago,60,120,1.2"
"Site 9319,96.258266,18.336937,Dala,Naypyidaw,181,120,4.3"
"Site 9320,94.573048,17.044854,Kamayut,Ayeyarwady,228,180,5.8"
"Site 9321,98.509005,19.726099,Dagon,Mandalay,184,45,6.5"
"Site 9322,98.449836,16.775785,Hlaingthaya,Kayin,316,60,7.9"
"Site 9323,97.831547,19.847325,Mingaladon,Bago,234,120,7.0"
"Site 9324,95.121205,15.426469,Dala,Mon,222,60,3.9"
"Site 9325,94.654803,16.923112,Dala,Magway,154,45,3.4"
"Site 9326,95.178456,17.281969,Pazundaung,Shan,79,65,1.3"
"Site 9327,98.986900,17.749664,North Okkalapa,Yangon,242,120,0.6"
"Site 9328,97.649682,21.946345,Shwepyitha,Mon,194,65,5.3"
"Site 9329,95.764893,15.053731,Hlaingthaya,Sagaing,254,45,2.2"
"Site 9330,96.587163,18.986716,Mingaladon,Magway,305,90,5.9"
"Site 9331,97.245567,19.009929,Pazundaung,Kayin,290,45,7.5"
"Site 9332,97.289923,17.991622,Dagon,Sagaing,320,60,7.1"
"Site 9333,95.326612,19.762032,Seikkan,Mandalay,186,45,2.6"
"Site 9334,95.912047,16.956679,Hlaing,Shan,155,60,3.8"
"Site 9335,96.836439,16.024713,Thingangyun,Kayin,31,90,6.1"
"Site 9336,97.378613,21.981893,Thingangyun,Ayeyarwady,29,65,3.6"
"Site 9337,96.109981,20.144653,Pazundaung,Naypyidaw,45,60,3.8"
"Site 9338,98.919047,18.032889,Mingalar Taung Nyunt,Magway,44,90,1.2"
"Site 9339,93.919782,17.380194,Insein,Magway,233,65,3.1"
"Site 9340,94.953757,21.101419,Dagon,Ayeyarwady,165,65,5.4"
"Site 9341,93.717677,19.975523,Dagon,Mandalay,309,90,7.9"
"Site 9342,98.107528,16.590298,Mingalar Taung Nyunt,Naypyidaw,354,120,5.9"
"Site 9343,93.844380,15.041246,Shwepyitha,Yangon,169,90,1.8"
"Site 9344,96.760140,18.427893,Mingalar Taung Nyunt,Magway,52,65,2.3"
"Site 9345,94.077094,21.395438,Hlaing,Mon,211,120,7.3"
"Site 9346,93.632179,17.263758,North Okkalapa,Sagaing,292,90,0.8"
"Site 9347,94.518223,15.562689,Insein,Sagaing,2,120,4.9"
"Site 9348,95.373477,21.534826,Kamayut,Shan,178,45,3.8"
"Site 9349,93.279710,16.825489,Yankin,Kayin,139,65,7.7"
"Site 9350,93.753457,18.212175,North Okkalapa,Yangon,174,180,3.5"
"Site 9351,98.137043,15.623033,Hlaing,Naypyidaw,70,45,7.0"
"Site 9352,93.210567,16.859830,Mingaladon,Ayeyarwady,198,65,4.6"
"Site 9353,94.347198,20.013307,Thingangyun,Mon,182,120,7.9"
"Site 9354,98.395091,18.934192,North Okkalapa,Bago,255,180,6.5"
"Site 9355,93.084166,17.219265,South Okkalapa,Bago,62,65,5.5"
"Site 9356,96.982451,18.263760,Seikkan,Mon,57,90,6.8"
"Site 9357,93.142782,17.079590,Seikkan,Shan,330,90,2.9"
"Site 9358,97.633293,19.914384,Kamayut,Mandalay,198,180,4.2"
"Site 9359,95.343190,16.351113,Yankin,Sagaing,188,65,3.5"
"Site 9360,94.123185,15.526340,Shwepyitha,Naypyidaw,88,45,7.1"
"Site 9361,98.300765,20.527737,Dala,Mon,8,120,6.2"
"Site 9362,95.269795,21.959169,South Okkalapa,Naypyidaw,69,60,0.9"
"Site 9363,95.388103,19.757124,Thingangyun,Magway,78,45,4.3"
"Site 9364,96.703234,20.479552,Seikkan,Yangon,98,60,3.3"
"Site 9365,93.692871,18.211891,Kamayut,Mon,228,120,0.9"
"Site 9366,97.944824,17.926306,Pazundaung,Kayin,258,120,4.7"
"Site 9367,97.207100,15.411536,Hlaing,Yangon,299,65,4.6"
"Site 9368,94.784784,18.355841,Dagon,Shan,74,120,6.5"
"Site 9369,96.130229,18.504615,Mingalar Taung Nyunt,Ayeyarwady,65,65,3.3"
"Site 9370,95.103933,16.502496,Thingangyun,Mon,80,60,5.7"
"Site 9371,98.700537,17.078569,Yankin,Mandalay,323,180,3.8"
"Site 9372,98.015028,17.132606,South Okkalapa,Sagaing,355,65,4.2"
"Site 9373,93.577052,20.941569,Pazundaung,Mandalay,27,180,5.3"
"Site 9374,94.853759,19.541902,Botahtaung,Ayeyarwady,35,65,7.9"
"Site 9375,94.966484,19.399094,Yankin,Shan,277,120,3.3"
"Site 9376,96.600334,15.901447,Hlaing,Magway,162,45,3.9"
"Site 9377,96.830525,16.879287,Dagon,Yangon,167,45,4.6"
"Site 9378,94.730887,18.198902,Dala,Bago,110,45,6.0"
"Site 9379,96.613894,20.241541,Mayangone,Sagaing,309,180,6.9"
"Site 9380,97.968149,15.817703,Hlaing,Mon,64,90,5.8"
"Site 9381,96.552189,17.425371,Mingaladon,Mon,184,45,5.6"
"Site 9382,95.210884,17.001597,Shwepyitha,Shan,80,45,1.7"
"Site 9383,97.507391,21.391542,Botahtaung,Shan,52,45,6.8"
"Site 9384,96.516764,18.729002,Seikkan,Bago,209,90,4.3"
"Site 9385,93.892465,19.223134,Seikkan,Magway,76,120,7.2"
"Site 9386,98.544295,16.684093,Hlaingthaya,Mandalay,296,120,5.4"
"Site 9387,93.559261,18.433023,Mingaladon,Ayeyarwady,88,180,6.4"
"Site 9388,97.328733,18.921888,Seikkan,Bago,64,120,5.1"
"Site 9389,98.277056,19.172267,Mayangone,Sagaing,98,120,6.4"
"Site 9390,98.927429,21.910228,Dagon,Kayin,241,90,2.3"
"Site 9391,94.051049,20.676820,Botahtaung,Magway,336,45,3.5"
"Site 9392,95.392378,18.566925,Kamayut,Mandalay,75,45,4.2"
"Site 9393,94.157165,15.490096,Botahtaung,Mandalay,319,90,4.2"
"Site 9394,96.838175,15.338275,Botahtaung,Mandalay,40,60,5.0"
"Site 9395,97.899271,15.501582,Mingaladon,Mandalay,232,65,6.4"
"Site 9396,96.442540,21.344196,Shwepyitha,Sagaing,38,90,0.9"
"Site 9397,96.151252,21.234447,Mayangone,Yangon,29,60,7.5"
"Site 9398,94.897304,21.230396,Thingangyun,Sagaing,29,120,2.4"
"Site 9399,94.244147,18.362152,Dagon,Shan,21,90,3.2"
"Site 9400,95.305131,21.965608,Mingaladon,Kayin,205,180,4.5"
"Site 9401,94.410961,18.393583,Pazundaung,Mon,126,65,4.7"
"Site 9402,98.973016,19.389170,Dagon,Kayin,156,65,2.9"
"Site 9403,95.374855,16.646424,Hlaing,Naypyidaw,234,90,7.0"
"Site 9404,96.061023,19.621524,Hlaingthaya,Kayin,353,180,3.6"
"Site 9405,95.185322,20.326641,Kamayut,Sagaing,339,90,6.0"
"Site 9406,93.163757,16.831367,Dala,Magway,356,45,2.5"
"Site 9407,93.886675,15.457551,Shwepyitha,Magway,205,65,6.4"
"Site 9408,98.756048,15.407657,Dala,Sagaing,62,60,2.0"
"Site 9409,96.987481,17.676797,South Okkalapa,Bago,155,65,7.0"
"Site 9410,97.287319,18.648385,Hlaing,Yangon,189,180,1.6"
"Site 9411,98.409198,18.803374,Seikkan,Yangon,185,90,5.1"
"Site 9412,98.811474,21.506317,Kamayut,Yangon,52,65,6.4"
"Site 9413,96.304003,21.025473,Insein,Bago,138,180,1.0"
"Site 9414,93.191480,16.831646,Botahtaung,Sagaing,173,120,2.3"
"Site 9415,96.386267,16.984402,Thingangyun,Sagaing,98,120,3.4"
"Site 9416,93.194214,16.296261,Pazundaung,Sagaing,228,180,0.5"
"Site 9417,97.649554,20.124349,Shwepyitha,Sagaing,298,120,6.1"
"Site 9418,98.031486,16.774990,Botahtaung,Kayin,301,65,5.4"
"Site 9419,96.620740,17.889806,North Okkalapa,Kayin,304,120,7.2"
"Site 9420,94.797512,17.977433,Mingalar Taung Nyunt,Yangon,308,180,1.6"
"Site 9421,96.969299,21.163670,North Okkalapa,Sagaing,294,180,2.1"
"Site 9422,94.755336,19.413422,Dala,Ayeyarwady,124,65,0.5"
"Site 9423,97.410701,19.587549,Dagon,Magway,290,90,4.6"
"Site 9424,98.919710,16.633997,Thingangyun,Magway,268,180,7.4"
"Site 9425,93.352588,15.189753,Mingaladon,Mandalay,298,180,7.0"
"Site 9426,95.729423,19.112188,Botahtaung,Naypyidaw,266,120,6.7"
"Site 9427,97.244213,20.762092,Pazundaung,Shan,224,60,7.1"
"Site 9428,93.044875,21.208022,Kyauktada,Shan,43,180,0.8"
"Site 9429,95.565908,18.792795,South Okkalapa,Ayeyarwady,263,45,2.4"
"Site 9430,97.424601,15.307937,Hlaingthaya,Kayin,335,90,1.7"
"Site 9431,95.253322,17.069126,Mingalar Taung Nyunt,Magway,293,90,4.2"
"Site 9432,95.121122,16.936635,Dala,Ayeyarwady,94,45,1.5"
"Site 9433,93.919918,16.147152,Hlaingthaya,Shan,68,120,4.4"
"Site 9434,95.902635,20.846892,Hlaing,Shan,210,45,4.7"
"Site 9435,94.561385,17.690864,Mingalar Taung Nyunt,Shan,342,45,2.0"
"Site 9436,96.718206,17.238852,Yankin,Sagaing,185,90,5.7"
"Site 9437,97.631639,18.488445,Kamayut,Mandalay,219,65,5.1"
"Site 9438,98.528732,19.277531,Shwepyitha,Bago,246,90,2.1"
"Site 9439,98.453282,18.010474,Mingaladon,Bago,179,120,4.7"
"Site 9440,95.908880,21.831319,Hlaingthaya,Shan,329,120,7.0"
"Site 9441,95.930298,19.346637,Botahtaung,Ayeyarwady,179,45,7.9"
"Site 9442,95.211710,21.128633,North Okkalapa,Shan,4,65,0.9"
"Site 9443,94.553443,19.032551,Yankin,Yangon,17,45,6.3"
"Site 9444,95.767942,16.560307,Shwepyitha,Ayeyarwady,133,65,7.7"
"Site 9445,97.558629,19.528050,Kamayut,Mon,182,45,1.1"
"Site 9446,94.961742,19.418305,Dagon,Magway,235,120,2.4"
"Site 9447,93.899896,16.201656,Thingangyun,Kayin,216,120,7.0"
"Site 9448,94.377000,20.856160,Shwepyitha,Ayeyarwady,257,180,6.8"
"Site 9449,93.431023,18.213486,Hlaingthaya,Kayin,102,60,1.1"
"Site 9450,96.808151,16.943415,Mayangone,Mon,238,120,3.2"
"Site 9451,96.441000,15.433429,Hlaing,Magway,173,60,4.2"
"Site 9452,95.485549,20.236809,Kyauktada,Sagaing,42,90,4.9"
"Site 9453,95.216068,16.251402,Mayangone,Ayeyarwady,185,180,1.8"
"Site 9454,98.669255,18.871582,Yankin,Sagaing,248,90,3.0"
"Site 9455,98.185066,21.618925,Mingaladon,Kayin,275,180,4.4"
"Site 9456,93.872100,15.119392,Thingangyun,Ayeyarwady,189,180,1.9"
"Site 9457,95.856614,15.324453,Pazundaung,Magway,4,180,7.7"
"Site 9458,96.223281,18.296328,Mayangone,Bago,300,45,3.7"
"Site 9459,96.016243,20.665889,Seikkan,Mon,296,45,5.0"
"Site 9460,98.557323,16.721899,Dala,Mandalay,10,90,7.3"
"Site 9461,97.386297,20.167132,Seikkan,Ayeyarwady,262,90,7.3"
"Site 9462,97.751847,15.672451,Seikkan,Ayeyarwady,63,90,3.2"
"Site 9463,98.861908,17.635283,South Okkalapa,Mandalay,238,45,7.6"
"Site 9464,97.939394,21.505486,Kamayut,Mon,30,60,6.5"
"Site 9465,96.016187,19.265985,Insein,Sagaing,164,60,7.5"
"Site 9466,97.330112,17.445466,Kyauktada,Magway,0,180,5.7"
"Site 9467,96.566225,21.992512,North Okkalapa,Kayin,137,180,3.6"
"Site 9468,93.134431,20.652349,Mingalar Taung Nyunt,Sagaing,123,65,4.3"
"Site 9469,96.851457,20.468279,Insein,Mandalay,80,45,2.0"
"Site 9470,94.508309,18.772316,Insein,Ayeyarwady,332,45,5.4"
"Site 9471,93.396781,20.368392,Yankin,Yangon,278,180,2.3"
"Site 9472,94.332658,17.309756,Mingalar Taung Nyunt,Sagaing,20,180,1.7"
"Site 9473,94.176650,18.738943,South Okkalapa,Mon,171,120,6.4"
"Site 9474,97.017647,21.419754,Yankin,Sagaing,130,60,2.4"
"Site 9475,95.911929,21.713286,Thingangyun,Sagaing,255,180,5.8"
"Site 9476,98.812922,21.682828,Dala,Mon,91,65,6.2"
"Site 9477,93.650649,16.354929,Botahtaung,Magway,137,90,4.8"
"Site 9478,95.395654,18.989905,Dagon,Sagaing,200,180,6.8"
"Site 9479,93.039946,17.071951,Kamayut,Ayeyarwady,139,120,7.3"
"Site 9480,96.572944,17.676732,Hlaing,Mandalay,73,45,0.7"
"Site 9481,93.676444,18.647887,Dagon,Yangon,266,90,1.5"
"Site 9482,96.384658,20.827397,Kamayut,Ayeyarwady,243,65,4.8"
"Site 9483,95.994241,17.422659,Pazundaung,Kayin,233,180,5.0"
"Site 9484,93.276302,19.167166,North Okkalapa,Ayeyarwady,109,60,4.1"
"Site 9485,93.726370,19.513820,Yankin,Mon,125,180,3.3"
"Site 9486,96.638032,16.374317,Shwepyitha,Kayin,132,45,6.0"
"Site 9487,96.969698,18.495552,Mingaladon,Bago,56,90,2.2"
"Site 9488,95.504558,21.282797,Kamayut,Mon,311,120,2.6"
"Site 9489,98.609714,19.612284,Pazundaung,Mon,130,120,5.3"
"Site 9490,93.885783,19.224483,Yankin,Magway,257,180,7.0"
"Site 9491,95.477079,15.886187,Pazundaung,Ayeyarwady,213,90,1.1"
"Site 9492,95.591009,17.324386,Thingangyun,Yangon,213,60,1.3"
"Site 9493,93.013316,20.472038,Thingangyun,Naypyidaw,165,45,5.2"
"Site 9494,94.666519,21.578297,Kyauktada,Ayeyarwady,352,45,4.6"
"Site 9495,94.319513,16.705904,Yankin,Yangon,199,180,5.3"
"Site 9496,98.259323,20.800733,Mayangone,Mandalay,47,65,5.9"
"Site 9497,96.768057,17.997713,South Okkalapa,Mandalay,82,65,4.3"
"Site 9498,97.134952,17.036715,Hlaingthaya,Yangon,355,180,4.5"
"Site 9499,97.405934,16.462127,Dagon,Bago,32,120,2.0"
"Site 9500,93.268199,18.277630,South Okkalapa,Bago,279,180,1.5"
"Site 9501,95.377114,15.467259,Thingangyun,Yangon,133,180,3.2"
"Site 9502,98.609665,15.499423,Mingalar Taung Nyunt,Ayeyarwady,130,65,3.9"
"Site 9503,93.203883,20.439151,Mingalar Taung Nyunt,Sagaing,224,60,3.5"
"Site 9504,95.522392,15.395898,Mingalar Taung Nyunt,Shan,323,60,4.6"
"Site 9505,95.717950,19.161655,Mingalar Taung Nyunt,Yangon,53,120,2.9"
"Site 9506,98.903925,18.280642,Hlaing,Magway,188,120,2.9"
"Site 9507,98.355599,16.578612,Mayangone,Ayeyarwady,196,60,1.8"
"Site 9508,93.549852,19.551471,North Okkalapa,Mandalay,261,45,0.8"
"Site 9509,93.105399,18.569298,Insein,Yangon,329,45,7.7"
"Site 9510,94.186907,19.769162,Mayangone,Bago,244,65,4.8"
"Site 9511,97.061638,17.828937,Shwepyitha,Ayeyarwady,144,60,1.9"
"Site 9512,96.468422,16.339033,Yankin,Mandalay,233,90,7.4"
"Site 9513,97.059149,16.750248,Hlaingthaya,Mon,331,45,7.0"
"Site 9514,97.646359,21.395837,Dala,Naypyidaw,236,60,1.2"
"Site 9515,93.359152,16.396009,North Okkalapa,Sagaing,162,60,5.7"
"Site 9516,96.041294,21.049815,Kyauktada,Shan,210,180,0.6"
"Site 9517,93.423194,20.430958,Seikkan,Magway,227,45,1.4"
"Site 9518,97.075315,17.472047,Mingaladon,Naypyidaw,67,180,4.1"
"Site 9519,93.194592,18.866545,Mayangone,Ayeyarwady,344,45,7.9"
"Site 9520,93.762747,21.635824,Seikkan,Yangon,136,60,2.4"
"Site 9521,93.296516,19.373937,Botahtaung,Yangon,224,45,4.5"
"Site 9522,95.240695,16.114891,South Okkalapa,Mon,9,60,5.0"
"Site 9523,96.459447,18.915863,Hlaing,Naypyidaw,348,120,5.5"
"Site 9524,94.487809,18.853361,Botahtaung,Kayin,241,90,3.1"
"Site 9525,97.014313,18.077807,Botahtaung,Mandalay,188,65,3.5"
"Site 9526,98.891683,20.612543,Mingalar Taung Nyunt,Shan,303,180,4.7"
"Site 9527,97.136792,21.218007,Hlaingthaya,Ayeyarwady,338,60,6.0"
"Site 9528,95.571817,16.265709,Kyauktada,Magway,94,65,3.5"
"Site 9529,95.840665,21.867749,Dala,Naypyidaw,153,90,3.1"
"Site 9530,93.829198,21.368495,Kyauktada,Ayeyarwady,312,180,6.3"
"Site 9531,96.908718,16.716038,Hlaing,Magway,122,45,1.5"
"Site 9532,96.136332,18.337760,Insein,Mon,132,120,5.7"
"Site 9533,96.886514,21.876582,Seikkan,Yangon,274,45,6.4"
"Site 9534,96.997433,15.939249,Botahtaung,Ayeyarwady,121,60,7.8"
"Site 9535,93.813822,17.567551,Botahtaung,Kayin,116,180,3.7"
"Site 9536,93.612809,21.378597,Seikkan,Mon,207,120,4.3"
"Site 9537,97.203365,21.826310,Mingaladon,Shan,84,90,5.3"
"Site 9538,98.950731,17.184714,Seikkan,Magway,104,90,6.1"
"Site 9539,94.684462,15.778546,Mingaladon,Sagaing,104,120,6.8"
"Site 9540,98.209723,20.909348,Dagon,Naypyidaw,267,180,4.2"
"Site 9541,94.562096,15.635765,Hlaingthaya,Bago,16,90,0.7"
"Site 9542,95.357272,21.975223,Mingalar Taung Nyunt,Yangon,322,65,7.6"
"Site 9543,93.941477,15.313359,Mingalar Taung Nyunt,Naypyidaw,196,45,2.6"
"Site 9544,94.709258,15.058039,Insein,Kayin,323,65,2.8"
"Site 9545,96.164851,18.805269,Dala,Mon,81,90,2.2"
"Site 9546,98.606994,17.268531,Seikkan,Shan,163,120,5.0"
"Site 9547,97.937879,20.787559,Shwepyitha,Shan,192,60,7.9"
"Site 9548,94.047145,18.686352,Hlaing,Bago,75,65,5.5"
"Site 9549,95.440137,21.421440,Hlaing,Mon,357,60,1.8"
"Site 9550,94.677287,20.040631,Dala,Ayeyarwady,172,60,4.5"
"Site 9551,94.453492,16.014130,Yankin,Yangon,290,65,3.1"
"Site 9552,98.002361,16.467419,Mingaladon,Ayeyarwady,116,180,6.1"
"Site 9553,95.399547,16.593330,North Okkalapa,Shan,328,65,7.6"
"Site 9554,94.164107,21.972296,Seikkan,Mandalay,8,180,2.2"
"Site 9555,98.359243,18.071342,Dala,Magway,287,90,7.9"
"Site 9556,98.944765,20.219818,Botahtaung,Mon,312,45,5.4"
"Site 9557,97.009270,17.279447,South Okkalapa,Naypyidaw,251,60,4.7"
"Site 9558,95.075487,18.637284,Hlaingthaya,Sagaing,47,180,4.4"
"Site 9559,97.792159,15.736585,Dagon,Sagaing,309,180,4.4"
"Site 9560,94.348489,17.205863,Mingaladon,Naypyidaw,114,45,6.5"
"Site 9561,98.907177,21.810065,Kyauktada,Shan,190,65,2.2"
"Site 9562,98.244193,21.437700,Kyauktada,Naypyidaw,287,90,1.2"
"Site 9563,95.137491,21.618045,North Okkalapa,Naypyidaw,159,180,5.5"
"Site 9564,97.348698,21.064057,Hlaingthaya,Naypyidaw,82,65,5.6"
"Site 9565,97.094995,20.118584,Dala,Mon,29,180,2.5"
"Site 9566,96.142733,15.461705,Mayangone,Magway,35,45,4.3"
"Site 9567,95.216583,20.669911,Botahtaung,Mon,303,90,2.6"
"Site 9568,94.067664,18.834508,Hlaingthaya,Shan,121,65,2.1"
"Site 9569,97.319561,17.518861,Hlaing,Ayeyarwady,35,45,4.8"
"Site 9570,95.725841,19.862171,Kyauktada,Kayin,250,65,3.7"
"Site 9571,95.053329,21.994407,Botahtaung,Yangon,245,120,4.9"
"Site 9572,94.064322,20.440927,South Okkalapa,Kayin,253,90,7.6"
"Site 9573,98.207783,20.288743,Hlaingthaya,Mon,47,120,1.1"
"Site 9574,97.701550,16.088336,Kyauktada,Naypyidaw,183,120,1.2"
"Site 9575,93.444623,20.903024,Mingaladon,Mandalay,110,65,5.5"
"Site 9576,95.098795,21.727844,Yankin,Mandalay,207,180,1.4"
"Site 9577,97.037169,20.533370,Mingaladon,Mon,25,60,2.1"
"Site 9578,94.631745,15.846017,Hlaingthaya,Mandalay,190,120,0.5"
"Site 9579,96.131526,21.925142,Mayangone,Mon,144,60,1.6"
"Site 9580,96.340735,15.666393,Kamayut,Shan,152,90,5.3"
"Site 9581,97.996174,21.123584,Mingaladon,Bago,59,60,3.8"
"Site 9582,93.242172,19.038452,Pazundaung,Yangon,87,120,2.4"
"Site 9583,97.902462,19.662149,Shwepyitha,Bago,237,45,0.9"
"Site 9584,94.905415,20.591498,Mayangone,Bago,256,65,1.2"
"Site 9585,97.377979,20.676617,Mingaladon,Bago,240,65,7.1"
"Site 9586,98.312090,15.998906,Yankin,Mandalay,320,45,3.5"
"Site 9587,95.264635,20.615166,Mingalar Taung Nyunt,Ayeyarwady,283,65,2.8"
"Site 9588,98.816500,19.406381,Mingaladon,Mandalay,34,120,1.5"
"Site 9589,96.241902,20.922087,Hlaing,Naypyidaw,44,60,1.6"
"Site 9590,95.095718,18.539877,Shwepyitha,Bago,273,120,2.2"
"Site 9591,96.232678,16.143490,South Okkalapa,Yangon,240,65,2.0"
"Site 9592,95.555439,15.617592,Insein,Mon,60,90,1.6"
"Site 9593,94.418672,20.689153,Botahtaung,Naypyidaw,246,180,4.2"
"Site 9594,95.329278,18.021157,Hlaingthaya,Magway,154,60,4.8"
"Site 9595,97.987929,18.891223,Kyauktada,Yangon,101,120,6.6"
"Site 9596,94.628808,15.225684,Dala,Yangon,36,45,3.2"
"Site 9597,97.824984,18.844872,Hlaing,Ayeyarwady,356,45,0.9"
"Site 9598,96.495490,17.708355,Hlaing,Magway,108,180,4.7"
"Site 9599,93.709628,19.453373,Seikkan,Mon,116,90,7.1"
"Site 9600,98.120828,21.885191,South Okkalapa,Magway,201,45,0.6"
"Site 9601,95.287022,17.572097,Shwepyitha,Naypyidaw,224,65,6.8"
"Site 9602,97.926873,15.301234,Thingangyun,Mon,290,45,0.9"
"Site 9603,97.841120,20.988316,Botahtaung,Mon,61,60,2.6"
"Site 9604,95.088472,17.015267,Shwepyitha,Sagaing,165,65,1.6"
"Site 9605,93.043619,21.535658,Kamayut,Magway,243,120,2.3"
"Site 9606,94.978529,17.392090,Hlaingthaya,Shan,235,60,1.3"
"Site 9607,98.431929,16.826333,North Okkalapa,Magway,338,180,5.9"
"Site 9608,98.610306,20.091508,Yankin,Sagaing,41,180,2.8"
"Site 9609,94.683945,17.276618,Hlaingthaya,Mandalay,112,90,7.3"
"Site 9610,95.663049,21.108820,Kamayut,Bago,178,180,1.7"
"Site 9611,94.168171,21.527500,Mayangone,Mon,233,45,4.5"
"Site 9612,95.751559,18.131427,Mingalar Taung Nyunt,Yangon,264,180,0.6"
"Site 9613,96.704158,15.485559,Shwepyitha,Sagaing,355,90,0.9"
"Site 9614,95.325678,19.831582,North Okkalapa,Ayeyarwady,234,45,0.9"
"Site 9615,97.747607,18.931822,Thingangyun,Yangon,176,65,6.0"
"Site 9616,96.264819,20.734699,Seikkan,Naypyidaw,299,90,2.2"
"Site 9617,93.263937,19.991828,Dagon,Magway,116,60,5.1"
"Site 9618,96.501256,15.635270,North Okkalapa,Kayin,255,180,7.8"
"Site 9619,97.467373,17.212392,Botahtaung,Mon,281,45,2.1"
"Site 9620,96.795551,21.451694,South Okkalapa,Naypyidaw,134,65,2.4"
"Site 9621,95.083859,16.818911,Hlaingthaya,Mon,217,60,1.2"
"Site 9622,97.966691,21.028236,Yankin,Bago,332,45,2.9"
"Site 9623,93.337606,20.224013,Mingaladon,Kayin,233,120,6.3"
"Site 9624,97.068211,15.189650,Insein,Naypyidaw,99,45,5.3"
"Site 9625,97.243122,15.228174,Mingalar Taung Nyunt,Mon,164,65,6.7"
"Site 9626,97.215297,15.913387,Kamayut,Bago,331,180,5.7"
"Site 9627,98.336762,16.450681,Dala,Sagaing,157,90,3.9"
"Site 9628,97.604484,16.580421,Mingaladon,Shan,252,45,2.8"
"Site 9629,93.697499,20.630258,Mingaladon,Kayin,174,45,3.7"
"Site 9630,94.595596,15.677868,Pazundaung,Mon,285,45,1.1"
"Site 9631,96.819919,19.991156,Mayangone,Sagaing,185,60,7.2"
"Site 9632,98.701142,16.122088,Mayangone,Mandalay,270,180,6.0"
"Site 9633,95.436213,15.356690,Thingangyun,Magway,104,60,7.6"
"Site 9634,97.368391,16.339651,Botahtaung,Kayin,184,65,3.3"
"Site 9635,95.378649,21.373879,Kamayut,Kayin,49,60,5.4"
"Site 9636,97.388429,17.669191,Kamayut,Yangon,253,60,1.6"
"Site 9637,95.649569,21.235383,Mayangone,Kayin,225,60,6.3"
"Site 9638,93.494546,18.401598,Seikkan,Sagaing,240,45,2.9"
"Site 9639,96.272796,15.200238,Shwepyitha,Bago,36,60,1.7"
"Site 9640,98.797160,21.180492,Mayangone,Yangon,333,60,6.4"
"Site 9641,95.265130,17.433942,Kyauktada,Yangon,217,180,7.6"
"Site 9642,94.488834,18.766171,Dagon,Mon,200,65,5.7"
"Site 9643,93.074868,17.019653,Pazundaung,Mon,277,45,1.1"
"Site 9644,97.042845,20.265341,Kamayut,Magway,303,60,2.7"
"Site 9645,93.537127,15.702104,Seikkan,Shan,300,45,1.2"
"Site 9646,93.493636,16.307156,Botahtaung,Yangon,57,60,7.3"
"Site 9647,94.080589,21.735579,Mingalar Taung Nyunt,Ayeyarwady,170,120,0.9"
"Site 9648,95.572775,15.986641,Hlaingthaya,Bago,288,90,2.0"
"Site 9649,93.830064,16.372965,Mingalar Taung Nyunt,Mandalay,57,90,2.1"
"Site 9650,94.280029,18.930473,Shwepyitha,Yangon,220,180,7.3"
"Site 9651,98.104212,17.910407,Botahtaung,Shan,306,120,4.6"
"Site 9652,95.083776,18.285080,Mingalar Taung Nyunt,Mon,225,45,5.0"
"Site 9653,93.051242,15.099882,Kyauktada,Naypyidaw,132,45,7.7"
"Site 9654,98.230277,21.273687,Thingangyun,Ayeyarwady,56,180,2.6"
"Site 9655,95.185747,19.366265,Hlaingthaya,Mandalay,70,90,1.3"
"Site 9656,95.220716,19.212790,Seikkan,Naypyidaw,235,60,5.1"
"Site 9657,94.514895,19.690319,Thingangyun,Shan,160,60,6.9"
"Site 9658,93.053899,15.110647,Mayangone,Shan,0,90,1.4"
"Site 9659,93.925536,17.219683,Hlaingthaya,Mandalay,2,90,7.6"
"Site 9660,98.634758,21.012435,Dala,Mon,11,90,1.7"
"Site 9661,98.480026,16.727768,Dagon,Bago,59,60,7.3"
"Site 9662,95.969437,19.112004,Mingaladon,Shan,285,60,8.0"
"Site 9663,98.976306,18.610706,Dagon,Mon,203,45,1.3"
"Site 9664,95.983345,15.419007,Botahtaung,Kayin,146,45,3.4"
"Site 9665,98.261057,20.879102,North Okkalapa,Bago,240,90,7.6"
"Site 9666,95.755303,20.166712,Mingaladon,Magway,30,45,1.9"
"Site 9667,98.634074,20.490205,Kamayut,Mandalay,338,180,1.5"
"Site 9668,94.194965,15.713049,Hlaing,Magway,252,65,3.1"
"Site 9669,93.363138,16.832283,Kamayut,Kayin,177,120,4.4"
"Site 9670,93.457287,20.977530,Dagon,Sagaing,276,90,3.4"
"Site 9671,93.834523,20.570033,Seikkan,Mandalay,32,120,1.5"
"Site 9672,95.978492,21.946941,Dagon,Ayeyarwady,162,60,3.9"
"Site 9673,93.985555,18.541793,Mayangone,Kayin,122,90,7.4"
"Site 9674,96.322546,15.809534,Dala,Ayeyarwady,193,45,4.8"
"Site 9675,96.842108,17.293199,Kamayut,Mandalay,188,90,1.2"
"Site 9676,95.401430,20.301880,South Okkalapa,Mon,335,180,6.0"
"Site 9677,95.306341,18.129916,Kamayut,Mon,289,180,5.7"
"Site 9678,96.919836,17.226802,Kyauktada,Yangon,98,45,7.9"
"Site 9679,96.534329,21.970512,Kyauktada,Mon,10,120,4.7"
"Site 9680,94.335022,17.173993,Pazundaung,Mon,190,120,2.5"
"Site 9681,97.426304,17.571673,Shwepyitha,Bago,103,120,3.7"
"Site 9682,97.050510,15.626042,Botahtaung,Mandalay,84,60,0.8"
"Site 9683,95.717268,21.891906,Dagon,Mon,269,180,5.8"
"Site 9684,93.173465,20.693197,Dagon,Yangon,307,120,4.3"
"Site 9685,94.698976,21.216886,Pazundaung,Mon,253,180,5.0"
"Site 9686,96.363863,18.319049,Dala,Kayin,122,65,4.6"
"Site 9687,95.196850,19.286552,Botahtaung,Naypyidaw,282,120,7.3"
"Site 9688,94.758494,19.921310,Hlaing,Kayin,298,90,0.7"
"Site 9689,98.508027,16.188338,Yankin,Shan,144,60,7.5"
"Site 9690,96.638423,17.941839,Pazundaung,Shan,240,65,4.5"
"Site 9691,97.757623,18.180672,Shwepyitha,Naypyidaw,156,45,6.2"
"Site 9692,97.369382,16.378825,North Okkalapa,Kayin,170,65,2.0"
"Site 9693,95.544553,21.193401,Kyauktada,Mon,344,120,5.4"
"Site 9694,97.686638,19.835921,Insein,Naypyidaw,275,60,6.7"
"Site 9695,93.756944,19.760473,Hlaing,Shan,188,60,1.0"
"Site 9696,96.357369,15.796344,Kamayut,Mon,86,90,4.9"
"Site 9697,93.242107,20.127574,Pazundaung,Yangon,141,120,4.8"
"Site 9698,95.784197,15.766542,Hlaingthaya,Naypyidaw,205,45,7.4"
"Site 9699,93.702439,18.045782,Dagon,Mon,210,120,7.9"
"Site 9700,94.685397,19.786214,Botahtaung,Mon,232,180,2.7"
"Site 9701,93.192304,18.415752,Yankin,Mon,356,180,5.6"
"Site 9702,98.961986,21.438667,Shwepyitha,Naypyidaw,341,60,4.8"
"Site 9703,94.794349,16.861501,Kyauktada,Sagaing,145,45,6.3"
"Site 9704,98.880615,16.269903,Shwepyitha,Sagaing,207,60,1.2"
"Site 9705,95.485358,16.690129,Dala,Shan,120,45,4.1"
"Site 9706,98.530446,20.426779,Mingaladon,Bago,103,65,1.7"
"Site 9707,93.794250,15.830048,South Okkalapa,Mandalay,58,120,1.5"
"Site 9708,94.730937,20.205314,Dala,Yangon,205,90,3.4"
"Site 9709,96.260366,21.947254,South Okkalapa,Yangon,359,65,3.4"
"Site 9710,97.406016,15.451590,Insein,Ayeyarwady,133,65,0.7"
"Site 9711,97.352313,19.888921,Kyauktada,Kayin,224,90,6.6"
"Site 9712,96.682961,17.235794,Hlaing,Magway,193,65,5.7"
"Site 9713,96.125225,21.027004,Seikkan,Ayeyarwady,269,45,3.7"
"Site 9714,97.904490,21.869877,Hlaingthaya,Ayeyarwady,350,65,5.7"
"Site 9715,97.859580,17.569407,Thingangyun,Bago,56,60,3.8"
"Site 9716,97.380349,16.338451,South Okkalapa,Mon,309,180,0.6"
"Site 9717,93.126160,16.388546,Kyauktada,Magway,241,65,6.8"
"Site 9718,98.389994,18.139010,Yankin,Magway,349,180,6.1"
"Site 9719,93.261716,20.780161,Mingalar Taung Nyunt,Sagaing,310,120,1.2"
"Site 9720,94.083140,17.581042,Yankin,Sagaing,253,90,4.0"
"Site 9721,93.619030,18.881806,Yankin,Ayeyarwady,34,180,4.2"
"Site 9722,94.690607,18.861147,Thingangyun,Bago,252,120,6.8"
"Site 9723,98.920915,16.464625,Thingangyun,Mon,43,60,2.4"
"Site 9724,93.532254,16.996486,Yankin,Ayeyarwady,104,90,3.9"
"Site 9725,95.514270,16.843723,Dala,Yangon,181,60,6.6"
"Site 9726,98.995471,19.245689,Insein,Mandalay,347,65,2.3"
"Site 9727,97.277228,20.178173,South Okkalapa,Naypyidaw,293,90,4.4"
"Site 9728,94.353406,21.807619,Kamayut,Mandalay,357,180,7.8"
"Site 9729,96.916826,17.932292,Kyauktada,Yangon,240,90,1.0"
"Site 9730,94.422992,19.150852,Dagon,Ayeyarwady,355,65,3.6"
"Site 9731,94.666558,15.898609,Hlaing,Sagaing,220,180,2.1"
"Site 9732,97.283823,19.559268,Yankin,Shan,33,180,1.2"
"Site 9733,93.248242,19.390406,Mingaladon,Mandalay,133,60,3.0"
"Site 9734,93.592448,18.393392,Kyauktada,Ayeyarwady,28,180,4.5"
"Site 9735,96.636111,18.102234,North Okkalapa,Mon,308,65,5.5"
"Site 9736,98.284515,16.897808,South Okkalapa,Yangon,185,60,5.8"
"Site 9737,97.570663,21.808943,Insein,Magway,183,65,4.3"
"Site 9738,93.502006,18.396692,Hlaing,Sagaing,128,120,3.1"
"Site 9739,93.713334,19.013754,Dala,Ayeyarwady,42,60,7.2"
"Site 9740,94.522777,17.596739,Pazundaung,Ayeyarwady,281,90,3.2"
"Site 9741,93.960746,20.162181,Kyauktada,Bago,5,90,0.9"
"Site 9742,95.842073,21.668360,Mingalar Taung Nyunt,Magway,105,45,3.5"
"Site 9743,98.442794,16.466242,Hlaingthaya,Ayeyarwady,225,65,7.7"
"Site 9744,96.553826,19.336171,Mingaladon,Ayeyarwady,49,90,2.2"
"Site 9745,97.769233,18.604152,South Okkalapa,Naypyidaw,279,65,8.0"
"Site 9746,93.810870,20.935210,Pazundaung,Bago,2,65,1.1"
"Site 9747,94.573109,15.873996,Hlaing,Kayin,267,120,6.8"
"Site 9748,95.800042,21.241315,Hlaingthaya,Kayin,242,180,3.5"
"Site 9749,97.768485,19.293148,Shwepyitha,Mon,46,60,4.6"
"Site 9750,95.832706,20.427246,Dagon,Mandalay,17,180,1.0"
"Site 9751,93.615347,21.173470,Botahtaung,Yangon,116,60,5.3"
"Site 9752,98.148910,16.517384,Seikkan,Magway,252,120,0.9"
"Site 9753,96.205611,21.056853,Dagon,Bago,42,120,1.7"
"Site 9754,98.717737,19.547472,Insein,Ayeyarwady,281,45,7.0"
"Site 9755,96.839997,21.714978,Seikkan,Shan,156,90,7.1"
"Site 9756,94.202399,16.900151,Hlaingthaya,Yangon,103,65,5.0"
"Site 9757,97.035152,20.843661,Dala,Sagaing,87,60,4.2"
"Site 9758,93.170968,16.482014,Insein,Bago,180,45,5.0"
"Site 9759,96.259667,17.310904,Dagon,Naypyidaw,273,90,3.8"
"Site 9760,94.802153,19.061571,Mingaladon,Shan,20,180,3.1"
"Site 9761,96.972488,21.448751,South Okkalapa,Shan,181,90,5.2"
"Site 9762,97.252274,19.184298,Hlaingthaya,Sagaing,226,65,1.1"
"Site 9763,93.810510,16.676862,Mingalar Taung Nyunt,Bago,48,180,2.3"
"Site 9764,95.506857,21.524519,Yankin,Bago,154,180,2.6"
"Site 9765,98.241583,19.836925,Botahtaung,Mon,7,120,6.9"
"Site 9766,97.982448,15.447368,Thingangyun,Shan,186,180,6.3"
"Site 9767,95.661281,21.829010,Kamayut,Ayeyarwady,66,180,2.6"
"Site 9768,94.888696,19.001608,Hlaing,Naypyidaw,294,60,5.7"
"Site 9769,96.061536,16.349494,Kamayut,Ayeyarwady,126,60,3.3"
"Site 9770,96.399646,16.580321,Mingaladon,Shan,210,60,4.1"
"Site 9771,93.404409,19.904840,Hlaing,Mandalay,73,90,6.2"
"Site 9772,98.029316,17.917335,Mingaladon,Naypyidaw,94,65,1.9"
"Site 9773,94.927562,20.232000,North Okkalapa,Ayeyarwady,149,45,4.9"
"Site 9774,98.314714,15.394566,Hlaingthaya,Mon,186,45,3.8"
"Site 9775,98.320407,17.055727,Mayangone,Magway,265,65,5.6"
"Site 9776,97.692763,17.107432,Mingalar Taung Nyunt,Ayeyarwady,103,45,7.9"
"Site 9777,96.112738,21.641413,Botahtaung,Mandalay,290,120,6.7"
"Site 9778,93.216823,18.923068,Shwepyitha,Ayeyarwady,185,65,1.9"
"Site 9779,93.226986,20.991038,Kamayut,Ayeyarwady,37,90,3.2"
"Site 9780,96.851257,18.761142,South Okkalapa,Sagaing,165,60,3.8"
"Site 9781,97.143188,17.954957,Mayangone,Mon,143,180,5.1"
"Site 9782,93.084499,19.528784,Shwepyitha,Kayin,335,180,6.4"
"Site 9783,94.096073,15.590884,Thingangyun,Magway,141,180,1.0"
"Site 9784,94.980281,16.191028,Dagon,Bago,281,60,6.6"
"Site 9785,95.298641,17.608380,Dala,Kayin,314,90,3.6"
"Site 9786,95.060983,20.829250,Mingalar Taung Nyunt,Ayeyarwady,15,120,1.3"
"Site 9787,96.276153,18.317253,Mingaladon,Sagaing,52,180,2.0"
"Site 9788,95.118534,16.882672,Kamayut,Ayeyarwady,326,60,3.7"
"Site 9789,96.980274,18.837235,Kyauktada,Mandalay,219,45,5.2"
"Site 9790,95.850553,21.251750,Insein,Sagaing,144,120,5.1"
"Site 9791,94.544470,19.596638,Yankin,Ayeyarwady,289,65,2.3"
"Site 9792,93.958737,20.548946,Hlaingthaya,Mon,237,180,4.2"
"Site 9793,97.226507,19.432092,Mingalar Taung Nyunt,Kayin,46,45,1.6"
"Site 9794,98.307371,18.150209,Mayangone,Yangon,340,90,1.1"
"Site 9795,97.739433,19.045909,Kamayut,Ayeyarwady,250,180,5.1"
"Site 9796,95.742575,21.626565,Botahtaung,Bago,116,60,6.3"
"Site 9797,95.481636,18.436716,Mingalar Taung Nyunt,Magway,128,45,4.4"
"Site 9798,97.283738,15.265588,Seikkan,Mon,269,90,4.6"
"Site 9799,97.772072,16.544961,Kamayut,Ayeyarwady,155,45,5.5"
"Site 9800,93.895333,17.080675,Dala,Kayin,325,180,1.1"
"Site 9801,93.145269,19.376909,Insein,Ayeyarwady,167,90,2.6"
"Site 9802,96.771745,16.029414,Insein,Bago,61,90,6.2"
"Site 9803,96.685327,17.123952,Dala,Mandalay,21,120,5.1"
"Site 9804,93.528918,20.062644,Mayangone,Ayeyarwady,343,180,3.2"
"Site 9805,93.050683,21.726820,Pazundaung,Yangon,222,65,2.6"
"Site 9806,96.268869,15.917294,Mayangone,Shan,150,120,1.4"
"Site 9807,96.226151,21.703996,Botahtaung,Kayin,98,120,3.1"
"Site 9808,96.425566,18.774323,Seikkan,Yangon,281,60,7.0"
"Site 9809,96.687015,18.583739,Kyauktada,Yangon,100,45,6.9"
"Site 9810,94.993297,16.119839,Botahtaung,Naypyidaw,20,60,7.9"
"Site 9811,96.433245,16.275530,South Okkalapa,Ayeyarwady,246,45,2.5"
"Site 9812,96.031247,18.789302,Insein,Bago,48,180,7.1"
"Site 9813,98.603862,20.302994,Mayangone,Mandalay,159,60,2.2"
"Site 9814,93.181725,21.292908,Hlaingthaya,Mandalay,67,180,7.5"
"Site 9815,97.891833,16.549008,Insein,Mon,77,90,5.6"
"Site 9816,98.259758,16.853426,Mingaladon,Kayin,257,180,0.8"
"Site 9817,98.075341,21.898137,Dagon,Yangon,347,60,5.6"
"Site 9818,96.067732,18.218948,Pazundaung,Mon,331,90,6.2"
"Site 9819,93.523650,20.714638,Dala,Mon,294,90,5.3"
"Site 9820,94.953448,21.629733,Mingaladon,Ayeyarwady,272,180,2.7"
"Site 9821,97.230117,19.436281,Hlaingthaya,Sagaing,184,120,7.7"
"Site 9822,98.262847,20.852285,Kamayut,Naypyidaw,65,60,7.4"
"Site 9823,97.289032,17.743380,Botahtaung,Ayeyarwady,138,180,6.8"
"Site 9824,93.503086,21.786759,Dagon,Kayin,165,120,7.5"
"Site 9825,93.423542,19.806883,Mingalar Taung Nyunt,Mandalay,239,65,7.7"
"Site 9826,93.767367,18.897769,Thingangyun,Bago,333,60,7.1"
"Site 9827,97.042370,17.821128,Kyauktada,Shan,285,65,6.1"
"Site 9828,95.512053,17.514300,Shwepyitha,Mon,243,60,1.4"
"Site 9829,94.825135,15.945732,Thingangyun,Mandalay,147,120,0.5"
"Site 9830,93.604437,15.352306,Dala,Sagaing,165,45,4.4"
"Site 9831,93.110146,15.568698,Shwepyitha,Yangon,49,120,1.6"
"Site 9832,94.291954,20.719503,Mingaladon,Shan,178,120,4.1"
"Site 9833,98.393810,21.076276,Mayangone,Mon,291,60,1.0"
"Site 9834,95.273619,16.831498,Hlaing,Mandalay,297,45,7.0"
"Site 9835,96.894548,16.468673,Insein,Yangon,2,65,1.5"
"Site 9836,94.345357,18.135441,Insein,Mandalay,232,60,3.3"
"Site 9837,95.033297,15.727326,Mingalar Taung Nyunt,Mon,171,60,1.7"
"Site 9838,95.070469,21.532451,Mingalar Taung Nyunt,Bago,349,60,6.1"
"Site 9839,93.023115,15.094667,Kamayut,Naypyidaw,171,120,2.1"
"Site 9840,93.638380,21.198508,Mingalar Taung Nyunt,Kayin,318,65,6.2"
"Site 9841,97.961629,15.581269,Mayangone,Yangon,69,90,5.5"
"Site 9842,95.872588,18.523660,Hlaingthaya,Ayeyarwady,284,45,5.8"
"Site 9843,94.052659,17.889428,Kyauktada,Mandalay,82,90,3.4"
"Site 9844,98.608520,20.321151,South Okkalapa,Shan,278,45,3.9"
"Site 9845,93.035667,19.377297,Hlaing,Ayeyarwady,195,180,4.4"
"Site 9846,94.597160,20.374002,Mingaladon,Mandalay,71,120,0.9"
"Site 9847,96.016750,16.250755,Thingangyun,Naypyidaw,165,90,2.0"
"Site 9848,98.369724,18.345571,Mingalar Taung Nyunt,Sagaing,179,120,4.5"
"Site 9849,97.112231,19.952301,Kyauktada,Yangon,184,120,7.4"
"Site 9850,97.271129,18.680730,Hlaingthaya,Mandalay,291,65,4.2"
"Site 9851,93.240182,17.548731,Mingaladon,Kayin,265,90,4.2"
"Site 9852,93.169036,18.664432,Pazundaung,Kayin,198,65,4.6"
"Site 9853,96.932693,21.383549,Hlaing,Sagaing,298,60,4.6"
"Site 9854,95.206365,16.966493,Mayangone,Magway,309,120,1.8"
"Site 9855,96.011830,18.152672,Insein,Ayeyarwady,222,65,3.9"
"Site 9856,97.796619,15.487318,Mingalar Taung Nyunt,Ayeyarwady,258,45,2.6"
"Site 9857,94.202537,16.163867,Hlaing,Ayeyarwady,215,120,4.0"
"Site 9858,98.607284,17.016638,Mayangone,Magway,137,65,1.2"
"Site 9859,98.152502,16.031176,Thingangyun,Mandalay,167,65,7.6"
"Site 9860,93.245866,17.168944,Botahtaung,Yangon,312,65,2.0"
"Site 9861,93.996969,21.777468,Kyauktada,Mandalay,352,120,6.9"
"Site 9862,95.964938,18.046981,Dala,Sagaing,234,120,4.3"
"Site 9863,97.470618,18.608318,Hlaing,Ayeyarwady,354,120,6.0"
"Site 9864,95.574522,19.506252,Mingaladon,Kayin,97,90,4.7"
"Site 9865,97.610680,16.351690,Kyauktada,Magway,291,45,3.0"
"Site 9866,98.867955,17.521828,Hlaingthaya,Ayeyarwady,7,65,5.8"
"Site 9867,95.341033,17.963696,Kyauktada,Sagaing,272,180,1.6"
"Site 9868,93.336514,18.152603,Dagon,Mandalay,36,180,0.7"
"Site 9869,97.241245,21.360679,Insein,Mon,261,180,7.3"
"Site 9870,96.387641,15.067083,Pazundaung,Sagaing,41,60,5.0"
"Site 9871,95.631893,21.970089,Dala,Yangon,224,60,5.7"
"Site 9872,95.258508,18.792391,South Okkalapa,Shan,350,180,5.0"
"Site 9873,94.161647,16.060081,Mingalar Taung Nyunt,Yangon,303,90,7.8"
"Site 9874,96.724965,20.701786,Pazundaung,Yangon,207,120,0.6"
"Site 9875,93.470297,16.710001,Seikkan,Naypyidaw,32,60,2.5"
"Site 9876,94.564370,15.348090,Mingaladon,Mon,87,90,2.1"
"Site 9877,98.885299,19.710143,North Okkalapa,Mon,148,120,4.6"
"Site 9878,97.010105,17.511384,Dagon,Sagaing,330,65,3.7"
"Site 9879,96.245695,17.626838,Dagon,Sagaing,104,90,7.0"
"Site 9880,98.978550,20.406616,Dala,Shan,95,45,7.0"
"Site 9881,97.521691,20.069094,Hlaing,Bago,350,65,4.8"
"Site 9882,98.641239,18.326391,Dala,Ayeyarwady,319,45,3.7"
"Site 9883,95.770351,16.554892,Dagon,Magway,22,90,1.0"
"Site 9884,94.278003,19.170114,Mingalar Taung Nyunt,Naypyidaw,303,65,1.3"
"Site 9885,97.409127,21.528064,North Okkalapa,Ayeyarwady,69,90,1.5"
"Site 9886,95.764325,15.846208,Dala,Mandalay,52,45,4.9"
"Site 9887,98.039347,17.521134,Dala,Mon,18,60,2.8"
"Site 9888,96.147633,15.763273,Seikkan,Mon,118,65,1.2"
"Site 9889,94.663242,15.061720,Kyauktada,Yangon,230,180,1.5"
"Site 9890,97.718572,21.319036,Dala,Sagaing,193,45,7.8"
"Site 9891,94.749265,20.014207,Mingalar Taung Nyunt,Bago,195,90,7.5"
"Site 9892,93.026782,19.247276,Kamayut,Naypyidaw,156,65,7.5"
"Site 9893,96.246162,19.456209,Seikkan,Bago,182,65,7.1"
"Site 9894,94.678363,21.264424,Botahtaung,Shan,345,60,7.6"
"Site 9895,95.113768,21.259190,Mingaladon,Mon,43,90,5.5"
"Site 9896,96.044338,18.237631,Thingangyun,Mandalay,76,60,7.1"
"Site 9897,93.267881,21.375340,Mayangone,Bago,42,60,6.7"
"Site 9898,95.751610,19.503376,Dala,Mandalay,43,120,5.0"
"Site 9899,95.913963,16.885063,Thingangyun,Shan,202,45,1.4"
"Site 9900,94.691528,21.964060,Insein,Naypyidaw,258,60,6.3"
"Site 9901,94.949377,21.790415,Hlaing,Ayeyarwady,7,65,6.0"
"Site 9902,95.111661,16.341818,Hlaingthaya,Mandalay,266,180,1.6"
"Site 9903,97.949848,21.284710,North Okkalapa,Mon,11,90,5.4"
"Site 9904,98.083887,19.426691,Yankin,Naypyidaw,224,45,6.8"
"Site 9905,98.840804,20.377744,Botahtaung,Bago,330,45,4.7"
"Site 9906,97.131999,21.202570,Botahtaung,Kayin,202,120,5.3"
"Site 9907,93.631545,19.601335,Hlaingthaya,Naypyidaw,345,45,2.1"
"Site 9908,94.837108,21.283725,North Okkalapa,Mandalay,223,120,3.4"
"Site 9909,95.914271,17.901504,Kamayut,Bago,7,90,5.0"
"Site 9910,98.779098,16.181774,North Okkalapa,Bago,9,120,2.2"
"Site 9911,93.346322,19.305107,Pazundaung,Kayin,276,45,4.6"
"Site 9912,95.873669,20.377010,North Okkalapa,Sagaing,210,60,2.9"
"Site 9913,93.326309,17.377595,Pazundaung,Yangon,166,90,5.9"
"Site 9914,94.422449,21.182508,Insein,Naypyidaw,64,180,6.4"
"Site 9915,97.038390,16.906549,South Okkalapa,Mandalay,271,180,0.7"
"Site 9916,96.417934,16.498460,Kyauktada,Ayeyarwady,349,45,6.5"
"Site 9917,93.139593,17.829575,Kamayut,Magway,81,65,1.5"
"Site 9918,93.840006,16.116169,Mingaladon,Kayin,149,60,5.0"
"Site 9919,94.841053,19.591120,Hlaing,Magway,108,65,0.6"
"Site 9920,95.127070,20.319454,Thingangyun,Bago,306,65,1.5"
"Site 9921,98.752488,15.033402,North Okkalapa,Kayin,279,60,5.5"
"Site 9922,97.220035,18.085307,Seikkan,Ayeyarwady,234,45,6.5"
"Site 9923,94.331949,18.094498,North Okkalapa,Yangon,14,45,6.8"
"Site 9924,95.370311,18.526578,Mayangone,Mandalay,141,60,6.6"
"Site 9925,94.450441,17.202475,Mingaladon,Mandalay,112,120,5.2"
"Site 9926,97.344881,17.413545,Yankin,Shan,348,120,2.0"
"Site 9927,95.663857,16.333262,Hlaingthaya,Sagaing,189,65,3.8"
"Site 9928,93.550985,17.055588,Seikkan,Magway,176,120,4.1"
"Site 9929,94.404168,20.029286,North Okkalapa,Naypyidaw,227,65,1.0"
"Site 9930,95.164967,17.854131,Mingalar Taung Nyunt,Sagaing,283,120,3.3"
"Site 9931,95.662075,18.906939,Thingangyun,Yangon,104,60,7.8"
"Site 9932,95.296117,17.048120,Dala,Mandalay,68,180,3.6"
"Site 9933,98.971572,19.045146,Pazundaung,Shan,235,60,0.6"
"Site 9934,94.838894,15.847917,Kyauktada,Sagaing,264,65,5.7"
"Site 9935,97.417733,19.222926,Dala,Mandalay,237,45,6.2"
"Site 9936,97.269894,21.685158,Seikkan,Naypyidaw,215,120,6.3"
"Site 9937,98.376660,17.140187,Mayangone,Mon,65,120,7.2"
"Site 9938,98.486083,17.413959,Shwepyitha,Sagaing,351,120,7.2"
"Site 9939,94.371714,20.862607,Botahtaung,Yangon,126,60,1.3"
"Site 9940,97.547419,15.346919,Botahtaung,Mon,297,65,6.5"
"Site 9941,98.555294,18.874681,Pazundaung,Magway,177,45,1.3"
"Site 9942,96.399208,18.516340,Seikkan,Mandalay,162,45,7.2"
"Site 9943,95.641492,18.228131,Kamayut,Mandalay,157,45,4.0"
"Site 9944,97.527467,15.424723,Mayangone,Mandalay,120,60,5.7"
"Site 9945,93.440568,21.250904,Kyauktada,Kayin,34,180,7.0"
"Site 9946,95.351230,18.707402,Mayangone,Bago,188,65,4.5"
"Site 9947,98.925341,20.572426,Hlaingthaya,Naypyidaw,175,180,3.3"
"Site 9948,98.584878,18.697225,Botahtaung,Yangon,261,180,4.5"
"Site 9949,95.453854,17.698789,Dagon,Yangon,156,120,2.7"
"Site 9950,98.340565,16.338521,North Okkalapa,Kayin,172,60,6.7"
"Site 9951,97.553223,17.688270,Hlaingthaya,Bago,150,180,5.9"
"Site 9952,97.520557,16.386506,Shwepyitha,Shan,128,180,4.6"
"Site 9953,97.325952,17.198192,Seikkan,Mon,203,120,1.0"
"Site 9954,96.717883,21.954435,Insein,Kayin,272,120,6.7"
"Site 9955,97.151066,21.759785,Mayangone,Naypyidaw,46,45,7.4"
"Site 9956,98.457373,20.692423,Kyauktada,Mandalay,24,120,4.6"
"Site 9957,98.220519,20.253830,North Okkalapa,Naypyidaw,181,60,1.1"
"Site 9958,95.266071,15.577000,Hlaing,Mandalay,208,120,6.1"
"Site 9959,96.498995,19.614891,Insein,Yangon,356,60,1.7"
"Site 9960,96.115884,17.154072,South Okkalapa,Magway,190,60,6.7"
"Site 9961,94.161993,19.587228,Dala,Naypyidaw,195,90,0.7"
"Site 9962,97.196672,18.106210,Hlaing,Magway,108,60,4.2"
"Site 9963,96.456072,21.641812,Dagon,Ayeyarwady,72,60,1.7"
"Site 9964,96.228291,21.033796,Pazundaung,Ayeyarwady,302,65,7.7"
"Site 9965,94.626752,17.916171,Seikkan,Yangon,272,60,0.5"
"Site 9966,98.939422,18.126314,Thingangyun,Kayin,227,90,0.8"
"Site 9967,98.343721,17.913678,Botahtaung,Ayeyarwady,157,65,2.2"
"Site 9968,96.447248,21.400456,Kyauktada,Bago,352,45,4.5"
"Site 9969,93.917478,21.749132,Dagon,Ayeyarwady,36,90,6.7"
"Site 9970,96.531414,17.630443,Seikkan,Yangon,356,60,5.8"
"Site 9971,97.483969,18.190824,Mingalar Taung Nyunt,Sagaing,12,120,0.8"
"Site 9972,95.755320,16.251713,South Okkalapa,Sagaing,31,90,6.6"
"Site 9973,98.588493,19.132004,Kyauktada,Bago,113,45,5.1"
"Site 9974,95.980974,15.886368,South Okkalapa,Sagaing,44,90,6.6"
"Site 9975,97.236836,15.172219,North Okkalapa,Yangon,255,65,2.6"
"Site 9976,97.836844,18.213245,Thingangyun,Yangon,11,180,5.5"
"Site 9977,93.389553,15.531488,Botahtaung,Mandalay,271,60,1.1"
"Site 9978,97.525279,18.533538,Dala,Sagaing,238,45,4.7"
"Site 9979,98.913663,16.789490,Kyauktada,Ayeyarwady,200,180,7.9"
"Site 9980,98.401738,17.032315,Kamayut,Ayeyarwady,83,120,3.5"
"Site 9981,93.744321,19.142299,Dala,Ayeyarwady,48,90,2.3"
"Site 9982,93.600962,20.527227,Shwepyitha,Naypyidaw,89,65,2.1"
"Site 9983,95.230507,15.811074,Shwepyitha,Yangon,313,180,1.6"
"Site 9984,98.665184,15.352559,Hlaingthaya,Ayeyarwady,339,60,3.1"
"Site 9985,98.954758,16.352607,Shwepyitha,Yangon,6,90,4.1"
"Site 9986,95.882651,20.204544,North Okkalapa,Naypyidaw,356,65,3.6"
"Site 9987,95.017588,21.779540,Insein,Sagaing,128,180,5.2"
"Site 9988,94.836300,21.041236,North Okkalapa,Shan,256,120,0.8"
"Site 9989,95.036520,20.126972,Pazundaung,Ayeyarwady,101,90,2.0"
"Site 9990,95.113755,18.361996,Shwepyitha,Sagaing,325,45,2.7"
"Site 9991,93.669539,16.609077,Shwepyitha,Shan,313,90,7.1"
"Site 9992,97.405498,19.966123,Hlaingthaya,Shan,240,60,0.7"
"Site 9993,95.735804,18.834418,North Okkalapa,Ayeyarwady,9,65,4.1"
"Site 9994,95.349842,20.176042,Dala,Mandalay,266,120,5.6"
"Site 9995,93.241188,19.460961,Dagon,Bago,97,60,3.2"
"Site 9996,95.914147,19.707720,Mingaladon,Bago,145,65,6.3"
"Site 9997,96.537491,21.806229,Dagon,Mon,134,60,5.0"
"Site 9998,95.530608,15.001235,North Okkalapa,Naypyidaw,320,65,5.4"
"Site 9999,96.080811,16.710943,Seikkan,Bago,293,120,6.6"
"Site 10000,98.767161,19.198513,Kamayut,Mandalay,277,180,5.4"
