Site Name,Longitude,Latitude,Township,Region
Site 12,96.093555,16.88763,Insein,Yangon
Site 13,96.138624,16.949181,Insein,Yangon
Site 14,96.089044,16.745935,Insein,Yangon
Site 15,96.242927,16.782797,Insein,Yangon
Site 16,96.32811,16.839785,Insein,Yangon
Site 17,96.3219,16.922472,Insein,Yangon
Site 18,95.995364,17.009453,Insein,Yangon
Site 19,96.137155,17.040683,Insein,Yangon
Site 20,96.219087,16.94677,Insein,Yangon
Site 21,96.13716,16.753904,Insein,Yangon
Site 22,96.109384,16.87758,Insein,Yangon
Site 23,96.086825,16.999824,Insein,Yangon
Site 24,96.183744,17.006796,Insein,Yangon
Site 25,96.287444,17.13117,Insein,Yangon
Site 26,96.155032,16.933497,Insein,Yangon
Site 27,96.203022,16.936579,Insein,Yangon
Site 28,95.97367,16.941366,Insein,Yangon
Site 29,95.968607,17.075681,Insein,Yangon
Site 30,96.142826,16.965252,Insein,Yangon
Site 31,96.361412,17.120013,Insein,Yangon
Site 32,96.105838,16.905604,Insein,Yangon
Site 33,96.284031,16.898588,Insein,Yangon
Site 34,96.091128,16.800512,Insein,Yangon
Site 35,96.143186,17.042492,Insein,Yangon
Site 36,96.098093,16.920378,Insein,Yangon
Site 37,96.208473,16.919588,Insein,Yangon
Site 38,95.915885,16.786073,Insein,Yangon
Site 39,96.078441,16.809329,Insein,Yangon
Site 40,96.432741,16.917455,Insein,Yangon
Site 41,96.004301,16.692985,Insein,Yangon
Site 42,96.21394,16.831241,Insein,Yangon
Site 43,96.263132,17.026246,Insein,Yangon
Site 44,96.022265,16.861408,Insein,Yangon
Site 45,96.056766,17.053316,Insein,Yangon
Site 46,96.062635,17.029618,Insein,Yangon
Site 47,96.195865,17.002184,Insein,Yangon
Site 48,96.007261,16.836329,Insein,Yangon
Site 49,96.098764,17.002668,Insein,Yangon
Site 50,95.981219,16.748515,Insein,Yangon
Site 51,96.143,16.978114,Insein,Yangon
Site 52,96.237964,16.699311,Insein,Yangon
Site 53,96.255992,17.050162,Insein,Yangon
Site 54,95.985343,16.750635,Insein,Yangon
Site 55,96.278858,16.94741,Insein,Yangon
Site 56,96.246842,16.602391,Insein,Yangon
Site 57,96.010745,16.895066,Insein,Yangon
Site 58,96.228833,16.97643,Insein,Yangon
Site 59,96.062891,16.991276,Insein,Yangon
Site 60,96.030548,16.854072,Insein,Yangon
Site 61,96.22534,16.924394,Insein,Yangon
Site 62,95.994373,16.909934,Insein,Yangon
Site 63,96.109959,16.76003,Insein,Yangon
Site 64,96.181765,17.031772,Insein,Yangon
Site 65,96.165242,16.98716,Insein,Yangon
Site 66,95.965668,16.788464,Insein,Yangon
Site 67,96.011399,16.971104,Insein,Yangon
Site 68,96.010275,16.836713,Insein,Yangon
Site 69,96.124149,16.808145,Insein,Yangon
Site 70,96.263076,17.025637,Insein,Yangon
Site 71,96.105718,16.883717,Insein,Yangon
Site 72,96.331501,16.642014,Insein,Yangon
Site 73,96.007267,16.769881,Insein,Yangon
Site 74,96.171759,16.922127,Insein,Yangon
Site 75,96.170723,16.997388,Insein,Yangon
Site 76,96.210115,16.737027,Insein,Yangon
Site 77,96.024613,17.032297,Insein,Yangon
Site 78,96.178141,17.000842,Insein,Yangon
Site 79,96.054859,16.896025,Insein,Yangon
Site 80,95.928044,16.949333,Insein,Yangon
Site 81,96.439738,16.853333,Insein,Yangon
Site 82,96.22048,16.96723,Insein,Yangon
Site 83,96.044239,16.94929,Insein,Yangon
Site 84,96.019496,16.870024,Insein,Yangon
Site 85,96.268135,16.984209,Insein,Yangon
Site 86,96.017508,16.930146,Insein,Yangon
Site 87,96.012226,16.948017,Insein,Yangon
Site 88,96.046904,16.934502,Insein,Yangon
Site 89,96.196641,16.910934,Insein,Yangon
Site 90,96.098834,16.865357,Insein,Yangon
Site 91,95.894594,17.010785,Insein,Yangon
Site 92,96.345865,16.990566,Insein,Yangon
Site 93,96.031494,16.817121,Insein,Yangon
Site 94,96.094644,16.785089,Insein,Yangon
Site 95,96.122045,17.064061,Insein,Yangon
Site 96,96.18689,16.958346,Insein,Yangon
Site 97,96.361895,17.080857,Insein,Yangon
Site 98,96.220498,17.10912,Insein,Yangon
Site 99,96.299201,17.058019,Insein,Yangon
Site 100,96.240465,17.101836,Insein,Yangon
Site 101,96.167638,16.984475,Insein,Yangon
Site 102,96.172997,16.941099,Insein,Yangon
Site 103,96.085424,17.105215,Insein,Yangon
Site 104,96.003848,16.822592,Insein,Yangon
Site 105,96.235106,17.040235,Insein,Yangon
Site 106,96.168118,16.872667,Insein,Yangon
Site 107,96.28684,16.828764,Insein,Yangon
Site 108,96.125601,16.712408,Insein,Yangon
Site 109,96.23725,16.96992,Insein,Yangon
Site 110,96.051624,16.845918,Insein,Yangon
Site 111,96.059434,16.984855,Insein,Yangon
Site 112,96.062849,16.77904,Insein,Yangon
Site 113,96.147865,16.786791,Insein,Yangon
Site 114,96.079681,16.806434,Insein,Yangon
Site 115,96.06195,16.773368,Insein,Yangon
Site 116,96.056385,16.697904,Insein,Yangon
Site 117,95.943451,16.732701,Insein,Yangon
Site 118,96.118251,16.888595,Insein,Yangon
Site 119,96.177475,17.221195,Insein,Yangon
Site 120,95.997015,16.761283,Insein,Yangon
Site 121,96.401243,16.949237,Insein,Yangon
Site 122,96.272359,17.059073,Insein,Yangon
Site 123,96.063693,16.807615,Insein,Yangon
Site 124,96.158578,16.922984,Insein,Yangon
Site 125,96.022054,16.952529,Insein,Yangon
Site 126,95.986787,16.808898,Insein,Yangon
Site 127,96.10828,16.963941,Insein,Yangon
Site 128,95.937776,17.0158,Insein,Yangon
Site 129,96.179556,16.941311,Insein,Yangon
Site 130,96.189522,16.850333,Insein,Yangon
Site 131,96.174395,16.930573,Insein,Yangon
Site 132,96.426116,17.074954,Insein,Yangon
Site 133,96.278751,17.015766,Insein,Yangon
Site 134,96.094923,17.171766,Insein,Yangon
Site 135,96.170219,16.800833,Insein,Yangon
Site 136,96.026924,16.767331,Insein,Yangon
Site 137,95.993442,16.811551,Insein,Yangon
Site 138,96.175873,16.891916,Insein,Yangon
Site 139,96.038024,16.768143,Insein,Yangon
Site 140,96.251762,16.913767,Insein,Yangon
Site 141,96.251989,16.949654,Insein,Yangon
Site 142,96.287931,16.909936,Insein,Yangon
Site 143,95.915053,16.842159,Insein,Yangon
Site 144,96.148995,16.981069,Insein,Yangon
Site 145,96.122694,16.928686,Insein,Yangon
Site 146,96.270997,16.889937,Insein,Yangon
Site 147,96.087552,16.962145,Insein,Yangon
Site 148,96.161043,17.034964,Insein,Yangon
Site 149,96.130751,16.840144,Insein,Yangon
Site 150,96.133157,16.786624,Insein,Yangon
Site 151,96.10816,16.708123,Insein,Yangon
Site 152,96.131794,16.910668,Insein,Yangon
Site 153,95.935032,16.934985,Insein,Yangon
Site 154,96.050761,16.889929,Insein,Yangon
Site 155,96.133937,16.883998,Insein,Yangon
Site 156,96.21657,16.825328,Insein,Yangon
Site 157,96.134473,16.758422,Insein,Yangon
Site 158,96.346054,17.033424,Insein,Yangon
Site 159,96.227747,17.153849,Insein,Yangon
Site 160,96.462453,17.130182,Insein,Yangon
Site 161,96.062892,17.027251,Insein,Yangon
Site 162,96.095757,16.771174,Insein,Yangon
Site 163,96.010283,16.852548,Insein,Yangon
Site 164,96.245165,16.740207,Insein,Yangon
Site 165,96.011047,16.716695,Insein,Yangon
Site 166,96.289647,16.93827,Insein,Yangon
Site 167,96.209328,17.066188,Insein,Yangon
Site 168,96.021759,16.928808,Insein,Yangon
Site 169,96.163904,16.943833,Insein,Yangon
Site 170,96.006232,16.906608,Insein,Yangon
Site 171,96.256362,16.960417,Insein,Yangon
Site 172,95.849213,16.83738,Insein,Yangon
Site 173,96.051222,16.89009,Insein,Yangon
Site 174,96.138517,16.960804,Insein,Yangon
Site 175,96.120406,16.941069,Insein,Yangon
Site 176,96.34287,16.963477,Insein,Yangon
Site 177,96.075931,16.904241,Insein,Yangon
Site 178,96.24732,16.803283,Insein,Yangon
Site 179,96.063913,16.948406,Insein,Yangon
Site 180,96.108452,16.964841,Insein,Yangon
Site 181,96.076732,17.05372,Insein,Yangon
Site 182,96.16012,17.026867,Insein,Yangon
Site 183,96.443309,16.810685,Insein,Yangon
Site 184,96.183051,16.975418,Insein,Yangon
Site 185,96.117343,16.720589,Insein,Yangon
Site 186,96.017454,16.853968,Insein,Yangon
Site 187,95.937793,16.857189,Insein,Yangon
Site 188,96.107958,16.837411,Insein,Yangon
Site 189,96.09527,16.856207,Insein,Yangon
Site 190,96.200855,16.750334,Insein,Yangon
Site 191,96.074006,16.956883,Insein,Yangon
Site 192,96.244253,16.842534,Insein,Yangon
Site 193,96.052012,17.024749,Insein,Yangon
Site 194,96.184075,16.71598,Insein,Yangon
Site 195,96.029278,16.915687,Insein,Yangon
Site 196,96.098754,16.775277,Insein,Yangon
Site 197,96.072983,16.726943,Insein,Yangon
Site 198,96.13943,17.051418,Insein,Yangon
Site 199,96.048747,16.810862,Insein,Yangon
Site 200,96.47049,16.687739,Insein,Yangon
Site 201,96.048048,16.718314,Insein,Yangon
Site 202,95.840664,16.963444,Insein,Yangon
Site 203,96.086598,16.993738,Insein,Yangon
Site 204,96.157838,17.094434,Insein,Yangon
Site 205,96.272076,16.841572,Insein,Yangon
Site 206,96.201837,16.831921,Insein,Yangon
Site 207,96.259302,16.866271,Insein,Yangon
Site 208,96.260542,16.792947,Insein,Yangon
Site 209,96.196644,16.69097,Insein,Yangon
Site 210,96.127728,17.120938,Insein,Yangon
Site 211,96.156137,17.032419,Insein,Yangon
Site 212,96.105573,16.644931,Insein,Yangon
Site 213,96.036966,17.041507,Insein,Yangon
Site 214,96.003697,16.931341,Insein,Yangon
Site 215,96.114618,16.981568,Insein,Yangon
Site 216,96.202876,16.748901,Insein,Yangon
Site 217,96.369786,16.859371,Insein,Yangon
Site 218,95.936198,16.916948,Insein,Yangon
Site 219,96.075577,16.697443,Insein,Yangon
Site 220,96.174019,16.995436,Insein,Yangon
Site 221,96.076039,16.993243,Insein,Yangon
Site 222,96.125437,16.859261,Insein,Yangon
Site 223,96.154687,16.593992,Insein,Yangon
Site 224,96.092767,16.896203,Insein,Yangon
Site 225,96.234942,16.975203,Insein,Yangon
Site 226,96.080426,16.794366,Insein,Yangon
Site 227,96.1785,16.921227,Insein,Yangon
Site 228,96.077197,16.815864,Insein,Yangon
Site 229,96.138226,16.989227,Insein,Yangon
Site 230,96.068428,16.901419,Insein,Yangon
Site 231,96.19789,16.911755,Insein,Yangon
Site 232,96.22644,16.991319,Insein,Yangon
Site 233,96.066718,16.755467,Insein,Yangon
Site 234,96.030326,16.758614,Insein,Yangon
Site 235,95.809184,16.942748,Insein,Yangon
Site 236,96.016992,16.863142,Insein,Yangon
Site 237,96.258387,16.830823,Insein,Yangon
Site 238,96.223299,16.903388,Insein,Yangon
Site 239,96.091044,16.924899,Insein,Yangon
Site 240,96.138811,17.024611,Insein,Yangon
Site 241,96.282715,16.853137,Insein,Yangon
Site 242,96.315259,16.888614,Insein,Yangon
Site 243,96.337153,16.941639,Insein,Yangon
Site 244,96.09658,16.942331,Insein,Yangon
Site 245,95.958169,16.710621,Insein,Yangon
Site 246,95.981168,16.862324,Insein,Yangon
Site 247,96.205785,16.848218,Insein,Yangon
Site 248,96.166921,16.906381,Insein,Yangon
Site 249,96.155319,17.109878,Insein,Yangon
Site 250,96.289856,17.107972,Insein,Yangon
Site 251,96.10764,16.868978,Insein,Yangon
Site 252,96.1247,17.085742,Insein,Yangon
Site 253,96.09709,17.062106,Insein,Yangon
Site 254,95.949592,17.073014,Insein,Yangon
Site 255,95.848549,17.239893,Insein,Yangon
Site 256,96.174125,16.898022,Insein,Yangon
Site 257,95.910042,16.94912,Insein,Yangon
Site 258,96.159801,16.824656,Insein,Yangon
Site 259,95.931115,16.944415,Insein,Yangon
Site 260,95.901566,17.01813,Insein,Yangon
Site 261,96.208867,16.880947,Insein,Yangon
Site 262,96.062034,16.526402,Insein,Yangon
Site 263,96.018574,16.91297,Insein,Yangon
Site 264,96.169742,16.869782,Insein,Yangon
Site 265,96.049959,17.164106,Insein,Yangon
Site 266,96.080339,16.964298,Insein,Yangon
Site 267,96.029032,16.809041,Insein,Yangon
Site 268,96.157617,16.962159,Insein,Yangon
Site 269,95.997798,16.999107,Insein,Yangon
Site 270,96.10903,16.882071,Insein,Yangon
Site 271,96.04279,16.774393,Insein,Yangon
Site 272,96.002241,17.030774,Insein,Yangon
Site 273,96.269959,16.907208,Insein,Yangon
Site 274,96.131978,17.048984,Insein,Yangon
Site 275,96.013534,16.846221,Insein,Yangon
Site 276,96.390029,16.924429,South Dagon,Yangon
Site 277,96.205791,16.946565,South Dagon,Yangon
Site 278,96.179494,16.728202,South Dagon,Yangon
Site 279,96.084244,16.555191,South Dagon,Yangon
Site 280,96.223779,16.766166,South Dagon,Yangon
Site 281,96.052578,17.013953,South Dagon,Yangon
Site 282,96.125802,16.836717,South Dagon,Yangon
Site 283,96.208057,16.785621,South Dagon,Yangon
Site 284,96.303067,17.028921,South Dagon,Yangon
Site 285,96.160594,16.862537,South Dagon,Yangon
Site 286,96.17771,16.841691,South Dagon,Yangon
Site 287,96.085974,16.726061,South Dagon,Yangon
Site 288,95.988169,16.829184,South Dagon,Yangon
Site 289,96.247754,16.648353,South Dagon,Yangon
Site 290,96.186874,16.915045,South Dagon,Yangon
Site 291,96.181992,16.858181,South Dagon,Yangon
Site 292,96.257994,16.763707,South Dagon,Yangon
Site 293,96.549134,16.73967,South Dagon,Yangon
Site 294,96.364763,16.923129,South Dagon,Yangon
Site 295,96.397941,16.816297,South Dagon,Yangon
Site 296,96.23565,17.104575,South Dagon,Yangon
Site 297,96.321632,16.934589,South Dagon,Yangon
Site 298,96.056477,16.759845,South Dagon,Yangon
Site 299,96.159768,16.982893,South Dagon,Yangon
Site 300,96.130754,16.805826,South Dagon,Yangon
Site 301,96.194339,16.906204,South Dagon,Yangon
Site 302,96.147041,16.731125,South Dagon,Yangon
Site 303,96.402107,16.80132,South Dagon,Yangon
Site 304,96.387583,16.973734,South Dagon,Yangon
Site 305,96.561384,16.941004,South Dagon,Yangon
Site 306,96.047248,16.842689,South Dagon,Yangon
Site 307,96.214957,17.027997,South Dagon,Yangon
Site 308,96.216907,16.93916,South Dagon,Yangon
Site 309,96.195225,16.685104,South Dagon,Yangon
Site 310,96.08119,16.848949,South Dagon,Yangon
Site 311,96.218627,16.902547,South Dagon,Yangon
Site 312,96.350153,16.718851,South Dagon,Yangon
Site 313,96.299264,16.581601,South Dagon,Yangon
Site 314,96.352308,16.928154,South Dagon,Yangon
Site 315,96.195317,17.047476,South Dagon,Yangon
Site 316,96.050497,17.005463,South Dagon,Yangon
Site 317,96.013227,16.922379,South Dagon,Yangon
Site 318,96.304998,16.683486,South Dagon,Yangon
Site 319,96.011665,16.902852,South Dagon,Yangon
Site 320,96.447711,16.813859,South Dagon,Yangon
Site 321,96.168525,16.892271,South Dagon,Yangon
Site 322,96.074451,16.840631,South Dagon,Yangon
Site 323,96.332698,16.970122,South Dagon,Yangon
Site 324,96.054424,16.826701,South Dagon,Yangon
Site 325,96.204091,16.866412,South Dagon,Yangon
Site 326,96.235712,16.932762,South Dagon,Yangon
Site 327,96.17351,16.65689,South Dagon,Yangon
Site 328,96.280001,16.602377,South Dagon,Yangon
Site 329,96.098286,16.660161,South Dagon,Yangon
Site 330,96.103478,16.664039,South Dagon,Yangon
Site 331,96.349171,16.838148,South Dagon,Yangon
Site 332,96.213688,16.915553,South Dagon,Yangon
Site 333,96.131044,16.852078,South Dagon,Yangon
Site 334,96.455017,16.721049,South Dagon,Yangon
Site 335,96.186555,16.841495,South Dagon,Yangon
Site 336,96.270214,16.651667,South Dagon,Yangon
Site 337,96.37855,16.745016,South Dagon,Yangon
Site 338,96.250354,16.927696,South Dagon,Yangon
Site 339,96.411317,16.880273,South Dagon,Yangon
Site 340,96.24608,16.953264,South Dagon,Yangon
Site 341,95.972119,16.79498,South Dagon,Yangon
Site 342,96.243946,16.946416,South Dagon,Yangon
Site 343,96.461073,16.8256,South Dagon,Yangon
Site 344,96.154258,16.860422,South Dagon,Yangon
Site 345,96.381668,16.841177,South Dagon,Yangon
Site 346,96.250001,16.791983,South Dagon,Yangon
Site 347,96.406803,16.875008,South Dagon,Yangon
Site 348,96.077755,16.85022,South Dagon,Yangon
Site 349,96.250049,17.001026,South Dagon,Yangon
Site 350,96.284584,16.744163,South Dagon,Yangon
Site 351,96.024654,16.914685,South Dagon,Yangon
Site 352,96.253927,16.980742,South Dagon,Yangon
Site 353,96.166551,16.753494,South Dagon,Yangon
Site 354,96.02338,16.897839,South Dagon,Yangon
Site 355,96.154976,16.944171,South Dagon,Yangon
Site 356,96.557791,16.931198,South Dagon,Yangon
Site 357,96.1342,16.828353,South Dagon,Yangon
Site 358,96.362573,16.925565,South Dagon,Yangon
Site 359,96.003053,16.662169,South Dagon,Yangon
Site 360,96.04082,16.85673,South Dagon,Yangon
Site 361,96.080929,16.990843,South Dagon,Yangon
Site 362,96.121768,17.162877,South Dagon,Yangon
Site 363,95.961593,16.878968,South Dagon,Yangon
Site 364,96.035974,17.078504,South Dagon,Yangon
Site 365,96.184517,16.884977,South Dagon,Yangon
Site 366,96.310481,16.787623,South Dagon,Yangon
Site 367,96.100458,16.778177,South Dagon,Yangon
Site 368,96.002716,16.829487,South Dagon,Yangon
Site 369,96.316911,17.128622,South Dagon,Yangon
Site 370,96.146656,16.73852,South Dagon,Yangon
Site 371,96.236277,16.886394,South Dagon,Yangon
Site 372,96.132776,16.700807,South Dagon,Yangon
Site 373,96.183648,16.676282,South Dagon,Yangon
Site 374,96.395029,16.835827,South Dagon,Yangon
Site 375,96.186881,16.84109,South Dagon,Yangon
Site 376,96.13023,16.89728,South Dagon,Yangon
Site 377,96.229165,16.94625,South Dagon,Yangon
Site 378,96.164707,16.822554,South Dagon,Yangon
Site 379,96.40023,16.851869,South Dagon,Yangon
Site 380,96.320512,17.104743,South Dagon,Yangon
Site 381,96.288522,16.810328,South Dagon,Yangon
Site 382,96.226571,16.993704,South Dagon,Yangon
Site 383,96.15805,16.821712,South Dagon,Yangon
Site 384,96.129039,16.807265,South Dagon,Yangon
Site 385,96.467355,16.809981,South Dagon,Yangon
Site 386,96.324306,16.819027,South Dagon,Yangon
Site 387,96.354151,16.669676,South Dagon,Yangon
Site 388,96.358491,16.688342,South Dagon,Yangon
Site 389,96.070689,16.644879,South Dagon,Yangon
Site 390,96.047691,16.740453,South Dagon,Yangon
Site 391,96.43232,16.784935,South Dagon,Yangon
Site 392,96.278123,17.111818,South Dagon,Yangon
Site 393,96.378265,16.94703,South Dagon,Yangon
Site 394,96.251265,16.837048,South Dagon,Yangon
Site 395,96.540471,16.876146,South Dagon,Yangon
Site 396,96.109277,16.763369,South Dagon,Yangon
Site 397,96.154005,16.805224,South Dagon,Yangon
Site 398,96.286608,16.604068,South Dagon,Yangon
Site 399,96.28722,16.883973,South Dagon,Yangon
Site 400,96.316775,16.697538,South Dagon,Yangon
Site 401,95.939286,16.672962,South Dagon,Yangon
Site 402,96.162388,16.934797,South Dagon,Yangon
Site 403,96.272702,17.087849,South Dagon,Yangon
Site 404,96.236956,16.816374,South Dagon,Yangon
Site 405,96.174247,16.62059,South Dagon,Yangon
Site 406,96.204392,16.828421,South Dagon,Yangon
Site 407,96.33485,17.00269,South Dagon,Yangon
Site 408,96.204268,17.027607,South Dagon,Yangon
Site 409,96.229745,16.969904,South Dagon,Yangon
Site 410,96.23295,16.815945,South Dagon,Yangon
Site 411,96.327923,16.828669,South Dagon,Yangon
Site 412,96.212928,16.898529,South Dagon,Yangon
Site 413,96.282925,16.759468,South Dagon,Yangon
Site 414,96.382964,17.023725,South Dagon,Yangon
Site 415,96.152385,16.719789,South Dagon,Yangon
Site 416,96.043992,16.806275,South Dagon,Yangon
Site 417,96.207178,16.791063,South Dagon,Yangon
Site 418,96.364018,16.618197,South Dagon,Yangon
Site 419,96.354429,16.807105,South Dagon,Yangon
Site 420,96.296224,16.859196,South Dagon,Yangon
Site 421,96.162919,16.80438,South Dagon,Yangon
Site 422,96.158562,16.753684,South Dagon,Yangon
Site 423,96.336528,16.955474,South Dagon,Yangon
Site 424,95.921156,16.668873,South Dagon,Yangon
Site 425,96.118238,16.809921,South Dagon,Yangon
Site 426,96.371777,16.853205,South Dagon,Yangon
Site 427,96.221734,16.881945,South Dagon,Yangon
Site 428,96.415442,16.694612,South Dagon,Yangon
Site 429,96.326675,16.842847,South Dagon,Yangon
Site 430,96.309973,16.791237,South Dagon,Yangon
Site 431,96.342885,16.816955,South Dagon,Yangon
Site 432,96.310756,16.963857,South Dagon,Yangon
Site 433,96.406335,16.855779,South Dagon,Yangon
Site 434,96.199745,16.855401,South Dagon,Yangon
Site 435,96.463708,16.931259,South Dagon,Yangon
Site 436,96.26006,16.66824,South Dagon,Yangon
Site 437,96.257104,16.822346,South Dagon,Yangon
Site 438,96.347832,16.881921,South Dagon,Yangon
Site 439,96.039751,16.818998,South Dagon,Yangon
Site 440,96.199989,16.985128,South Dagon,Yangon
Site 441,96.113933,16.977663,South Dagon,Yangon
Site 442,96.370592,16.80481,South Dagon,Yangon
Site 443,96.270363,16.791758,South Dagon,Yangon
Site 444,96.194342,16.841234,South Dagon,Yangon
Site 445,95.920509,17.08915,South Dagon,Yangon
Site 446,96.050408,16.910766,South Dagon,Yangon
Site 447,96.179244,16.979479,South Dagon,Yangon
Site 448,96.252389,16.945542,South Dagon,Yangon
Site 449,96.273202,16.983852,South Dagon,Yangon
Site 450,96.192217,16.915812,South Dagon,Yangon
Site 451,96.254024,17.081554,South Dagon,Yangon
Site 452,96.105264,16.829771,South Dagon,Yangon
Site 453,96.303357,16.918126,South Dagon,Yangon
Site 454,96.296792,16.866932,South Dagon,Yangon
Site 455,96.236099,16.795361,South Dagon,Yangon
Site 456,96.217101,16.954574,South Dagon,Yangon
Site 457,96.345233,16.995828,South Dagon,Yangon
Site 458,96.223428,17.02804,South Dagon,Yangon
Site 459,96.254923,16.814924,South Dagon,Yangon
Site 460,96.085064,16.89789,South Dagon,Yangon
Site 461,96.30846,16.975861,South Dagon,Yangon
Site 462,96.227692,16.804816,South Dagon,Yangon
Site 463,96.215233,16.975631,South Dagon,Yangon
Site 464,96.256501,16.845218,South Dagon,Yangon
Site 465,96.308337,16.73544,South Dagon,Yangon
Site 466,96.129111,16.845076,South Dagon,Yangon
Site 467,96.473327,16.685345,South Dagon,Yangon
Site 468,96.178841,16.770359,South Dagon,Yangon
Site 469,96.271504,16.719304,South Dagon,Yangon
Site 470,96.11335,16.886425,South Dagon,Yangon
Site 471,96.238777,17.046974,South Dagon,Yangon
Site 472,96.271672,16.957835,South Dagon,Yangon
Site 473,96.185505,16.721565,South Dagon,Yangon
Site 474,96.078697,16.990466,South Dagon,Yangon
Site 475,96.240391,16.76335,South Dagon,Yangon
Site 476,96.169963,16.737488,South Dagon,Yangon
Site 477,96.139179,16.893291,South Dagon,Yangon
Site 478,96.028358,16.915273,South Dagon,Yangon
Site 479,96.357395,16.842461,South Dagon,Yangon
Site 480,96.256692,16.847368,South Dagon,Yangon
Site 481,96.13542,16.700243,South Dagon,Yangon
Site 482,96.220752,16.711087,South Dagon,Yangon
Site 483,96.075322,16.654858,South Dagon,Yangon
Site 484,96.122617,16.735221,South Dagon,Yangon
Site 485,96.089131,16.971558,South Dagon,Yangon
Site 486,96.268218,16.91345,South Dagon,Yangon
Site 487,96.162536,17.026387,South Dagon,Yangon
Site 488,96.224489,16.880807,South Dagon,Yangon
Site 489,96.370995,16.805281,South Dagon,Yangon
Site 490,96.198739,16.943519,South Dagon,Yangon
Site 491,96.219703,16.989072,South Dagon,Yangon
Site 492,96.040267,16.708202,South Dagon,Yangon
Site 493,96.368608,16.742633,South Dagon,Yangon
Site 494,96.185662,16.893708,South Dagon,Yangon
Site 495,96.276599,16.762542,South Dagon,Yangon
Site 496,96.318129,16.978323,South Dagon,Yangon
Site 497,96.34847,16.727807,South Dagon,Yangon
Site 498,96.065611,16.907109,South Dagon,Yangon
Site 499,96.150572,16.828667,South Dagon,Yangon
Site 500,96.200945,17.110625,South Dagon,Yangon
Site 501,96.359269,16.955607,South Dagon,Yangon
Site 502,96.140115,17.09171,South Dagon,Yangon
Site 503,96.152852,16.938732,South Dagon,Yangon
Site 504,96.263084,16.689963,South Dagon,Yangon
Site 505,96.393464,16.834656,South Dagon,Yangon
Site 506,96.381988,16.893367,South Dagon,Yangon
Site 507,96.138754,16.876829,South Dagon,Yangon
Site 508,96.137029,16.978616,South Dagon,Yangon
Site 509,96.174978,16.954108,South Dagon,Yangon
Site 510,96.106494,16.709886,South Dagon,Yangon
Site 511,96.217564,16.894349,South Dagon,Yangon
Site 512,96.075671,16.816645,South Dagon,Yangon
Site 513,96.131509,16.767735,South Dagon,Yangon
Site 514,96.064852,17.185762,South Dagon,Yangon
Site 515,95.827632,16.811686,South Dagon,Yangon
Site 516,96.269332,17.003878,South Dagon,Yangon
Site 517,96.072567,16.855347,South Dagon,Yangon
Site 518,96.361607,16.887206,South Dagon,Yangon
Site 519,96.073159,16.729496,South Dagon,Yangon
Site 520,96.313021,17.062142,South Dagon,Yangon
Site 521,96.373576,16.838265,South Dagon,Yangon
Site 522,96.191754,16.871836,South Dagon,Yangon
Site 523,96.413124,16.803863,South Dagon,Yangon
Site 524,96.042439,16.832129,South Dagon,Yangon
Site 525,96.221414,16.710603,South Dagon,Yangon
Site 526,96.204089,16.799016,South Dagon,Yangon
Site 527,96.237187,16.94799,South Dagon,Yangon
Site 528,96.268302,16.953645,South Dagon,Yangon
Site 529,96.367124,16.801653,South Dagon,Yangon
Site 530,96.232168,16.883347,South Dagon,Yangon
Site 531,96.209127,16.925751,South Dagon,Yangon
Site 532,96.126698,16.896616,South Dagon,Yangon
Site 533,96.365107,16.760998,East Dagon,Yangon
Site 534,96.60568,16.912647,East Dagon,Yangon
Site 535,95.973488,16.882008,East Dagon,Yangon
Site 536,96.329301,16.843821,East Dagon,Yangon
Site 537,96.3425,16.914256,East Dagon,Yangon
Site 538,96.157338,16.935824,East Dagon,Yangon
Site 539,96.40111,16.741434,East Dagon,Yangon
Site 540,96.295877,16.939955,East Dagon,Yangon
Site 541,96.138946,16.711433,East Dagon,Yangon
Site 542,96.349384,17.108101,East Dagon,Yangon
Site 543,96.2215,16.94563,East Dagon,Yangon
Site 544,96.340899,16.684854,East Dagon,Yangon
Site 545,96.217607,16.901566,East Dagon,Yangon
Site 546,96.351725,16.890501,East Dagon,Yangon
Site 547,96.304069,17.022523,East Dagon,Yangon
Site 548,96.388754,16.839097,East Dagon,Yangon
Site 549,96.290043,16.671727,East Dagon,Yangon
Site 550,96.317732,17.013949,East Dagon,Yangon
Site 551,96.394476,16.989368,East Dagon,Yangon
Site 552,96.464702,17.146064,East Dagon,Yangon
Site 553,96.322936,17.00895,East Dagon,Yangon
Site 554,96.365626,16.90211,East Dagon,Yangon
Site 555,96.192862,17.013348,East Dagon,Yangon
Site 556,96.506954,16.753434,East Dagon,Yangon
Site 557,96.383337,16.701113,East Dagon,Yangon
Site 558,96.20871,16.980557,East Dagon,Yangon
Site 559,96.330502,16.776056,East Dagon,Yangon
Site 560,96.384306,16.891032,East Dagon,Yangon
Site 561,96.264226,16.466164,East Dagon,Yangon
Site 562,96.312802,16.876866,East Dagon,Yangon
Site 563,96.378708,16.904044,East Dagon,Yangon
Site 564,96.230588,16.827047,East Dagon,Yangon
Site 565,96.204688,17.020633,East Dagon,Yangon
Site 566,96.386544,16.804183,East Dagon,Yangon
Site 567,96.197743,16.940702,East Dagon,Yangon
Site 568,96.231447,17.075888,East Dagon,Yangon
Site 569,96.212494,16.825846,East Dagon,Yangon
Site 570,96.288663,16.827984,East Dagon,Yangon
Site 571,96.372124,16.839361,East Dagon,Yangon
Site 572,96.237512,16.741891,East Dagon,Yangon
Site 573,96.348318,16.924087,East Dagon,Yangon
Site 574,96.52109,16.769346,East Dagon,Yangon
Site 575,96.353457,16.650986,East Dagon,Yangon
Site 576,96.18207,16.993641,East Dagon,Yangon
Site 577,96.277663,16.805818,East Dagon,Yangon
Site 578,96.444784,17.030374,East Dagon,Yangon
Site 579,96.11277,16.846063,East Dagon,Yangon
Site 580,96.00682,16.908455,East Dagon,Yangon
Site 581,96.230345,16.739404,East Dagon,Yangon
Site 582,96.407423,17.013254,East Dagon,Yangon
Site 583,96.244881,16.914545,East Dagon,Yangon
Site 584,96.243318,16.867531,East Dagon,Yangon
Site 585,96.20016,16.824893,East Dagon,Yangon
Site 586,96.212389,16.876457,East Dagon,Yangon
Site 587,96.420965,16.930298,East Dagon,Yangon
Site 588,96.104525,16.885697,East Dagon,Yangon
Site 589,96.407325,16.93096,East Dagon,Yangon
Site 590,96.366897,16.988648,East Dagon,Yangon
Site 591,96.187472,16.928118,East Dagon,Yangon
Site 592,96.268011,16.915983,East Dagon,Yangon
Site 593,96.387241,16.967658,East Dagon,Yangon
Site 594,96.321543,16.626878,East Dagon,Yangon
Site 595,96.107989,16.84842,East Dagon,Yangon
Site 596,96.18811,16.86228,East Dagon,Yangon
Site 597,96.199523,17.083122,East Dagon,Yangon
Site 598,96.136989,16.926375,East Dagon,Yangon
Site 599,96.421831,16.881958,East Dagon,Yangon
Site 600,96.155252,16.923359,East Dagon,Yangon
Site 601,96.568623,16.925926,East Dagon,Yangon
Site 602,96.359968,17.031994,East Dagon,Yangon
Site 603,96.343508,17.002736,East Dagon,Yangon
Site 604,96.24307,16.919082,East Dagon,Yangon
Site 605,96.411156,17.004097,East Dagon,Yangon
Site 606,96.168129,17.031654,East Dagon,Yangon
Site 607,96.437846,16.707567,East Dagon,Yangon
Site 608,96.28876,16.775338,East Dagon,Yangon
Site 609,96.333975,17.070899,East Dagon,Yangon
Site 610,96.702207,16.869169,East Dagon,Yangon
Site 611,96.519179,16.878985,East Dagon,Yangon
Site 612,96.663609,16.825319,East Dagon,Yangon
Site 613,96.274205,17.002776,East Dagon,Yangon
Site 614,96.590013,16.742907,East Dagon,Yangon
Site 615,96.427018,16.906915,East Dagon,Yangon
Site 616,96.208571,16.782337,East Dagon,Yangon
Site 617,96.424058,16.617852,East Dagon,Yangon
Site 618,96.368459,16.791571,East Dagon,Yangon
Site 619,96.361,16.667067,East Dagon,Yangon
Site 620,96.398936,16.807494,East Dagon,Yangon
Site 621,96.117575,16.812702,East Dagon,Yangon
Site 622,96.052207,17.073334,East Dagon,Yangon
Site 623,96.346473,16.942278,East Dagon,Yangon
Site 624,96.600489,16.914034,East Dagon,Yangon
Site 625,96.295487,17.01482,East Dagon,Yangon
Site 626,96.446413,16.767735,East Dagon,Yangon
Site 627,96.483061,17.056837,East Dagon,Yangon
Site 628,96.227567,16.803352,East Dagon,Yangon
Site 629,96.242326,16.82643,East Dagon,Yangon
Site 630,96.155102,16.708219,East Dagon,Yangon
Site 631,96.489116,16.812566,East Dagon,Yangon
Site 632,96.295166,16.905839,East Dagon,Yangon
Site 633,96.334243,16.817575,East Dagon,Yangon
Site 634,96.176473,16.612117,East Dagon,Yangon
Site 635,96.323727,16.654108,East Dagon,Yangon
Site 636,96.371973,17.105313,East Dagon,Yangon
Site 637,96.398177,16.756628,East Dagon,Yangon
Site 638,96.404023,16.930253,East Dagon,Yangon
Site 639,96.171847,16.803693,East Dagon,Yangon
Site 640,96.306698,16.930192,East Dagon,Yangon
Site 641,96.230933,16.743623,East Dagon,Yangon
Site 642,96.114823,16.941578,East Dagon,Yangon
Site 643,96.341163,16.958864,East Dagon,Yangon
Site 644,96.359048,16.733006,East Dagon,Yangon
Site 645,96.367765,17.046251,East Dagon,Yangon
Site 646,96.409068,17.038926,East Dagon,Yangon
Site 647,96.279701,16.918079,East Dagon,Yangon
Site 648,95.946706,16.732601,East Dagon,Yangon
Site 649,96.074534,16.855591,East Dagon,Yangon
Site 650,96.357374,17.101623,East Dagon,Yangon
Site 651,96.245107,16.804905,East Dagon,Yangon
Site 652,96.164119,16.926038,East Dagon,Yangon
Site 653,96.335279,16.899201,East Dagon,Yangon
Site 654,96.51753,16.870725,East Dagon,Yangon
Site 655,96.309214,16.874241,East Dagon,Yangon
Site 656,96.191446,16.635239,East Dagon,Yangon
Site 657,96.273615,16.776237,East Dagon,Yangon
Site 658,96.021175,16.633969,East Dagon,Yangon
Site 659,96.34357,16.999277,East Dagon,Yangon
Site 660,96.314213,16.923958,East Dagon,Yangon
Site 661,96.171302,16.87437,East Dagon,Yangon
Site 662,96.306752,17.065174,East Dagon,Yangon
Site 663,96.267216,17.006572,East Dagon,Yangon
Site 664,96.043429,17.099825,East Dagon,Yangon
Site 665,96.167891,16.775605,East Dagon,Yangon
Site 666,96.375124,16.833254,East Dagon,Yangon
Site 667,96.368412,16.866291,East Dagon,Yangon
Site 668,96.236064,16.692717,East Dagon,Yangon
Site 669,96.153648,16.840535,East Dagon,Yangon
Site 670,96.222964,16.826325,East Dagon,Yangon
Site 671,96.254712,16.963148,East Dagon,Yangon
Site 672,96.195301,16.718794,East Dagon,Yangon
Site 673,95.998598,16.976607,East Dagon,Yangon
Site 674,96.147119,16.80464,East Dagon,Yangon
Site 675,96.400626,17.056539,East Dagon,Yangon
Site 676,96.104645,16.912705,East Dagon,Yangon
Site 677,96.272887,16.834109,East Dagon,Yangon
Site 678,96.197062,16.961469,East Dagon,Yangon
Site 679,96.227971,16.832767,East Dagon,Yangon
Site 680,96.252276,16.837816,East Dagon,Yangon
Site 681,95.922612,16.891983,East Dagon,Yangon
Site 682,96.002865,16.933073,East Dagon,Yangon
Site 683,96.347422,16.887871,East Dagon,Yangon
Site 684,96.243023,16.719958,East Dagon,Yangon
Site 685,96.482513,16.990516,East Dagon,Yangon
Site 686,96.381063,16.91739,East Dagon,Yangon
Site 687,96.357957,16.809765,East Dagon,Yangon
Site 688,96.104971,17.110811,East Dagon,Yangon
Site 689,96.095484,16.972007,East Dagon,Yangon
Site 690,96.347525,16.840557,East Dagon,Yangon
Site 691,96.065161,16.678144,East Dagon,Yangon
Site 692,96.350782,16.93126,East Dagon,Yangon
Site 693,96.128957,16.907477,East Dagon,Yangon
Site 694,96.504963,16.822098,East Dagon,Yangon
Site 695,96.235159,16.89248,East Dagon,Yangon
Site 696,96.281939,16.928992,East Dagon,Yangon
Site 697,96.177545,17.104428,East Dagon,Yangon
Site 698,96.289968,16.950453,Mingaladon,Yangon
Site 699,96.165947,17.111127,Mingaladon,Yangon
Site 700,96.01526,16.844578,Mingaladon,Yangon
Site 701,96.386765,16.870715,Mingaladon,Yangon
Site 702,96.249743,16.943948,Mingaladon,Yangon
Site 703,96.110185,16.964209,Mingaladon,Yangon
Site 704,96.190638,17.073825,Mingaladon,Yangon
Site 705,96.200541,17.014222,Mingaladon,Yangon
Site 706,96.274895,17.047765,Mingaladon,Yangon
Site 707,96.151044,16.859376,Mingaladon,Yangon
Site 708,96.250292,16.901685,Mingaladon,Yangon
Site 709,96.170458,16.923769,Mingaladon,Yangon
Site 710,96.27041,17.019774,Mingaladon,Yangon
Site 711,95.985759,17.163823,Mingaladon,Yangon
Site 712,96.238576,17.181767,Mingaladon,Yangon
Site 713,96.096712,17.280578,Mingaladon,Yangon
Site 714,96.335463,16.896149,Mingaladon,Yangon
Site 715,96.190625,17.043135,Mingaladon,Yangon
Site 716,96.116548,16.899406,Mingaladon,Yangon
Site 717,96.136819,16.872749,Mingaladon,Yangon
Site 718,96.27207,16.880985,Mingaladon,Yangon
Site 719,96.168784,16.793808,Mingaladon,Yangon
Site 720,96.154791,16.858558,Mingaladon,Yangon
Site 721,95.99938,17.050826,Mingaladon,Yangon
Site 722,96.346326,16.968632,Mingaladon,Yangon
Site 723,96.118675,16.924018,Mingaladon,Yangon
Site 724,96.247583,17.004101,Mingaladon,Yangon
Site 725,96.062232,17.178856,Mingaladon,Yangon
Site 726,96.11462,16.897822,Mingaladon,Yangon
Site 727,96.399538,16.971784,Mingaladon,Yangon
Site 728,96.192648,17.146269,Mingaladon,Yangon
Site 729,96.238923,16.970899,Mingaladon,Yangon
Site 730,96.145621,16.957148,Mingaladon,Yangon
Site 731,95.928625,17.060091,Mingaladon,Yangon
Site 732,96.336533,17.029086,Mingaladon,Yangon
Site 733,96.128613,16.995426,Mingaladon,Yangon
Site 734,96.136956,17.004143,Mingaladon,Yangon
Site 735,96.209114,16.845883,Mingaladon,Yangon
Site 736,96.191924,17.007869,Mingaladon,Yangon
Site 737,96.010394,16.98737,Mingaladon,Yangon
Site 738,96.055846,17.033182,Mingaladon,Yangon
Site 739,96.34494,16.948846,Mingaladon,Yangon
Site 740,96.279171,17.080928,Mingaladon,Yangon
Site 741,96.273376,17.100183,Mingaladon,Yangon
Site 742,96.247961,16.982779,Mingaladon,Yangon
Site 743,96.186527,17.13661,Mingaladon,Yangon
Site 744,96.190739,16.853389,Mingaladon,Yangon
Site 745,96.244163,17.113424,Mingaladon,Yangon
Site 746,96.21681,17.156606,Mingaladon,Yangon
Site 747,96.122569,17.041296,Mingaladon,Yangon
Site 748,96.332358,17.042498,Mingaladon,Yangon
Site 749,96.306803,17.124764,Mingaladon,Yangon
Site 750,96.187463,17.049595,Mingaladon,Yangon
Site 751,96.25539,17.310965,Mingaladon,Yangon
Site 752,96.232233,16.87117,Mingaladon,Yangon
Site 753,96.220826,17.01528,Mingaladon,Yangon
Site 754,96.194918,17.092103,Mingaladon,Yangon
Site 755,96.175797,17.000728,Mingaladon,Yangon
Site 756,96.262277,17.160711,Mingaladon,Yangon
Site 757,96.276226,16.973788,Mingaladon,Yangon
Site 758,96.111947,17.148483,Mingaladon,Yangon
Site 759,96.107725,16.846259,Mingaladon,Yangon
Site 760,96.067105,17.157548,Mingaladon,Yangon
Site 761,96.050619,16.926146,Mingaladon,Yangon
Site 762,96.207768,17.23383,Mingaladon,Yangon
Site 763,96.231886,16.914807,Mingaladon,Yangon
Site 764,96.00102,17.074472,Mingaladon,Yangon
Site 765,96.102732,17.041122,Mingaladon,Yangon
Site 766,96.050044,16.828032,Mingaladon,Yangon
Site 767,96.396327,16.934601,Mingaladon,Yangon
Site 768,96.194562,16.993637,Mingaladon,Yangon
Site 769,96.034217,16.905924,Mingaladon,Yangon
Site 770,96.231041,16.807834,Mingaladon,Yangon
Site 771,96.234173,16.965659,Mingaladon,Yangon
Site 772,96.153867,17.214722,Mingaladon,Yangon
Site 773,96.208466,16.920577,Mingaladon,Yangon
Site 774,96.116206,16.877574,Mingaladon,Yangon
Site 775,96.148264,16.893009,Mingaladon,Yangon
Site 776,96.044253,16.896311,Mingaladon,Yangon
Site 777,96.066469,17.160534,Mingaladon,Yangon
Site 778,96.313726,17.079219,Mingaladon,Yangon
Site 779,96.28036,16.83181,Mingaladon,Yangon
Site 780,96.177768,16.864236,Mingaladon,Yangon
Site 781,96.292313,16.926414,Mingaladon,Yangon
Site 782,96.28561,16.761122,Mingaladon,Yangon
Site 783,96.174491,16.942499,Mingaladon,Yangon
Site 784,96.316282,17.064844,Mingaladon,Yangon
Site 785,96.050573,16.929911,Mingaladon,Yangon
Site 786,96.35137,16.908528,Mingaladon,Yangon
Site 787,96.247163,17.012139,Mingaladon,Yangon
Site 788,96.269688,17.152666,Mingaladon,Yangon
Site 789,96.131826,16.832935,Mingaladon,Yangon
Site 790,96.15037,16.960888,Mingaladon,Yangon
Site 791,96.37066,16.954445,Mingaladon,Yangon
Site 792,96.110549,17.037142,Mingaladon,Yangon
Site 793,96.170319,17.047939,Mingaladon,Yangon
Site 794,96.180803,16.948224,Mingaladon,Yangon
Site 795,96.199687,16.925914,Mingaladon,Yangon
Site 796,96.201452,16.916894,Mingaladon,Yangon
Site 797,96.294107,16.833801,Mingaladon,Yangon
Site 798,96.006671,16.81993,Mingaladon,Yangon
Site 799,96.392027,17.305547,Mingaladon,Yangon
Site 800,96.005686,16.92634,Mingaladon,Yangon
Site 801,96.446081,16.764926,Mingaladon,Yangon
Site 802,96.145501,17.316649,Mingaladon,Yangon
Site 803,96.324715,17.095465,Mingaladon,Yangon
Site 804,96.093205,16.982764,Mingaladon,Yangon
Site 805,96.351838,17.214592,Mingaladon,Yangon
Site 806,96.277919,16.966878,Mingaladon,Yangon
Site 807,96.243217,16.886274,Mingaladon,Yangon
Site 808,96.189496,16.988518,Mingaladon,Yangon
Site 809,96.112962,16.815445,Mingaladon,Yangon
Site 810,96.02154,16.942331,Mingaladon,Yangon
Site 811,96.092094,16.914701,Mingaladon,Yangon
Site 812,96.16082,17.079516,Mingaladon,Yangon
Site 813,96.005487,17.159084,Mingaladon,Yangon
Site 814,96.358301,17.010806,Mingaladon,Yangon
Site 815,95.994851,17.104871,Mingaladon,Yangon
Site 816,96.148392,16.825327,Mingaladon,Yangon
Site 817,96.196365,16.971818,Mingaladon,Yangon
Site 818,96.205877,16.94972,Mingaladon,Yangon
Site 819,96.186015,17.02318,Mingaladon,Yangon
Site 820,96.250092,16.815875,Mingaladon,Yangon
Site 821,96.118295,17.096422,Mingaladon,Yangon
Site 822,96.104464,16.795309,Mingaladon,Yangon
Site 823,96.180805,16.886482,Mingaladon,Yangon
Site 824,96.039318,16.841387,Mingaladon,Yangon
Site 825,96.19726,16.977154,Mingaladon,Yangon
Site 826,96.233839,17.017804,Mingaladon,Yangon
Site 827,96.036081,17.1276,Mingaladon,Yangon
Site 828,96.178461,17.049461,Mingaladon,Yangon
Site 829,96.311697,17.08541,Mingaladon,Yangon
Site 830,96.236338,16.96095,Mingaladon,Yangon
Site 831,96.154938,16.844592,Mingaladon,Yangon
Site 832,96.254463,17.036771,Mingaladon,Yangon
Site 833,96.361021,16.814633,Mingaladon,Yangon
Site 834,96.341089,16.853083,Mingaladon,Yangon
Site 835,96.186691,16.804293,Mingaladon,Yangon
Site 836,96.152173,17.105906,Mingaladon,Yangon
Site 837,96.230315,16.99012,Mingaladon,Yangon
Site 838,96.19541,17.013157,Mingaladon,Yangon
Site 839,96.24423,16.858555,Mingaladon,Yangon
Site 840,96.081245,16.934031,Mingaladon,Yangon
Site 841,96.230827,16.789047,Mingaladon,Yangon
Site 842,96.096749,17.114174,Mingaladon,Yangon
Site 843,96.262066,17.083883,Mingaladon,Yangon
Site 844,96.217468,16.944328,Mingaladon,Yangon
Site 845,96.161295,16.862115,Mingaladon,Yangon
Site 846,96.266581,16.675279,Mingaladon,Yangon
Site 847,96.026603,17.079922,Mingaladon,Yangon
Site 848,96.116823,16.876992,Mingaladon,Yangon
Site 849,96.451659,17.00325,Mingaladon,Yangon
Site 850,96.480413,16.85278,Mingaladon,Yangon
Site 851,96.264452,17.09473,Mingaladon,Yangon
Site 852,96.22913,17.057498,Mingaladon,Yangon
Site 853,96.242151,17.001183,Mingaladon,Yangon
Site 854,96.170705,16.754302,Mingaladon,Yangon
Site 855,96.162103,16.834288,Mingaladon,Yangon
Site 856,95.979342,16.820892,Mingaladon,Yangon
Site 857,95.899059,17.050705,Mingaladon,Yangon
Site 858,96.241951,16.929234,Mingaladon,Yangon
Site 859,96.134547,17.140995,Mingaladon,Yangon
Site 860,96.200643,17.035212,Mingaladon,Yangon
Site 861,96.150378,16.808,Mingaladon,Yangon
Site 862,96.224972,17.072643,Mingaladon,Yangon
Site 863,96.283605,16.975484,Mingaladon,Yangon
Site 864,96.129393,16.899885,Mingaladon,Yangon
Site 865,96.23405,16.941217,Mingaladon,Yangon
Site 866,96.245574,17.051962,Mingaladon,Yangon
Site 867,96.34712,16.963088,Mingaladon,Yangon
Site 868,96.125846,17.062801,Mingaladon,Yangon
Site 869,96.189769,16.997731,Mingaladon,Yangon
Site 870,96.296829,16.850775,Mingaladon,Yangon
Site 871,96.225525,16.751102,Mingaladon,Yangon
Site 872,96.152173,17.008996,Mingaladon,Yangon
Site 873,96.213102,16.89025,Mingaladon,Yangon
Site 874,96.224611,16.875663,Mingaladon,Yangon
Site 875,96.075353,16.882464,Mingaladon,Yangon
Site 876,96.12515,17.138427,Mingaladon,Yangon
Site 877,96.052306,16.722591,Mingaladon,Yangon
Site 878,96.178573,17.022794,Mingaladon,Yangon
Site 879,96.16514,16.855586,Mingaladon,Yangon
Site 880,96.255794,16.986717,Mingaladon,Yangon
Site 881,96.220093,16.628274,Thanlyin,Yangon
Site 882,96.149322,16.641224,Thanlyin,Yangon
Site 883,96.07907,16.881472,Thanlyin,Yangon
Site 884,96.417488,16.659494,Thanlyin,Yangon
Site 885,96.141881,16.969775,Thanlyin,Yangon
Site 886,96.47073,16.661595,Thanlyin,Yangon
Site 887,96.390652,16.789865,Thanlyin,Yangon
Site 888,96.051898,16.504451,Thanlyin,Yangon
Site 889,96.390155,16.85156,Thanlyin,Yangon
Site 890,96.282972,16.699328,Thanlyin,Yangon
Site 891,96.106013,16.684099,Thanlyin,Yangon
Site 892,96.250615,16.80738,Thanlyin,Yangon
Site 893,96.536187,16.758077,Thanlyin,Yangon
Site 894,96.124992,16.794386,Thanlyin,Yangon
Site 895,96.066491,16.736793,Thanlyin,Yangon
Site 896,96.284459,16.697633,Thanlyin,Yangon
Site 897,96.383017,16.959186,Thanlyin,Yangon
Site 898,96.248622,16.609185,Thanlyin,Yangon
Site 899,96.215839,16.546428,Thanlyin,Yangon
Site 900,96.432008,16.701424,Thanlyin,Yangon
Site 901,96.147708,16.790574,Thanlyin,Yangon
Site 902,96.275894,16.793641,Thanlyin,Yangon
Site 903,96.094329,16.725909,Thanlyin,Yangon
Site 904,96.519278,16.587994,Thanlyin,Yangon
Site 905,96.176687,16.646044,Thanlyin,Yangon
Site 906,96.127625,16.716652,Thanlyin,Yangon
Site 907,96.289943,16.841801,Thanlyin,Yangon
Site 908,96.311587,16.701754,Thanlyin,Yangon
Site 909,96.125727,16.763487,Thanlyin,Yangon
Site 910,96.391888,16.501099,Thanlyin,Yangon
Site 911,96.295815,16.744909,Thanlyin,Yangon
Site 912,96.235265,16.95092,Thanlyin,Yangon
Site 913,96.291267,16.73917,Thanlyin,Yangon
Site 914,96.219939,16.841972,Thanlyin,Yangon
Site 915,96.198383,16.805675,Thanlyin,Yangon
Site 916,96.376758,16.486093,Thanlyin,Yangon
Site 917,96.437159,16.899143,Thanlyin,Yangon
Site 918,96.247603,16.792505,Thanlyin,Yangon
Site 919,96.127087,16.873183,Thanlyin,Yangon
Site 920,96.192346,16.56095,Thanlyin,Yangon
Site 921,96.12322,16.742971,Thanlyin,Yangon
Site 922,96.199785,16.84809,Thanlyin,Yangon
Site 923,96.308889,16.978843,Thanlyin,Yangon
Site 924,96.087067,16.869301,Thanlyin,Yangon
Site 925,96.305505,16.898069,Thanlyin,Yangon
Site 926,96.458491,16.839179,Thanlyin,Yangon
Site 927,96.272996,16.882781,Thanlyin,Yangon
Site 928,96.238064,16.855694,Thanlyin,Yangon
Site 929,96.081041,16.607538,Thanlyin,Yangon
Site 930,96.311414,16.804304,Thanlyin,Yangon
Site 931,96.337325,16.818041,Thanlyin,Yangon
Site 932,96.188338,16.748472,Thanlyin,Yangon
Site 933,96.396083,16.895238,Thanlyin,Yangon
Site 934,96.244943,16.757834,Thanlyin,Yangon
Site 935,96.183687,16.66776,Thanlyin,Yangon
Site 936,96.127981,16.599966,Thanlyin,Yangon
Site 937,96.18362,16.831732,Thanlyin,Yangon
Site 938,96.241663,16.571057,Thanlyin,Yangon
Site 939,96.250202,16.911188,Thanlyin,Yangon
Site 940,96.220976,16.799868,Thanlyin,Yangon
Site 941,96.042729,16.882481,Thanlyin,Yangon
Site 942,96.419778,16.736972,Thanlyin,Yangon
Site 943,96.625531,16.637924,Thanlyin,Yangon
Site 944,96.014058,16.831978,Thanlyin,Yangon
Site 945,96.207396,16.803012,Thanlyin,Yangon
Site 946,96.257034,16.676709,Thanlyin,Yangon
Site 947,96.521717,16.751012,Thanlyin,Yangon
Site 948,96.501032,16.704955,Thanlyin,Yangon
Site 949,96.236651,16.833958,Thanlyin,Yangon
Site 950,96.279022,16.643835,Thanlyin,Yangon
Site 951,96.335995,16.708711,Thanlyin,Yangon
Site 952,96.116772,16.65938,Thanlyin,Yangon
Site 953,96.09769,16.733321,Thanlyin,Yangon
Site 954,96.246225,16.688432,Thanlyin,Yangon
Site 955,96.194978,16.803749,Thanlyin,Yangon
Site 956,96.442591,16.904705,Thanlyin,Yangon
Site 957,96.341125,16.662896,Thanlyin,Yangon
Site 958,96.301325,16.615972,Thanlyin,Yangon
Site 959,96.13419,16.785085,Thanlyin,Yangon
Site 960,96.1557,16.695065,Thanlyin,Yangon
Site 961,96.155577,16.774273,Thanlyin,Yangon
Site 962,96.276305,16.730654,Thanlyin,Yangon
Site 963,96.211183,16.743363,Thanlyin,Yangon
Site 964,96.228474,16.526687,Thanlyin,Yangon
Site 965,96.147782,16.601008,Thanlyin,Yangon
Site 966,96.126805,16.614176,Thanlyin,Yangon
Site 967,96.261116,16.654346,Thanlyin,Yangon
Site 968,96.396795,16.99038,Thanlyin,Yangon
Site 969,96.445805,16.91636,Thanlyin,Yangon
Site 970,96.32652,16.812925,Thanlyin,Yangon
Site 971,96.323957,16.831862,Thanlyin,Yangon
Site 972,96.04801,16.761231,Thanlyin,Yangon
Site 973,96.141828,16.713347,Thanlyin,Yangon
Site 974,96.264432,16.915887,Thanlyin,Yangon
Site 975,96.301781,16.775028,Thanlyin,Yangon
Site 976,96.271748,16.506208,Thanlyin,Yangon
Site 977,96.238243,16.773855,Thanlyin,Yangon
Site 978,96.471485,16.678956,Thanlyin,Yangon
Site 979,96.150434,16.809441,Thanlyin,Yangon
Site 980,96.501242,16.84035,Thanlyin,Yangon
Site 981,96.239458,16.864717,Thanlyin,Yangon
Site 982,96.089156,16.724494,Thanlyin,Yangon
Site 983,96.266263,16.523522,Thanlyin,Yangon
Site 984,96.098133,16.675755,Thanlyin,Yangon
Site 985,96.182611,16.883666,Thanlyin,Yangon
Site 986,96.192826,16.932491,Thanlyin,Yangon
Site 987,96.216053,16.787068,Thanlyin,Yangon
Site 988,96.119956,16.999291,Thanlyin,Yangon
Site 989,96.331542,16.698671,Thanlyin,Yangon
Site 990,96.279649,16.609348,Thanlyin,Yangon
Site 991,96.436005,16.863719,Thanlyin,Yangon
Site 992,96.154691,16.523418,Thanlyin,Yangon
Site 993,96.178962,16.69162,Thanlyin,Yangon
Site 994,96.262771,16.65911,Thanlyin,Yangon
Site 995,96.142996,16.936134,Thanlyin,Yangon
Site 996,96.03159,16.923945,Thanlyin,Yangon
Site 997,96.292129,16.496751,Thanlyin,Yangon
Site 998,96.250826,16.563829,Thanlyin,Yangon
Site 999,96.413964,17.042043,Thanlyin,Yangon
Site 1000,96.167803,16.741222,Thanlyin,Yangon
Site 1001,96.20028,16.674475,Thanlyin,Yangon
Site 1002,96.420383,16.93756,Thanlyin,Yangon
Site 1003,96.476584,16.726056,Thanlyin,Yangon
Site 1004,96.356338,16.879052,Thanlyin,Yangon
Site 1005,96.382506,16.751289,Thanlyin,Yangon
Site 1006,96.125377,16.95868,Thanlyin,Yangon
Site 1007,96.193618,16.801671,Thanlyin,Yangon
Site 1008,96.158136,16.912796,Thanlyin,Yangon
Site 1009,96.256733,16.671934,Thanlyin,Yangon
Site 1010,96.256073,16.890402,Thanlyin,Yangon
Site 1011,96.26936,16.70658,Thanlyin,Yangon
Site 1012,96.123527,16.849614,Thanlyin,Yangon
Site 1013,96.163815,16.894723,Thanlyin,Yangon
Site 1014,96.208657,16.662727,Thanlyin,Yangon
Site 1015,96.222107,16.80529,Thanlyin,Yangon
Site 1016,96.235426,16.607035,Thanlyin,Yangon
Site 1017,96.310912,16.753369,Thanlyin,Yangon
Site 1018,96.00348,16.676626,Thanlyin,Yangon
Site 1019,95.79525,16.992307,Hmawbi,Yangon
Site 1020,96.119849,17.255143,Hmawbi,Yangon
Site 1021,96.13695,17.227333,Hmawbi,Yangon
Site 1022,95.850197,17.212747,Hmawbi,Yangon
Site 1023,96.153781,16.946792,Hmawbi,Yangon
Site 1024,96.037705,17.21737,Hmawbi,Yangon
Site 1025,96.155488,16.896328,Hmawbi,Yangon
Site 1026,96.05041,17.264213,Hmawbi,Yangon
Site 1027,96.019268,17.115857,Hmawbi,Yangon
Site 1028,96.124737,17.072713,Hmawbi,Yangon
Site 1029,96.070749,17.139882,Hmawbi,Yangon
Site 1030,96.045813,17.250639,Hmawbi,Yangon
Site 1031,96.24537,17.263706,Hmawbi,Yangon
Site 1032,96.200544,17.099246,Hmawbi,Yangon
Site 1033,95.996675,17.112681,Hmawbi,Yangon
Site 1034,95.894631,17.162897,Hmawbi,Yangon
Site 1035,96.325763,17.333798,Hmawbi,Yangon
Site 1036,96.102142,17.083334,Hmawbi,Yangon
Site 1037,96.044147,17.037987,Hmawbi,Yangon
Site 1038,95.893161,16.894995,Hmawbi,Yangon
Site 1039,96.027629,17.234968,Hmawbi,Yangon
Site 1040,95.977488,17.105831,Hmawbi,Yangon
Site 1041,96.022163,17.23298,Hmawbi,Yangon
Site 1042,96.102864,17.239268,Hmawbi,Yangon
Site 1043,96.07827,16.959203,Hmawbi,Yangon
Site 1044,96.081131,16.928925,Hmawbi,Yangon
Site 1045,95.988712,17.260842,Hmawbi,Yangon
Site 1046,96.157812,16.992269,Hmawbi,Yangon
Site 1047,96.151185,16.937963,Hmawbi,Yangon
Site 1048,96.050091,17.116782,Hmawbi,Yangon
Site 1049,96.267465,17.220308,Hmawbi,Yangon
Site 1050,96.107922,17.275165,Hmawbi,Yangon
Site 1051,96.167395,16.883927,Hmawbi,Yangon
Site 1052,96.10233,17.078345,Hmawbi,Yangon
Site 1053,96.213218,17.206172,Hmawbi,Yangon
Site 1054,95.974539,17.267508,Hmawbi,Yangon
Site 1055,96.09644,17.214594,Hmawbi,Yangon
Site 1056,96.194225,17.059478,Hmawbi,Yangon
Site 1057,96.281969,17.017387,Hmawbi,Yangon
Site 1058,96.254893,17.272204,Hmawbi,Yangon
Site 1059,95.967975,17.385008,Hmawbi,Yangon
Site 1060,96.049127,16.965172,Hmawbi,Yangon
Site 1061,96.171239,16.878276,Hmawbi,Yangon
Site 1062,95.959248,17.133886,Hmawbi,Yangon
Site 1063,95.983856,17.057301,Hmawbi,Yangon
Site 1064,96.028453,17.247325,Hmawbi,Yangon
Site 1065,96.166535,17.173291,Hmawbi,Yangon
Site 1066,95.86211,17.040581,Hmawbi,Yangon
Site 1067,96.059357,17.126653,Hmawbi,Yangon
Site 1068,96.227469,17.11029,Hmawbi,Yangon
Site 1069,96.079115,17.154689,Hmawbi,Yangon
Site 1070,96.303898,17.326606,Hmawbi,Yangon
Site 1071,95.990442,17.115987,Hmawbi,Yangon
Site 1072,96.276566,17.068034,Hmawbi,Yangon
Site 1073,96.126833,17.258777,Hmawbi,Yangon
Site 1074,95.922178,17.190193,Hmawbi,Yangon
Site 1075,95.97128,17.189894,Hmawbi,Yangon
Site 1076,96.131014,16.987211,Hmawbi,Yangon
Site 1077,96.127146,17.159637,Hmawbi,Yangon
Site 1078,95.937837,17.101769,Hmawbi,Yangon
Site 1079,96.153035,17.206486,Hmawbi,Yangon
Site 1080,96.243393,17.051721,Hmawbi,Yangon
Site 1081,95.980207,17.151543,Hmawbi,Yangon
Site 1082,96.02468,17.117767,Hmawbi,Yangon
Site 1083,95.814888,17.080283,Hmawbi,Yangon
Site 1084,96.22298,17.100699,Hmawbi,Yangon
Site 1085,96.024856,16.950102,Hmawbi,Yangon
Site 1086,95.987496,17.391461,Hmawbi,Yangon
Site 1087,96.038769,17.217656,Hmawbi,Yangon
Site 1088,96.215289,17.11502,Hmawbi,Yangon
Site 1089,95.989332,17.245356,Hmawbi,Yangon
Site 1090,95.99094,17.24209,Hmawbi,Yangon
Site 1091,96.039793,17.193712,Hmawbi,Yangon
Site 1092,96.102814,17.193734,Hmawbi,Yangon
Site 1093,96.063211,17.133829,Hmawbi,Yangon
Site 1094,95.984017,17.151694,Hmawbi,Yangon
Site 1095,96.149564,17.011871,Hmawbi,Yangon
Site 1096,95.967254,17.200699,Hmawbi,Yangon
Site 1097,96.376127,17.25954,Hmawbi,Yangon
Site 1098,95.972181,16.999478,Hmawbi,Yangon
Site 1099,95.99997,17.257955,Hmawbi,Yangon
Site 1100,95.997916,17.110104,Hmawbi,Yangon
Site 1101,96.100831,17.132932,Hmawbi,Yangon
Site 1102,96.151894,16.853686,Hmawbi,Yangon
Site 1103,96.18239,17.287199,Hmawbi,Yangon
Site 1104,96.149746,17.086069,Hmawbi,Yangon
Site 1105,95.986037,17.147718,Hmawbi,Yangon
Site 1106,96.157376,17.039582,Hmawbi,Yangon
Site 1107,95.960354,17.145442,Hmawbi,Yangon
Site 1108,96.084255,17.282672,Hmawbi,Yangon
Site 1109,95.854068,17.289995,Hmawbi,Yangon
Site 1110,96.006983,17.203908,Hmawbi,Yangon
Site 1111,96.143853,17.064221,Hmawbi,Yangon
Site 1112,95.984614,17.1351,Hmawbi,Yangon
Site 1113,96.127977,17.264487,Hmawbi,Yangon
Site 1114,96.226949,17.159506,Hmawbi,Yangon
Site 1115,96.270792,17.159209,Hmawbi,Yangon
Site 1116,96.133154,17.207188,Hmawbi,Yangon
Site 1117,96.042256,16.976992,Hmawbi,Yangon
Site 1118,96.165922,17.107695,Hmawbi,Yangon
Site 1119,96.019182,17.147894,Hmawbi,Yangon
Site 1120,96.13326,17.15752,Hmawbi,Yangon
Site 1121,96.143385,16.952991,Hmawbi,Yangon
Site 1122,96.023598,17.032955,Hmawbi,Yangon
Site 1123,96.159617,17.13686,Hmawbi,Yangon
Site 1124,96.257593,17.358597,Hmawbi,Yangon
Site 1125,96.128915,17.295167,Hmawbi,Yangon
Site 1126,96.356682,16.982633,Hmawbi,Yangon
Site 1127,95.970731,17.113265,Hmawbi,Yangon
Site 1128,96.046995,17.096168,Hmawbi,Yangon
Site 1129,96.382773,16.993738,Hlegu,Yangon
Site 1130,96.198827,17.128334,Hlegu,Yangon
Site 1131,96.028411,16.999495,Hlegu,Yangon
Site 1132,96.332199,17.251724,Hlegu,Yangon
Site 1133,96.22573,17.101893,Hlegu,Yangon
Site 1134,96.115522,16.970406,Hlegu,Yangon
Site 1135,96.27314,17.17619,Hlegu,Yangon
Site 1136,96.088951,17.192136,Hlegu,Yangon
Site 1137,96.267382,17.157847,Hlegu,Yangon
Site 1138,96.182268,16.880314,Hlegu,Yangon
Site 1139,96.261702,17.086201,Hlegu,Yangon
Site 1140,96.139863,17.168558,Hlegu,Yangon
Site 1141,96.36831,17.091133,Hlegu,Yangon
Site 1142,96.435629,17.040413,Hlegu,Yangon
Site 1143,96.126439,17.120147,Hlegu,Yangon
Site 1144,96.222329,17.104216,Hlegu,Yangon
Site 1145,96.285776,17.034143,Hlegu,Yangon
Site 1146,96.116904,17.027349,Hlegu,Yangon
Site 1147,96.350949,17.074597,Hlegu,Yangon
Site 1148,96.037877,17.043952,Hlegu,Yangon
Site 1149,96.071863,16.980031,Hlegu,Yangon
Site 1150,96.431423,17.116516,Hlegu,Yangon
Site 1151,96.213534,16.972357,Hlegu,Yangon
Site 1152,96.100171,17.075058,Hlegu,Yangon
Site 1153,96.215668,17.314964,Hlegu,Yangon
Site 1154,96.179559,16.706786,Hlegu,Yangon
Site 1155,96.012601,17.321427,Hlegu,Yangon
Site 1156,96.206119,17.001403,Hlegu,Yangon
Site 1157,96.1306,17.107506,Hlegu,Yangon
Site 1158,96.015665,17.066423,Hlegu,Yangon
Site 1159,96.182733,17.25273,Hlegu,Yangon
Site 1160,96.032339,17.097198,Hlegu,Yangon
Site 1161,96.172069,17.194205,Hlegu,Yangon
Site 1162,96.136894,17.09945,Hlegu,Yangon
Site 1163,96.466891,17.246082,Hlegu,Yangon
Site 1164,96.210417,17.029187,Hlegu,Yangon
Site 1165,95.886485,16.884216,Hlegu,Yangon
Site 1166,96.278775,17.124345,Hlegu,Yangon
Site 1167,96.458254,16.988457,Hlegu,Yangon
Site 1168,96.121939,17.114125,Hlegu,Yangon
Site 1169,96.199342,16.945628,Hlegu,Yangon
Site 1170,96.240181,17.189436,Hlegu,Yangon
Site 1171,96.261177,17.04847,Hlegu,Yangon
Site 1172,96.241292,17.284591,Hlegu,Yangon
Site 1173,95.958954,17.198223,Hlegu,Yangon
Site 1174,96.422674,17.156929,Hlegu,Yangon
Site 1175,96.038416,17.139241,Hlegu,Yangon
Site 1176,96.173344,16.987061,Hlegu,Yangon
Site 1177,96.089312,17.157006,Hlegu,Yangon
Site 1178,96.053485,17.126839,Hlegu,Yangon
Site 1179,96.199273,17.189018,Hlegu,Yangon
Site 1180,96.226004,17.146867,Hlegu,Yangon
Site 1181,96.433571,17.301142,Hlegu,Yangon
Site 1182,96.287624,17.003103,Hlegu,Yangon
Site 1183,96.051859,17.064597,Hlegu,Yangon
Site 1184,96.104754,16.952252,Hlegu,Yangon
Site 1185,96.219194,16.905988,Hlegu,Yangon
Site 1186,96.352054,16.981195,Hlegu,Yangon
Site 1187,96.438298,16.973501,Hlegu,Yangon
Site 1188,96.189709,17.029902,Hlegu,Yangon
Site 1189,96.20547,17.073801,Hlegu,Yangon
Site 1190,96.384937,16.779679,Hlegu,Yangon
Site 1191,96.325253,17.131518,Hlegu,Yangon
Site 1192,96.316233,17.094127,Hlegu,Yangon
Site 1193,96.46847,17.016515,Hlegu,Yangon
Site 1194,96.270219,17.089307,Hlegu,Yangon
Site 1195,96.191392,17.027861,Hlegu,Yangon
Site 1196,95.90237,17.156748,Hlegu,Yangon
Site 1197,96.242444,17.239381,Hlegu,Yangon
Site 1198,96.421309,17.039174,Hlegu,Yangon
Site 1199,96.191881,17.01296,Hlegu,Yangon
Site 1200,96.117631,17.125666,Hlegu,Yangon
Site 1201,96.392874,17.081961,Hlegu,Yangon
Site 1202,96.238815,16.948205,Hlegu,Yangon
Site 1203,96.241104,17.229482,Hlegu,Yangon
Site 1204,96.365292,17.058577,Hlegu,Yangon
Site 1205,96.209625,17.09373,Hlegu,Yangon
Site 1206,96.426796,16.785883,Hlegu,Yangon
Site 1207,96.057755,17.156048,Hlegu,Yangon
Site 1208,96.302053,17.165384,Hlegu,Yangon
Site 1209,96.3026,17.007859,Hlegu,Yangon
Site 1210,96.167303,17.106773,Hlegu,Yangon
Site 1211,96.273626,16.998986,Hlegu,Yangon
Site 1212,96.227512,17.305018,Hlegu,Yangon
Site 1213,96.250752,17.089481,Hlegu,Yangon
Site 1214,96.298227,17.258068,Hlegu,Yangon
Site 1215,96.277494,17.225761,Hlegu,Yangon
Site 1216,96.304919,17.159883,Hlegu,Yangon
Site 1217,96.140828,17.156403,Hlegu,Yangon
Site 1218,96.227759,17.000827,Hlegu,Yangon
Site 1219,96.358012,17.07154,Hlegu,Yangon
Site 1220,96.008362,17.154535,Hlegu,Yangon
Site 1221,95.845575,17.304899,Taikkyi,Yangon
Site 1222,96.181647,17.238353,Taikkyi,Yangon
Site 1223,95.771006,17.381251,Taikkyi,Yangon
Site 1224,96.041052,17.319293,Taikkyi,Yangon
Site 1225,95.830714,17.438378,Taikkyi,Yangon
Site 1226,96.027553,17.213063,Taikkyi,Yangon
Site 1227,96.122627,17.245202,Taikkyi,Yangon
Site 1228,95.994805,17.295648,Taikkyi,Yangon
Site 1229,95.870826,17.14118,Taikkyi,Yangon
Site 1230,96.098838,17.303187,Taikkyi,Yangon
Site 1231,96.101976,17.231842,Taikkyi,Yangon
Site 1232,96.127448,17.474447,Taikkyi,Yangon
Site 1233,95.956356,17.411897,Taikkyi,Yangon
Site 1234,95.886598,17.523756,Taikkyi,Yangon
Site 1235,95.940539,17.400769,Taikkyi,Yangon
Site 1236,96.08006,17.379694,Taikkyi,Yangon
Site 1237,95.966162,17.479108,Taikkyi,Yangon
Site 1238,95.965653,17.495015,Taikkyi,Yangon
Site 1239,96.157404,17.387263,Taikkyi,Yangon
Site 1240,96.070377,17.320301,Taikkyi,Yangon
Site 1241,95.983007,17.566739,Taikkyi,Yangon
Site 1242,95.92115,17.554144,Taikkyi,Yangon
Site 1243,95.863333,17.541054,Taikkyi,Yangon
Site 1244,96.017283,17.175023,Taikkyi,Yangon
Site 1245,95.799776,17.363814,Taikkyi,Yangon
Site 1246,95.899194,17.424113,Taikkyi,Yangon
Site 1247,96.089396,17.446635,Taikkyi,Yangon
Site 1248,95.947453,17.401625,Taikkyi,Yangon
Site 1249,96.003853,17.435053,Taikkyi,Yangon
Site 1250,96.019054,17.238296,Taikkyi,Yangon
Site 1251,96.083196,17.489752,Taikkyi,Yangon
Site 1252,96.107881,17.462613,Taikkyi,Yangon
Site 1253,95.996845,17.418659,Taikkyi,Yangon
Site 1254,95.921175,17.226129,Taikkyi,Yangon
Site 1255,95.73581,17.571031,Taikkyi,Yangon
Site 1256,96.080717,17.300646,Taikkyi,Yangon
Site 1257,95.959077,17.339333,Taikkyi,Yangon
Site 1258,96.099516,17.479124,Taikkyi,Yangon
Site 1259,96.183361,17.29702,Taikkyi,Yangon
Site 1260,95.880427,17.364884,Taikkyi,Yangon
Site 1261,96.048864,17.382157,Taikkyi,Yangon
Site 1262,96.164401,17.218328,Taikkyi,Yangon
Site 1263,96.218493,17.19866,Taikkyi,Yangon
Site 1264,95.88268,17.373184,Taikkyi,Yangon
Site 1265,95.836087,17.570622,Taikkyi,Yangon
Site 1266,95.995938,17.385578,Taikkyi,Yangon
Site 1267,95.997397,17.315838,Taikkyi,Yangon
Site 1268,96.031795,17.571809,Taikkyi,Yangon
Site 1269,95.926992,17.422857,Taikkyi,Yangon
Site 1270,95.956765,17.124878,Taikkyi,Yangon
Site 1271,96.010399,17.256279,Taikkyi,Yangon
Site 1272,95.886983,17.324696,Taikkyi,Yangon
Site 1273,96.000046,17.316472,Taikkyi,Yangon
Site 1274,95.883422,17.397825,Taikkyi,Yangon
Site 1275,96.185118,17.358089,Taikkyi,Yangon
Site 1276,95.819173,17.411851,Taikkyi,Yangon
Site 1277,95.880541,17.337999,Taikkyi,Yangon
Site 1278,96.137006,17.443087,Taikkyi,Yangon
Site 1279,96.019407,17.474864,Taikkyi,Yangon
Site 1280,96.070874,17.416051,Taikkyi,Yangon
Site 1281,96.162287,17.291017,Taikkyi,Yangon
Site 1282,95.931767,17.470851,Taikkyi,Yangon
Site 1283,96.202792,17.292656,Taikkyi,Yangon
Site 1284,96.112735,17.351961,Taikkyi,Yangon
Site 1285,95.671805,17.242287,Taikkyi,Yangon
Site 1286,95.994517,17.385221,Taikkyi,Yangon
Site 1287,95.887498,17.058871,Taikkyi,Yangon
Site 1288,96.081981,17.516964,Taikkyi,Yangon
Site 1289,95.996903,17.269759,Taikkyi,Yangon
Site 1290,96.111145,17.159125,Taikkyi,Yangon
Site 1291,96.101198,17.101522,Taikkyi,Yangon
Site 1292,95.916085,17.275184,Taikkyi,Yangon
Site 1293,95.974899,17.313053,Taikkyi,Yangon
Site 1294,96.059988,16.733563,Dagon Seikkan,Yangon
Site 1295,96.067099,16.785182,Dagon Seikkan,Yangon
Site 1296,96.211927,16.79747,Dagon Seikkan,Yangon
Site 1297,96.27376,16.838551,Dagon Seikkan,Yangon
Site 1298,96.162293,16.915998,Dagon Seikkan,Yangon
Site 1299,96.114773,16.822108,Dagon Seikkan,Yangon
Site 1300,96.10024,16.810597,Dagon Seikkan,Yangon
Site 1301,96.17816,16.736272,Dagon Seikkan,Yangon
Site 1302,96.130419,16.747129,Dagon Seikkan,Yangon
Site 1303,96.414142,16.806029,Dagon Seikkan,Yangon
Site 1304,96.277594,16.783062,Dagon Seikkan,Yangon
Site 1305,96.299606,16.763638,Dagon Seikkan,Yangon
Site 1306,96.331687,16.762729,Dagon Seikkan,Yangon
Site 1307,96.09324,16.818197,Dagon Seikkan,Yangon
Site 1308,96.177744,16.847485,Dagon Seikkan,Yangon
Site 1309,96.480032,16.646518,Dagon Seikkan,Yangon
Site 1310,96.247239,16.815636,Dagon Seikkan,Yangon
Site 1311,96.237854,16.817381,Dagon Seikkan,Yangon
Site 1312,96.246581,16.853557,Dagon Seikkan,Yangon
Site 1313,96.355586,16.814857,Dagon Seikkan,Yangon
Site 1314,96.346716,16.892589,Dagon Seikkan,Yangon
Site 1315,96.016374,16.856397,Dagon Seikkan,Yangon
Site 1316,96.331791,16.828902,Dagon Seikkan,Yangon
Site 1317,96.216317,16.757636,Dagon Seikkan,Yangon
Site 1318,96.33211,16.788169,Dagon Seikkan,Yangon
Site 1319,96.314081,16.518788,Dagon Seikkan,Yangon
Site 1320,96.130971,16.811866,Dagon Seikkan,Yangon
Site 1321,96.531803,16.679324,Dagon Seikkan,Yangon
Site 1322,96.212222,16.668312,Dagon Seikkan,Yangon
Site 1323,96.408493,16.750113,Dagon Seikkan,Yangon
Site 1324,96.1469,16.765765,Dagon Seikkan,Yangon
Site 1325,96.377891,17.014329,Dagon Seikkan,Yangon
Site 1326,96.093891,16.952146,Dagon Seikkan,Yangon
Site 1327,96.251491,16.781903,Dagon Seikkan,Yangon
Site 1328,96.175818,16.906312,Dagon Seikkan,Yangon
Site 1329,96.332557,16.640392,Dagon Seikkan,Yangon
Site 1330,96.029702,17.03522,Dagon Seikkan,Yangon
Site 1331,96.301699,16.834409,Dagon Seikkan,Yangon
Site 1332,96.232471,16.872969,Dagon Seikkan,Yangon
Site 1333,96.075426,16.686417,Dagon Seikkan,Yangon
Site 1334,96.230105,16.871449,Dagon Seikkan,Yangon
Site 1335,96.222466,16.685283,Dagon Seikkan,Yangon
Site 1336,96.239815,16.581793,Dagon Seikkan,Yangon
Site 1337,96.188844,16.983723,Dagon Seikkan,Yangon
Site 1338,96.217876,16.989109,Dagon Seikkan,Yangon
Site 1339,96.119271,16.789339,Dagon Seikkan,Yangon
Site 1340,96.251487,17.046394,Dagon Seikkan,Yangon
Site 1341,96.126352,16.729997,Dagon Seikkan,Yangon
Site 1342,96.516855,16.750931,Dagon Seikkan,Yangon
Site 1343,96.107063,16.584112,Dagon Seikkan,Yangon
Site 1344,96.078992,16.630527,Dagon Seikkan,Yangon
Site 1345,96.191363,16.720331,Dagon Seikkan,Yangon
Site 1346,96.263349,16.828947,Dagon Seikkan,Yangon
Site 1347,96.509747,16.942308,Dagon Seikkan,Yangon
Site 1348,96.302237,16.79418,Dagon Seikkan,Yangon
Site 1349,96.085997,16.946881,Dagon Seikkan,Yangon
Site 1350,96.307526,16.815755,Dagon Seikkan,Yangon
Site 1351,96.418595,16.912264,Dagon Seikkan,Yangon
Site 1352,96.425271,16.951181,Dagon Seikkan,Yangon
Site 1353,96.366944,17.02537,Dagon Seikkan,Yangon
Site 1354,96.181931,16.96701,Dagon Seikkan,Yangon
Site 1355,96.250028,16.713734,Dagon Seikkan,Yangon
Site 1356,96.297395,16.846261,Dagon Seikkan,Yangon
Site 1357,96.252284,16.551214,Dagon Seikkan,Yangon
Site 1358,96.366549,16.573403,Dagon Seikkan,Yangon
Site 1359,96.244453,16.703282,Dagon Seikkan,Yangon
Site 1360,96.09649,16.673831,Dagon Seikkan,Yangon
Site 1361,96.212311,16.796183,Dagon Seikkan,Yangon
Site 1362,96.093354,16.884057,Dagon Seikkan,Yangon
Site 1363,96.302253,16.861905,Dagon Seikkan,Yangon
Site 1364,96.248976,16.766697,Dagon Seikkan,Yangon
Site 1365,96.222268,16.915325,Dagon Seikkan,Yangon
Site 1366,96.392135,16.94077,Dagon Seikkan,Yangon
Site 1367,95.820957,16.795118,Twante,Yangon
Site 1368,95.904839,16.59571,Twante,Yangon
Site 1369,95.850732,16.700883,Twante,Yangon
Site 1370,95.773757,16.904331,Twante,Yangon
Site 1371,95.823109,16.611764,Twante,Yangon
Site 1372,95.882046,16.764691,Twante,Yangon
Site 1373,95.947328,16.429914,Twante,Yangon
Site 1374,96.13183,16.790476,Twante,Yangon
Site 1375,95.883227,16.796316,Twante,Yangon
Site 1376,95.778882,16.74555,Twante,Yangon
Site 1377,95.887927,16.664199,Twante,Yangon
Site 1378,95.911558,16.5644,Twante,Yangon
Site 1379,95.856255,16.800078,Twante,Yangon
Site 1380,95.9679,16.546658,Twante,Yangon
Site 1381,96.126032,16.730703,Twante,Yangon
Site 1382,95.912908,16.467027,Twante,Yangon
Site 1383,95.745791,16.912168,Twante,Yangon
Site 1384,95.717407,16.622575,Twante,Yangon
Site 1385,95.85782,16.44158,Twante,Yangon
Site 1386,95.676004,16.646527,Twante,Yangon
Site 1387,95.980041,16.655026,Twante,Yangon
Site 1388,95.967743,16.675433,Twante,Yangon
Site 1389,95.994617,16.84711,Twante,Yangon
Site 1390,95.989529,16.609571,Twante,Yangon
Site 1391,95.905254,16.64648,Twante,Yangon
Site 1392,95.950377,16.721358,Twante,Yangon
Site 1393,96.079218,16.79897,Twante,Yangon
Site 1394,95.697547,16.641545,Twante,Yangon
Site 1395,95.872934,16.757162,Twante,Yangon
Site 1396,95.776529,16.708624,Twante,Yangon
Site 1397,95.977022,16.829602,Twante,Yangon
Site 1398,95.858965,16.768468,Twante,Yangon
Site 1399,95.888727,16.575783,Twante,Yangon
Site 1400,95.809417,16.734481,Twante,Yangon
Site 1401,96.082191,16.774295,Twante,Yangon
Site 1402,96.005365,16.746312,Twante,Yangon
Site 1403,95.842218,16.411553,Twante,Yangon
Site 1404,96.002907,16.810892,Twante,Yangon
Site 1405,95.838119,16.544486,Twante,Yangon
Site 1406,95.896183,16.766524,Twante,Yangon
Site 1407,96.047318,16.490308,Twante,Yangon
Site 1408,95.661063,16.651085,Twante,Yangon
Site 1409,95.962306,16.848319,Twante,Yangon
Site 1410,95.972867,16.5974,Twante,Yangon
Site 1411,95.847918,16.907389,Twante,Yangon
Site 1412,95.80733,16.900415,Twante,Yangon
Site 1413,96.124005,16.695451,Twante,Yangon
Site 1414,95.944736,16.847206,Twante,Yangon
Site 1415,95.833138,16.990386,Twante,Yangon
Site 1416,95.850871,16.744592,Twante,Yangon
Site 1417,96.057099,16.966852,Twante,Yangon
Site 1418,96.07183,16.799741,Twante,Yangon
Site 1419,95.961656,16.703313,Twante,Yangon
Site 1420,95.930862,16.624023,Twante,Yangon
Site 1421,96.135779,16.694604,Twante,Yangon
Site 1422,96.580002,16.960176,Kayan,Yangon
Site 1423,96.825158,16.957557,Kayan,Yangon
Site 1424,96.505944,16.972662,Kayan,Yangon
Site 1425,96.427667,17.00784,Kayan,Yangon
Site 1426,96.475354,16.839151,Kayan,Yangon
Site 1427,96.384464,16.806868,Kayan,Yangon
Site 1428,96.708873,16.883941,Kayan,Yangon
Site 1429,96.527263,16.837383,Kayan,Yangon
Site 1430,96.444505,16.724419,Kayan,Yangon
Site 1431,96.654781,16.790742,Kayan,Yangon
Site 1432,96.281228,16.612068,Kayan,Yangon
Site 1433,96.635687,17.050613,Kayan,Yangon
Site 1434,96.679406,17.110044,Kayan,Yangon
Site 1435,96.469675,17.033274,Kayan,Yangon
Site 1436,96.546999,16.959802,Kayan,Yangon
Site 1437,96.644934,16.950191,Kayan,Yangon
Site 1438,96.687696,17.062779,Kayan,Yangon
Site 1439,96.501213,16.834137,Kayan,Yangon
Site 1440,96.570278,16.953423,Kayan,Yangon
Site 1441,96.55764,17.029326,Kayan,Yangon
Site 1442,96.493708,16.921318,Kayan,Yangon
Site 1443,96.622433,16.947847,Kayan,Yangon
Site 1444,96.50379,16.759039,Kayan,Yangon
Site 1445,96.821516,16.86788,Kayan,Yangon
Site 1446,96.569654,16.872761,Kayan,Yangon
Site 1447,96.644075,16.966283,Kayan,Yangon
Site 1448,96.697701,16.846947,Kayan,Yangon
Site 1449,96.485437,17.014187,Kayan,Yangon
Site 1450,96.788596,16.839258,Kayan,Yangon
Site 1451,96.59606,16.803027,Kayan,Yangon
Site 1452,96.612413,16.893485,Kayan,Yangon
Site 1453,96.432549,16.867454,Kayan,Yangon
Site 1454,96.402721,17.278076,Kayan,Yangon
Site 1455,96.537993,17.05208,Kayan,Yangon
Site 1456,96.661955,16.838022,Kayan,Yangon
Site 1457,96.645318,16.826715,Kayan,Yangon
Site 1458,96.493652,16.84878,Kayan,Yangon
Site 1459,96.482493,17.021259,Kayan,Yangon
Site 1460,96.542384,16.804157,Kayan,Yangon
Site 1461,96.459525,16.889733,Kayan,Yangon
Site 1462,96.525428,16.949927,Kayan,Yangon
Site 1463,96.657398,16.939441,Kayan,Yangon
Site 1464,96.787407,16.850199,Kayan,Yangon
Site 1465,96.656846,16.788954,Kayan,Yangon
Site 1466,96.401052,17.037791,Kayan,Yangon
Site 1467,96.539419,16.757706,Kayan,Yangon
Site 1468,96.528737,16.808658,Kayan,Yangon
Site 1469,96.719675,16.885639,Kayan,Yangon
Site 1470,96.548773,16.807109,Kayan,Yangon
Site 1471,96.574512,16.766799,Kayan,Yangon
Site 1472,96.589087,16.812342,Kayan,Yangon
Site 1473,96.614255,16.811667,Kayan,Yangon
Site 1474,96.6282,16.76244,Kayan,Yangon
Site 1475,96.489151,16.932182,Kayan,Yangon
Site 1476,96.516138,16.604447,Kayan,Yangon
Site 1477,96.173361,16.434027,Kawhmu,Yangon
Site 1478,96.480074,16.463522,Kawhmu,Yangon
Site 1479,96.12108,16.714058,Kawhmu,Yangon
Site 1480,96.082303,16.692234,Kawhmu,Yangon
Site 1481,96.133175,16.879194,Kawhmu,Yangon
Site 1482,96.098705,16.71813,Kawhmu,Yangon
Site 1483,96.209738,16.87387,Kawhmu,Yangon
Site 1484,96.32421,16.756704,Kawhmu,Yangon
Site 1485,96.226507,16.74126,Kawhmu,Yangon
Site 1486,96.122265,16.747779,Kawhmu,Yangon
Site 1487,96.236405,16.621723,Kawhmu,Yangon
Site 1488,96.105252,16.579015,Kawhmu,Yangon
Site 1489,96.37712,16.500659,Kawhmu,Yangon
Site 1490,96.193901,16.787319,Kawhmu,Yangon
Site 1491,96.042737,16.663622,Kawhmu,Yangon
Site 1492,96.22501,16.764903,Kawhmu,Yangon
Site 1493,96.020378,16.801957,Kawhmu,Yangon
Site 1494,96.019609,16.742136,Kawhmu,Yangon
Site 1495,96.229052,16.458072,Kawhmu,Yangon
Site 1496,96.289564,16.830195,Kawhmu,Yangon
Site 1497,96.099112,16.721179,Kawhmu,Yangon
Site 1498,96.274557,16.660012,Kawhmu,Yangon
Site 1499,96.265431,16.58485,Kawhmu,Yangon
Site 1500,96.176962,16.662024,Kawhmu,Yangon
Site 1501,96.012208,16.774612,Kawhmu,Yangon
Site 1502,95.967519,16.547239,Kawhmu,Yangon
Site 1503,96.21022,16.708281,Kawhmu,Yangon
Site 1504,96.11173,16.791107,Kawhmu,Yangon
Site 1505,96.292291,16.667267,Kawhmu,Yangon
Site 1506,96.189894,16.776957,Kawhmu,Yangon
Site 1507,96.399863,16.676757,Kawhmu,Yangon
Site 1508,96.147962,16.55886,Kawhmu,Yangon
Site 1509,96.183523,16.84822,Kawhmu,Yangon
Site 1510,96.135421,16.739259,Kawhmu,Yangon
Site 1511,96.233578,16.590277,Kawhmu,Yangon
Site 1512,95.930919,16.492703,Kawhmu,Yangon
Site 1513,96.140024,16.716168,Kawhmu,Yangon
Site 1514,95.961056,16.903081,Kawhmu,Yangon
Site 1515,96.119139,16.822809,Kawhmu,Yangon
Site 1516,96.163541,16.735859,Kawhmu,Yangon
Site 1517,96.198759,16.600468,Kawhmu,Yangon
Site 1518,96.24081,16.707316,Kawhmu,Yangon
Site 1519,96.034579,16.601004,Kawhmu,Yangon
Site 1520,96.321747,16.663332,Kawhmu,Yangon
Site 1521,96.000173,16.690834,Kawhmu,Yangon
Site 1522,96.04607,16.657107,Kawhmu,Yangon
Site 1523,96.238243,16.478901,Kungyangon,Yangon
Site 1524,96.249146,16.463095,Kungyangon,Yangon
Site 1525,96.097674,16.528977,Kungyangon,Yangon
Site 1526,95.92343,16.551293,Kungyangon,Yangon
Site 1527,95.907421,16.453947,Kungyangon,Yangon
Site 1528,96.299461,16.258851,Kungyangon,Yangon
Site 1529,96.21363,16.536203,Kungyangon,Yangon
Site 1530,95.985829,16.570698,Kungyangon,Yangon
Site 1531,96.161743,16.424768,Kungyangon,Yangon
Site 1532,96.21828,16.479671,Kungyangon,Yangon
Site 1533,95.965697,16.708486,Kungyangon,Yangon
Site 1534,96.235322,16.485713,Kungyangon,Yangon
Site 1535,96.288683,16.472553,Kungyangon,Yangon
Site 1536,96.089876,16.418699,Kungyangon,Yangon
Site 1537,96.207213,16.412607,Kungyangon,Yangon
Site 1538,96.124972,16.484352,Kungyangon,Yangon
Site 1539,96.072129,16.413449,Kungyangon,Yangon
Site 1540,96.374753,16.404429,Kungyangon,Yangon
Site 1541,95.981301,16.443001,Kungyangon,Yangon
Site 1542,96.102447,16.752324,Kungyangon,Yangon
Site 1543,96.218241,16.574576,Kungyangon,Yangon
Site 1544,95.867723,16.527143,Kungyangon,Yangon
Site 1545,96.048395,16.399302,Kungyangon,Yangon
Site 1546,96.065254,16.45011,Kungyangon,Yangon
Site 1547,96.080332,16.212761,Kungyangon,Yangon
Site 1548,96.115887,16.70411,Kungyangon,Yangon
Site 1549,96.12122,16.445196,Kungyangon,Yangon
Site 1550,96.042882,16.42144,Kungyangon,Yangon
Site 1551,96.241884,16.659917,Kungyangon,Yangon
Site 1552,96.110882,16.591641,Kungyangon,Yangon
Site 1553,96.266842,16.547752,Kungyangon,Yangon
Site 1554,96.255728,16.450316,Kungyangon,Yangon
Site 1555,96.372637,16.636545,Kungyangon,Yangon
Site 1556,96.118887,16.459785,Kungyangon,Yangon
Site 1557,96.256462,16.55643,Kungyangon,Yangon
Site 1558,96.044153,16.602468,Kungyangon,Yangon
Site 1559,95.999751,16.663561,Kungyangon,Yangon
Site 1560,96.051598,21.740718,Aungmyaythazan,Mandalay
Site 1561,96.233672,22.066847,Aungmyaythazan,Mandalay
Site 1562,96.074782,22.139521,Aungmyaythazan,Mandalay
Site 1563,96.146023,22.223223,Aungmyaythazan,Mandalay
Site 1564,95.914744,21.975817,Aungmyaythazan,Mandalay
Site 1565,96.061467,22.037961,Aungmyaythazan,Mandalay
Site 1566,96.05302,22.02845,Aungmyaythazan,Mandalay
Site 1567,96.094381,22.045615,Aungmyaythazan,Mandalay
Site 1568,96.140666,21.859026,Aungmyaythazan,Mandalay
Site 1569,95.994227,21.913287,Aungmyaythazan,Mandalay
Site 1570,96.299934,21.95993,Aungmyaythazan,Mandalay
Site 1571,96.157443,21.866346,Aungmyaythazan,Mandalay
Site 1572,96.07532,21.811407,Aungmyaythazan,Mandalay
Site 1573,96.176023,21.925767,Aungmyaythazan,Mandalay
Site 1574,95.9345,22.119413,Aungmyaythazan,Mandalay
Site 1575,95.916634,21.858094,Aungmyaythazan,Mandalay
Site 1576,96.093697,21.951208,Aungmyaythazan,Mandalay
Site 1577,96.144858,22.134366,Aungmyaythazan,Mandalay
Site 1578,96.10064,22.20465,Aungmyaythazan,Mandalay
Site 1579,96.176086,21.836112,Aungmyaythazan,Mandalay
Site 1580,96.052815,22.247307,Aungmyaythazan,Mandalay
Site 1581,96.135847,21.950839,Aungmyaythazan,Mandalay
Site 1582,96.176316,22.10766,Aungmyaythazan,Mandalay
Site 1583,96.137763,21.844049,Aungmyaythazan,Mandalay
Site 1584,95.906621,22.089246,Aungmyaythazan,Mandalay
Site 1585,95.993284,22.123476,Aungmyaythazan,Mandalay
Site 1586,95.975756,22.09317,Aungmyaythazan,Mandalay
Site 1587,96.213474,21.861852,Aungmyaythazan,Mandalay
Site 1588,96.178174,21.800646,Aungmyaythazan,Mandalay
Site 1589,96.062784,22.269474,Aungmyaythazan,Mandalay
Site 1590,96.262077,21.836368,Aungmyaythazan,Mandalay
Site 1591,96.074152,21.929243,Aungmyaythazan,Mandalay
Site 1592,96.114565,21.794179,Aungmyaythazan,Mandalay
Site 1593,95.990817,22.001546,Aungmyaythazan,Mandalay
Site 1594,96.281051,22.050359,Aungmyaythazan,Mandalay
Site 1595,95.991453,21.994356,Aungmyaythazan,Mandalay
Site 1596,95.886459,22.217019,Aungmyaythazan,Mandalay
Site 1597,96.17762,22.023052,Aungmyaythazan,Mandalay
Site 1598,96.113233,22.02704,Aungmyaythazan,Mandalay
Site 1599,96.04392,21.812284,Aungmyaythazan,Mandalay
Site 1600,96.211602,22.048439,Aungmyaythazan,Mandalay
Site 1601,96.013945,21.847622,Aungmyaythazan,Mandalay
Site 1602,96.084707,21.965873,Aungmyaythazan,Mandalay
Site 1603,96.056063,21.877815,Aungmyaythazan,Mandalay
Site 1604,96.146003,21.683705,Aungmyaythazan,Mandalay
Site 1605,96.393528,21.899771,Aungmyaythazan,Mandalay
Site 1606,96.138571,21.881931,Aungmyaythazan,Mandalay
Site 1607,95.977692,21.987117,Aungmyaythazan,Mandalay
Site 1608,96.038475,22.162399,Aungmyaythazan,Mandalay
Site 1609,96.078092,22.207459,Aungmyaythazan,Mandalay
Site 1610,96.146847,21.923034,Aungmyaythazan,Mandalay
Site 1611,95.876444,21.947001,Aungmyaythazan,Mandalay
Site 1612,96.087658,21.881522,Aungmyaythazan,Mandalay
Site 1613,96.064889,21.874367,Aungmyaythazan,Mandalay
Site 1614,96.119698,22.093397,Aungmyaythazan,Mandalay
Site 1615,96.046357,22.02747,Aungmyaythazan,Mandalay
Site 1616,96.293013,22.058065,Aungmyaythazan,Mandalay
Site 1617,95.956083,21.891129,Aungmyaythazan,Mandalay
Site 1618,96.163308,22.148456,Aungmyaythazan,Mandalay
Site 1619,95.972017,21.726562,Aungmyaythazan,Mandalay
Site 1620,96.271009,21.945943,Aungmyaythazan,Mandalay
Site 1621,96.191574,21.898131,Aungmyaythazan,Mandalay
Site 1622,96.02905,21.988437,Aungmyaythazan,Mandalay
Site 1623,96.119025,21.971277,Aungmyaythazan,Mandalay
Site 1624,95.872986,21.893472,Aungmyaythazan,Mandalay
Site 1625,95.896231,21.832133,Aungmyaythazan,Mandalay
Site 1626,96.333051,21.928217,Aungmyaythazan,Mandalay
Site 1627,95.977178,22.003369,Aungmyaythazan,Mandalay
Site 1628,96.179578,22.290951,Aungmyaythazan,Mandalay
Site 1629,95.850964,21.920235,Aungmyaythazan,Mandalay
Site 1630,96.02303,21.953541,Aungmyaythazan,Mandalay
Site 1631,96.03499,21.942463,Aungmyaythazan,Mandalay
Site 1632,96.17796,22.041175,Aungmyaythazan,Mandalay
Site 1633,95.987051,21.75236,Aungmyaythazan,Mandalay
Site 1634,96.028085,21.869389,Aungmyaythazan,Mandalay
Site 1635,96.224348,21.936679,Aungmyaythazan,Mandalay
Site 1636,96.256524,22.012192,Aungmyaythazan,Mandalay
Site 1637,96.054375,21.925611,Aungmyaythazan,Mandalay
Site 1638,96.104075,21.865168,Aungmyaythazan,Mandalay
Site 1639,96.051593,21.838157,Aungmyaythazan,Mandalay
Site 1640,96.246907,21.899052,Aungmyaythazan,Mandalay
Site 1641,96.239685,21.962018,Aungmyaythazan,Mandalay
Site 1642,96.059966,22.007068,Aungmyaythazan,Mandalay
Site 1643,96.17207,22.264694,Aungmyaythazan,Mandalay
Site 1644,96.146882,22.054618,Aungmyaythazan,Mandalay
Site 1645,95.804679,21.831886,Aungmyaythazan,Mandalay
Site 1646,96.068888,21.944881,Aungmyaythazan,Mandalay
Site 1647,96.090809,21.968911,Aungmyaythazan,Mandalay
Site 1648,96.317046,22.046475,Aungmyaythazan,Mandalay
Site 1649,96.144977,21.865524,Aungmyaythazan,Mandalay
Site 1650,96.063129,21.66395,Aungmyaythazan,Mandalay
Site 1651,96.015005,22.004216,Aungmyaythazan,Mandalay
Site 1652,96.311604,22.196691,Aungmyaythazan,Mandalay
Site 1653,96.224245,21.898427,Aungmyaythazan,Mandalay
Site 1654,96.071837,22.004272,Aungmyaythazan,Mandalay
Site 1655,96.200443,21.826936,Aungmyaythazan,Mandalay
Site 1656,96.02334,21.938784,Aungmyaythazan,Mandalay
Site 1657,96.079666,22.115275,Aungmyaythazan,Mandalay
Site 1658,95.952999,21.996232,Aungmyaythazan,Mandalay
Site 1659,96.227837,22.094637,Aungmyaythazan,Mandalay
Site 1660,96.080951,22.073773,Aungmyaythazan,Mandalay
Site 1661,95.883319,21.893197,Aungmyaythazan,Mandalay
Site 1662,96.077594,22.26142,Aungmyaythazan,Mandalay
Site 1663,96.019838,22.065471,Aungmyaythazan,Mandalay
Site 1664,95.947207,21.990483,Aungmyaythazan,Mandalay
Site 1665,96.224721,21.753881,Aungmyaythazan,Mandalay
Site 1666,96.02863,21.977495,Aungmyaythazan,Mandalay
Site 1667,96.234785,22.022338,Aungmyaythazan,Mandalay
Site 1668,96.08354,22.030642,Aungmyaythazan,Mandalay
Site 1669,96.128638,21.951845,Aungmyaythazan,Mandalay
Site 1670,96.196489,22.008954,Aungmyaythazan,Mandalay
Site 1671,96.19048,21.935934,Aungmyaythazan,Mandalay
Site 1672,95.954575,22.012973,Aungmyaythazan,Mandalay
Site 1673,96.127598,22.00113,Aungmyaythazan,Mandalay
Site 1674,95.941725,22.138835,Aungmyaythazan,Mandalay
Site 1675,95.937564,22.013283,Aungmyaythazan,Mandalay
Site 1676,96.203889,21.936325,Aungmyaythazan,Mandalay
Site 1677,96.039069,21.866042,Aungmyaythazan,Mandalay
Site 1678,96.261401,22.090234,Aungmyaythazan,Mandalay
Site 1679,96.036785,21.688173,Aungmyaythazan,Mandalay
Site 1680,95.996548,21.990165,Aungmyaythazan,Mandalay
Site 1681,95.891404,21.798656,Aungmyaythazan,Mandalay
Site 1682,96.182741,21.899018,Aungmyaythazan,Mandalay
Site 1683,96.047985,21.955577,Aungmyaythazan,Mandalay
Site 1684,95.933006,22.054842,Aungmyaythazan,Mandalay
Site 1685,95.908882,22.082117,Aungmyaythazan,Mandalay
Site 1686,96.039902,22.083167,Aungmyaythazan,Mandalay
Site 1687,96.096137,21.751594,Aungmyaythazan,Mandalay
Site 1688,96.068626,21.926996,Aungmyaythazan,Mandalay
Site 1689,96.297533,22.048356,Aungmyaythazan,Mandalay
Site 1690,96.139313,21.85639,Aungmyaythazan,Mandalay
Site 1691,95.769384,21.99343,Aungmyaythazan,Mandalay
Site 1692,96.012842,21.850674,Aungmyaythazan,Mandalay
Site 1693,96.096254,21.899342,Aungmyaythazan,Mandalay
Site 1694,96.144491,21.898938,Aungmyaythazan,Mandalay
Site 1695,96.103724,22.118949,Aungmyaythazan,Mandalay
Site 1696,95.893317,21.976619,Aungmyaythazan,Mandalay
Site 1697,96.16608,21.73661,Aungmyaythazan,Mandalay
Site 1698,96.293471,21.946638,Aungmyaythazan,Mandalay
Site 1699,96.00768,22.152851,Aungmyaythazan,Mandalay
Site 1700,95.997111,21.922837,Aungmyaythazan,Mandalay
Site 1701,96.025327,22.034379,Aungmyaythazan,Mandalay
Site 1702,96.141325,22.000777,Aungmyaythazan,Mandalay
Site 1703,95.982687,21.967417,Aungmyaythazan,Mandalay
Site 1704,96.082662,21.891773,Aungmyaythazan,Mandalay
Site 1705,96.163694,22.138491,Aungmyaythazan,Mandalay
Site 1706,96.07218,21.75351,Aungmyaythazan,Mandalay
Site 1707,96.267153,22.055838,Aungmyaythazan,Mandalay
Site 1708,95.868763,21.960461,Aungmyaythazan,Mandalay
Site 1709,95.941249,22.114544,Aungmyaythazan,Mandalay
Site 1710,95.882342,21.96114,Aungmyaythazan,Mandalay
Site 1711,96.059735,21.918302,Aungmyaythazan,Mandalay
Site 1712,95.988521,22.040182,Aungmyaythazan,Mandalay
Site 1713,96.189135,21.967058,Aungmyaythazan,Mandalay
Site 1714,96.267218,21.943599,Aungmyaythazan,Mandalay
Site 1715,96.116759,21.9083,Aungmyaythazan,Mandalay
Site 1716,96.103866,22.158467,Aungmyaythazan,Mandalay
Site 1717,96.026081,22.107141,Aungmyaythazan,Mandalay
Site 1718,96.170076,22.031711,Aungmyaythazan,Mandalay
Site 1719,96.082482,21.905499,Aungmyaythazan,Mandalay
Site 1720,96.086952,22.158267,Aungmyaythazan,Mandalay
Site 1721,96.178441,21.876787,Aungmyaythazan,Mandalay
Site 1722,96.174486,22.088974,Aungmyaythazan,Mandalay
Site 1723,95.843862,21.87088,Aungmyaythazan,Mandalay
Site 1724,96.175774,21.955541,Aungmyaythazan,Mandalay
Site 1725,96.096779,22.086565,Aungmyaythazan,Mandalay
Site 1726,96.202229,22.114203,Aungmyaythazan,Mandalay
Site 1727,95.928237,21.919639,Aungmyaythazan,Mandalay
Site 1728,96.151528,22.047429,Aungmyaythazan,Mandalay
Site 1729,95.929474,21.838279,Aungmyaythazan,Mandalay
Site 1730,96.112755,21.790169,Aungmyaythazan,Mandalay
Site 1731,95.957477,21.855045,Aungmyaythazan,Mandalay
Site 1732,96.077063,22.114649,Aungmyaythazan,Mandalay
Site 1733,96.132815,21.803478,Aungmyaythazan,Mandalay
Site 1734,96.102097,22.148107,Aungmyaythazan,Mandalay
Site 1735,96.131671,22.054083,Aungmyaythazan,Mandalay
Site 1736,96.193733,22.229689,Aungmyaythazan,Mandalay
Site 1737,96.212897,21.945579,Aungmyaythazan,Mandalay
Site 1738,96.149078,21.90508,Aungmyaythazan,Mandalay
Site 1739,95.929497,21.810171,Aungmyaythazan,Mandalay
Site 1740,95.93585,21.921112,Aungmyaythazan,Mandalay
Site 1741,96.034681,21.789106,Aungmyaythazan,Mandalay
Site 1742,95.957727,21.966723,Aungmyaythazan,Mandalay
Site 1743,96.003627,22.018077,Aungmyaythazan,Mandalay
Site 1744,96.086032,22.175076,Aungmyaythazan,Mandalay
Site 1745,95.929525,21.956328,Aungmyaythazan,Mandalay
Site 1746,96.060755,22.094175,Aungmyaythazan,Mandalay
Site 1747,96.142882,21.926516,Aungmyaythazan,Mandalay
Site 1748,96.044179,21.768927,Aungmyaythazan,Mandalay
Site 1749,96.374614,21.881451,Aungmyaythazan,Mandalay
Site 1750,95.961507,21.844518,Aungmyaythazan,Mandalay
Site 1751,96.059953,21.842718,Aungmyaythazan,Mandalay
Site 1752,96.037317,21.969106,Aungmyaythazan,Mandalay
Site 1753,96.208312,21.975832,Aungmyaythazan,Mandalay
Site 1754,96.029885,22.156022,Aungmyaythazan,Mandalay
Site 1755,95.940709,21.995998,Aungmyaythazan,Mandalay
Site 1756,96.174608,22.049992,Aungmyaythazan,Mandalay
Site 1757,95.936153,21.788347,Aungmyaythazan,Mandalay
Site 1758,96.144594,21.780663,Aungmyaythazan,Mandalay
Site 1759,96.096492,22.110085,Aungmyaythazan,Mandalay
Site 1760,96.030141,22.079932,Aungmyaythazan,Mandalay
Site 1761,96.046349,22.00191,Aungmyaythazan,Mandalay
Site 1762,96.21456,21.770015,Chanayethazan,Mandalay
Site 1763,96.01375,21.957688,Chanayethazan,Mandalay
Site 1764,95.989827,22.001474,Chanayethazan,Mandalay
Site 1765,96.108244,22.177235,Chanayethazan,Mandalay
Site 1766,95.859992,21.939781,Chanayethazan,Mandalay
Site 1767,96.083048,21.994638,Chanayethazan,Mandalay
Site 1768,95.796179,22.374607,Chanayethazan,Mandalay
Site 1769,95.99017,22.24381,Chanayethazan,Mandalay
Site 1770,96.176709,21.885827,Chanayethazan,Mandalay
Site 1771,96.153675,21.955915,Chanayethazan,Mandalay
Site 1772,96.095665,22.105152,Chanayethazan,Mandalay
Site 1773,96.247271,22.053118,Chanayethazan,Mandalay
Site 1774,96.099136,21.83666,Chanayethazan,Mandalay
Site 1775,96.071844,21.790948,Chanayethazan,Mandalay
Site 1776,96.071191,22.118226,Chanayethazan,Mandalay
Site 1777,96.272768,21.952965,Chanayethazan,Mandalay
Site 1778,96.223533,21.890557,Chanayethazan,Mandalay
Site 1779,96.139898,21.813563,Chanayethazan,Mandalay
Site 1780,96.187566,22.113536,Chanayethazan,Mandalay
Site 1781,96.116703,22.211122,Chanayethazan,Mandalay
Site 1782,96.121628,22.104717,Chanayethazan,Mandalay
Site 1783,96.070995,21.948971,Chanayethazan,Mandalay
Site 1784,95.891934,21.92067,Chanayethazan,Mandalay
Site 1785,96.120568,22.025374,Chanayethazan,Mandalay
Site 1786,96.056529,21.955473,Chanayethazan,Mandalay
Site 1787,96.135213,21.916711,Chanayethazan,Mandalay
Site 1788,96.078313,22.161043,Chanayethazan,Mandalay
Site 1789,96.067918,21.809194,Chanayethazan,Mandalay
Site 1790,96.071308,21.983199,Chanayethazan,Mandalay
Site 1791,96.079955,21.789882,Chanayethazan,Mandalay
Site 1792,96.120653,21.964594,Chanayethazan,Mandalay
Site 1793,96.120198,21.932681,Chanayethazan,Mandalay
Site 1794,96.258143,22.017601,Chanayethazan,Mandalay
Site 1795,96.071474,21.982133,Chanayethazan,Mandalay
Site 1796,96.111978,22.026613,Chanayethazan,Mandalay
Site 1797,95.992919,22.092148,Chanayethazan,Mandalay
Site 1798,96.346339,22.158363,Chanayethazan,Mandalay
Site 1799,96.048354,21.91584,Chanayethazan,Mandalay
Site 1800,96.230976,22.125635,Chanayethazan,Mandalay
Site 1801,96.107649,21.925045,Chanayethazan,Mandalay
Site 1802,96.152442,22.004023,Chanayethazan,Mandalay
Site 1803,96.007254,21.867946,Chanayethazan,Mandalay
Site 1804,96.375907,22.044382,Chanayethazan,Mandalay
Site 1805,96.176965,22.046075,Chanayethazan,Mandalay
Site 1806,95.965409,21.85982,Chanayethazan,Mandalay
Site 1807,96.229509,22.129624,Chanayethazan,Mandalay
Site 1808,95.938503,21.924493,Chanayethazan,Mandalay
Site 1809,96.166383,21.813893,Chanayethazan,Mandalay
Site 1810,96.039459,21.855502,Chanayethazan,Mandalay
Site 1811,95.855362,22.036666,Chanayethazan,Mandalay
Site 1812,96.321098,21.904551,Chanayethazan,Mandalay
Site 1813,96.10444,21.949565,Chanayethazan,Mandalay
Site 1814,95.768904,22.145436,Chanayethazan,Mandalay
Site 1815,96.227813,21.732393,Chanayethazan,Mandalay
Site 1816,96.065367,22.019179,Chanayethazan,Mandalay
Site 1817,96.124277,21.981567,Chanayethazan,Mandalay
Site 1818,96.097917,21.94304,Chanayethazan,Mandalay
Site 1819,96.020305,21.963754,Chanayethazan,Mandalay
Site 1820,95.938029,22.004396,Chanayethazan,Mandalay
Site 1821,96.280957,21.745551,Chanayethazan,Mandalay
Site 1822,95.920032,21.877331,Chanayethazan,Mandalay
Site 1823,96.199052,22.050819,Chanayethazan,Mandalay
Site 1824,95.967956,22.215076,Chanayethazan,Mandalay
Site 1825,96.232989,21.782503,Chanayethazan,Mandalay
Site 1826,96.046584,21.988311,Chanayethazan,Mandalay
Site 1827,96.275925,22.143688,Chanayethazan,Mandalay
Site 1828,95.847361,21.842468,Chanayethazan,Mandalay
Site 1829,96.049804,21.836111,Chanayethazan,Mandalay
Site 1830,95.983085,21.789173,Chanayethazan,Mandalay
Site 1831,96.278651,21.963838,Chanayethazan,Mandalay
Site 1832,96.308867,21.812833,Chanayethazan,Mandalay
Site 1833,96.063365,21.900641,Chanayethazan,Mandalay
Site 1834,96.090715,21.84829,Chanayethazan,Mandalay
Site 1835,96.0693,21.920323,Chanayethazan,Mandalay
Site 1836,96.05499,21.82858,Chanayethazan,Mandalay
Site 1837,96.009372,21.922027,Chanayethazan,Mandalay
Site 1838,96.075017,21.90325,Chanayethazan,Mandalay
Site 1839,96.042255,21.994376,Chanayethazan,Mandalay
Site 1840,96.031827,21.877687,Chanayethazan,Mandalay
Site 1841,95.999119,22.123201,Chanayethazan,Mandalay
Site 1842,96.023745,21.895271,Chanayethazan,Mandalay
Site 1843,96.010591,22.007044,Chanayethazan,Mandalay
Site 1844,95.809687,22.036348,Chanayethazan,Mandalay
Site 1845,96.152311,22.01882,Chanayethazan,Mandalay
Site 1846,96.077572,21.927668,Chanayethazan,Mandalay
Site 1847,95.945122,22.010414,Chanayethazan,Mandalay
Site 1848,95.953385,22.009151,Chanayethazan,Mandalay
Site 1849,96.056006,21.901354,Chanayethazan,Mandalay
Site 1850,96.062082,22.257525,Chanayethazan,Mandalay
Site 1851,96.118163,22.126306,Chanayethazan,Mandalay
Site 1852,96.021133,22.024212,Chanayethazan,Mandalay
Site 1853,95.956366,22.01394,Chanayethazan,Mandalay
Site 1854,96.049025,21.804392,Chanayethazan,Mandalay
Site 1855,96.151685,22.105218,Chanayethazan,Mandalay
Site 1856,96.125835,21.985064,Chanayethazan,Mandalay
Site 1857,95.960391,21.836709,Chanayethazan,Mandalay
Site 1858,96.112568,21.901335,Chanayethazan,Mandalay
Site 1859,96.02285,21.836152,Chanayethazan,Mandalay
Site 1860,96.044484,21.769517,Chanayethazan,Mandalay
Site 1861,96.181647,21.900083,Chanayethazan,Mandalay
Site 1862,96.131746,21.878558,Chanayethazan,Mandalay
Site 1863,95.960236,21.884474,Chanayethazan,Mandalay
Site 1864,96.080439,21.723941,Chanayethazan,Mandalay
Site 1865,96.10788,22.032496,Chanayethazan,Mandalay
Site 1866,95.871161,22.059991,Chanayethazan,Mandalay
Site 1867,96.228199,21.979612,Chanayethazan,Mandalay
Site 1868,96.104685,22.146573,Chanayethazan,Mandalay
Site 1869,95.829091,21.887604,Chanayethazan,Mandalay
Site 1870,95.820258,22.119745,Chanayethazan,Mandalay
Site 1871,96.126178,22.054104,Chanayethazan,Mandalay
Site 1872,96.074722,21.944389,Chanayethazan,Mandalay
Site 1873,96.031528,21.96131,Chanayethazan,Mandalay
Site 1874,96.026562,22.038406,Chanayethazan,Mandalay
Site 1875,96.083717,21.909541,Chanayethazan,Mandalay
Site 1876,96.089675,21.894436,Chanayethazan,Mandalay
Site 1877,96.191625,22.207212,Chanayethazan,Mandalay
Site 1878,96.118634,21.879841,Chanayethazan,Mandalay
Site 1879,96.054667,21.980087,Chanayethazan,Mandalay
Site 1880,95.998682,21.968327,Chanayethazan,Mandalay
Site 1881,96.082467,22.020282,Chanayethazan,Mandalay
Site 1882,95.834498,22.104674,Chanayethazan,Mandalay
Site 1883,96.154087,21.967977,Chanayethazan,Mandalay
Site 1884,96.322405,21.752714,Chanayethazan,Mandalay
Site 1885,95.790699,21.894105,Chanayethazan,Mandalay
Site 1886,96.074212,21.888239,Chanayethazan,Mandalay
Site 1887,96.156917,21.969618,Chanayethazan,Mandalay
Site 1888,95.846308,21.887949,Chanayethazan,Mandalay
Site 1889,96.069758,22.194017,Chanayethazan,Mandalay
Site 1890,95.814815,21.940935,Chanayethazan,Mandalay
Site 1891,96.106589,21.948389,Chanayethazan,Mandalay
Site 1892,95.985795,21.959219,Chanayethazan,Mandalay
Site 1893,95.920561,21.985234,Chanayethazan,Mandalay
Site 1894,96.069944,21.977732,Chanayethazan,Mandalay
Site 1895,96.015875,21.972017,Chanayethazan,Mandalay
Site 1896,96.136951,22.06324,Chanayethazan,Mandalay
Site 1897,96.067492,21.899844,Chanayethazan,Mandalay
Site 1898,95.98914,22.092282,Chanayethazan,Mandalay
Site 1899,96.124538,21.822163,Chanayethazan,Mandalay
Site 1900,96.048212,22.056889,Chanayethazan,Mandalay
Site 1901,96.239934,22.053493,Chanayethazan,Mandalay
Site 1902,95.990506,21.991394,Chanayethazan,Mandalay
Site 1903,95.9702,21.973595,Chanayethazan,Mandalay
Site 1904,95.966273,22.067799,Chanayethazan,Mandalay
Site 1905,95.974175,22.11422,Chanayethazan,Mandalay
Site 1906,95.881375,21.878327,Chanayethazan,Mandalay
Site 1907,96.256473,21.9738,Chanayethazan,Mandalay
Site 1908,95.906127,22.13678,Chanayethazan,Mandalay
Site 1909,95.968564,21.909932,Chanayethazan,Mandalay
Site 1910,96.118018,21.939064,Chanayethazan,Mandalay
Site 1911,96.071415,21.880197,Chanayethazan,Mandalay
Site 1912,96.071638,21.821305,Chanayethazan,Mandalay
Site 1913,95.980922,21.937641,Chanayethazan,Mandalay
Site 1914,96.216249,21.770055,Chanayethazan,Mandalay
Site 1915,95.96222,22.017001,Chanayethazan,Mandalay
Site 1916,96.311574,21.877515,Chanayethazan,Mandalay
Site 1917,96.031239,21.858063,Chanayethazan,Mandalay
Site 1918,96.141818,22.089067,Chanayethazan,Mandalay
Site 1919,96.103418,22.173237,Chanayethazan,Mandalay
Site 1920,95.892736,22.17869,Chanayethazan,Mandalay
Site 1921,96.050862,21.901256,Chanayethazan,Mandalay
Site 1922,96.132801,21.980221,Chanayethazan,Mandalay
Site 1923,96.057144,22.100631,Chanayethazan,Mandalay
Site 1924,96.101313,22.054958,Chanayethazan,Mandalay
Site 1925,96.092133,22.267461,Chanayethazan,Mandalay
Site 1926,96.030891,22.245666,Chanayethazan,Mandalay
Site 1927,96.082493,22.097467,Chanayethazan,Mandalay
Site 1928,96.113103,22.119455,Chanayethazan,Mandalay
Site 1929,95.821259,22.120955,Chanayethazan,Mandalay
Site 1930,96.125792,21.91477,Chanayethazan,Mandalay
Site 1931,95.995803,22.108738,Chanayethazan,Mandalay
Site 1932,96.090988,22.011413,Chanayethazan,Mandalay
Site 1933,96.03674,21.985003,Chanayethazan,Mandalay
Site 1934,95.983085,22.059812,Chanayethazan,Mandalay
Site 1935,96.059183,21.882911,Chanayethazan,Mandalay
Site 1936,95.845186,22.105989,Chanayethazan,Mandalay
Site 1937,96.100216,22.177951,Chanayethazan,Mandalay
Site 1938,96.063888,21.90523,Chanayethazan,Mandalay
Site 1939,96.098163,21.94109,Chanayethazan,Mandalay
Site 1940,96.226806,21.976197,Chanayethazan,Mandalay
Site 1941,96.070378,21.94221,Chanayethazan,Mandalay
Site 1942,96.133315,21.812832,Chanayethazan,Mandalay
Site 1943,96.234761,21.925779,Chanayethazan,Mandalay
Site 1944,96.205391,21.993159,Chanayethazan,Mandalay
Site 1945,95.925458,21.931897,Amarapura,Mandalay
Site 1946,95.895582,21.800754,Amarapura,Mandalay
Site 1947,95.996121,21.976685,Amarapura,Mandalay
Site 1948,96.054962,22.00584,Amarapura,Mandalay
Site 1949,95.95447,22.05511,Amarapura,Mandalay
Site 1950,96.165829,21.916969,Amarapura,Mandalay
Site 1951,96.035091,21.845065,Amarapura,Mandalay
Site 1952,96.03629,22.018971,Amarapura,Mandalay
Site 1953,96.117925,21.978666,Amarapura,Mandalay
Site 1954,96.170115,21.7762,Amarapura,Mandalay
Site 1955,96.106013,21.863892,Amarapura,Mandalay
Site 1956,96.235487,21.928284,Amarapura,Mandalay
Site 1957,95.964738,22.086323,Amarapura,Mandalay
Site 1958,95.956304,21.96582,Amarapura,Mandalay
Site 1959,95.963964,22.063233,Amarapura,Mandalay
Site 1960,96.073517,21.648541,Amarapura,Mandalay
Site 1961,95.975467,21.737335,Amarapura,Mandalay
Site 1962,96.108073,21.79791,Amarapura,Mandalay
Site 1963,96.093482,21.793127,Amarapura,Mandalay
Site 1964,95.951985,21.879138,Amarapura,Mandalay
Site 1965,95.949003,21.871131,Amarapura,Mandalay
Site 1966,96.17286,21.924444,Amarapura,Mandalay
Site 1967,96.283199,21.808514,Amarapura,Mandalay
Site 1968,96.224477,22.042368,Amarapura,Mandalay
Site 1969,96.117963,21.851514,Amarapura,Mandalay
Site 1970,96.087793,21.92709,Amarapura,Mandalay
Site 1971,96.229192,22.024765,Amarapura,Mandalay
Site 1972,96.125681,21.877149,Amarapura,Mandalay
Site 1973,96.209511,21.975449,Amarapura,Mandalay
Site 1974,96.126346,21.753244,Amarapura,Mandalay
Site 1975,96.14104,21.755983,Amarapura,Mandalay
Site 1976,96.317497,22.080758,Amarapura,Mandalay
Site 1977,96.044136,21.902193,Amarapura,Mandalay
Site 1978,95.997911,21.862676,Amarapura,Mandalay
Site 1979,96.217813,22.00291,Amarapura,Mandalay
Site 1980,96.12972,22.011903,Amarapura,Mandalay
Site 1981,96.280309,21.870506,Amarapura,Mandalay
Site 1982,95.872823,21.857839,Amarapura,Mandalay
Site 1983,96.167372,21.921469,Amarapura,Mandalay
Site 1984,96.007303,21.886906,Amarapura,Mandalay
Site 1985,96.047794,21.889367,Amarapura,Mandalay
Site 1986,96.220986,21.779904,Amarapura,Mandalay
Site 1987,96.192026,22.04398,Amarapura,Mandalay
Site 1988,96.086462,21.840014,Amarapura,Mandalay
Site 1989,95.969808,21.673894,Amarapura,Mandalay
Site 1990,96.007401,21.884495,Amarapura,Mandalay
Site 1991,96.309595,21.950618,Amarapura,Mandalay
Site 1992,96.050839,21.772132,Amarapura,Mandalay
Site 1993,95.975423,22.07326,Amarapura,Mandalay
Site 1994,95.772387,21.930558,Amarapura,Mandalay
Site 1995,96.169375,21.748111,Amarapura,Mandalay
Site 1996,96.289191,21.971759,Amarapura,Mandalay
Site 1997,96.178742,21.685864,Amarapura,Mandalay
Site 1998,96.183383,21.683601,Amarapura,Mandalay
Site 1999,96.092824,21.910369,Amarapura,Mandalay
Site 2000,96.243654,21.759926,Amarapura,Mandalay
Site 2001,96.104158,22.000415,Amarapura,Mandalay
Site 2002,96.048027,21.682499,Amarapura,Mandalay
Site 2003,96.229531,21.849656,Amarapura,Mandalay
Site 2004,96.080903,21.906769,Amarapura,Mandalay
Site 2005,96.256448,21.794391,Amarapura,Mandalay
Site 2006,96.264864,21.662461,Amarapura,Mandalay
Site 2007,96.07078,21.908767,Amarapura,Mandalay
Site 2008,96.010346,21.722876,Amarapura,Mandalay
Site 2009,96.126573,21.938387,Amarapura,Mandalay
Site 2010,96.087656,22.037487,Amarapura,Mandalay
Site 2011,96.120185,22.049678,Amarapura,Mandalay
Site 2012,96.13571,22.070951,Amarapura,Mandalay
Site 2013,96.219742,21.844529,Amarapura,Mandalay
Site 2014,96.191363,21.904255,Amarapura,Mandalay
Site 2015,96.11397,22.063181,Amarapura,Mandalay
Site 2016,96.180658,21.853483,Amarapura,Mandalay
Site 2017,95.97709,21.652907,Amarapura,Mandalay
Site 2018,96.031462,22.074284,Amarapura,Mandalay
Site 2019,95.974718,21.64047,Amarapura,Mandalay
Site 2020,96.153852,21.87692,Amarapura,Mandalay
Site 2021,95.99569,22.037901,Amarapura,Mandalay
Site 2022,96.188733,21.866127,Amarapura,Mandalay
Site 2023,96.148007,22.068281,Amarapura,Mandalay
Site 2024,95.982879,21.923042,Amarapura,Mandalay
Site 2025,96.065986,21.724349,Amarapura,Mandalay
Site 2026,96.00028,22.106287,Amarapura,Mandalay
Site 2027,96.068154,21.668642,Amarapura,Mandalay
Site 2028,96.005142,21.7923,Amarapura,Mandalay
Site 2029,96.007295,21.763291,Amarapura,Mandalay
Site 2030,96.211088,22.266219,Amarapura,Mandalay
Site 2031,96.037488,22.108077,Amarapura,Mandalay
Site 2032,96.071538,21.865229,Amarapura,Mandalay
Site 2033,95.958288,22.067688,Amarapura,Mandalay
Site 2034,96.334371,21.745106,Amarapura,Mandalay
Site 2035,96.109227,21.866386,Amarapura,Mandalay
Site 2036,96.079412,21.79139,Amarapura,Mandalay
Site 2037,96.007585,21.803632,Amarapura,Mandalay
Site 2038,96.054058,21.874688,Amarapura,Mandalay
Site 2039,96.131559,21.879905,Amarapura,Mandalay
Site 2040,96.073659,21.931671,Amarapura,Mandalay
Site 2041,95.973275,21.843367,Amarapura,Mandalay
Site 2042,96.21332,21.84112,Amarapura,Mandalay
Site 2043,96.028812,22.171492,Amarapura,Mandalay
Site 2044,96.051895,21.634587,Amarapura,Mandalay
Site 2045,96.139417,21.904162,Amarapura,Mandalay
Site 2046,95.943236,21.746326,Amarapura,Mandalay
Site 2047,96.038522,21.681582,Amarapura,Mandalay
Site 2048,96.145196,21.720748,Amarapura,Mandalay
Site 2049,95.97412,21.810232,Amarapura,Mandalay
Site 2050,96.331178,21.991979,Amarapura,Mandalay
Site 2051,96.328972,21.749852,Amarapura,Mandalay
Site 2052,95.945013,21.850535,Amarapura,Mandalay
Site 2053,96.121554,21.977691,Amarapura,Mandalay
Site 2054,96.316855,21.782739,Amarapura,Mandalay
Site 2055,95.912488,21.863741,Amarapura,Mandalay
Site 2056,95.98404,21.979789,Amarapura,Mandalay
Site 2057,96.189349,21.882401,Amarapura,Mandalay
Site 2058,95.986827,21.723852,Amarapura,Mandalay
Site 2059,96.208217,21.89967,Amarapura,Mandalay
Site 2060,96.130802,21.996001,Amarapura,Mandalay
Site 2061,95.999271,21.705499,Amarapura,Mandalay
Site 2062,96.166101,21.815192,Amarapura,Mandalay
Site 2063,96.136723,21.913142,Amarapura,Mandalay
Site 2064,96.052368,21.830774,Amarapura,Mandalay
Site 2065,96.030885,22.03326,Amarapura,Mandalay
Site 2066,96.195418,21.748058,Amarapura,Mandalay
Site 2067,96.108474,21.861901,Amarapura,Mandalay
Site 2068,96.184732,21.870181,Amarapura,Mandalay
Site 2069,96.32356,21.720492,Amarapura,Mandalay
Site 2070,96.07191,21.934676,Amarapura,Mandalay
Site 2071,96.149549,21.800038,Amarapura,Mandalay
Site 2072,96.195796,21.948063,Amarapura,Mandalay
Site 2073,96.112857,21.857672,Amarapura,Mandalay
Site 2074,96.166373,21.867005,Amarapura,Mandalay
Site 2075,96.240718,21.997545,Amarapura,Mandalay
Site 2076,96.093114,22.104455,Amarapura,Mandalay
Site 2077,96.130691,21.855867,Amarapura,Mandalay
Site 2078,95.886665,21.962805,Amarapura,Mandalay
Site 2079,96.070709,22.120008,Amarapura,Mandalay
Site 2080,96.179308,22.054022,Amarapura,Mandalay
Site 2081,95.997828,22.057107,Amarapura,Mandalay
Site 2082,96.075369,21.863065,Amarapura,Mandalay
Site 2083,96.236439,21.918803,Amarapura,Mandalay
Site 2084,95.976245,21.886054,Amarapura,Mandalay
Site 2085,95.826257,21.87966,Amarapura,Mandalay
Site 2086,96.187883,22.076842,Amarapura,Mandalay
Site 2087,96.029773,21.782302,Amarapura,Mandalay
Site 2088,95.994147,21.849355,Amarapura,Mandalay
Site 2089,96.113017,21.858602,Amarapura,Mandalay
Site 2090,95.955093,22.010282,Amarapura,Mandalay
Site 2091,96.326564,21.990165,Amarapura,Mandalay
Site 2092,96.239104,21.731869,Amarapura,Mandalay
Site 2093,96.120107,21.965526,Amarapura,Mandalay
Site 2094,96.269809,21.908939,Amarapura,Mandalay
Site 2095,96.090177,21.699568,Amarapura,Mandalay
Site 2096,95.989387,21.830827,Amarapura,Mandalay
Site 2097,96.141458,22.136864,Amarapura,Mandalay
Site 2098,96.098593,21.681786,Amarapura,Mandalay
Site 2099,96.136887,21.932561,Amarapura,Mandalay
Site 2100,96.01189,21.815259,Amarapura,Mandalay
Site 2101,96.297106,21.994489,Amarapura,Mandalay
Site 2102,96.04141,21.95601,Amarapura,Mandalay
Site 2103,95.918057,22.066627,Amarapura,Mandalay
Site 2104,96.057445,21.735342,Amarapura,Mandalay
Site 2105,96.206901,22.003719,Amarapura,Mandalay
Site 2106,96.219753,21.966954,Amarapura,Mandalay
Site 2107,96.156695,21.869263,Amarapura,Mandalay
Site 2108,96.166114,21.872011,Amarapura,Mandalay
Site 2109,96.232145,22.103139,Amarapura,Mandalay
Site 2110,96.288461,22.021068,Patheingyi,Mandalay
Site 2111,96.086102,22.298906,Patheingyi,Mandalay
Site 2112,96.148099,22.245353,Patheingyi,Mandalay
Site 2113,96.09703,21.856061,Patheingyi,Mandalay
Site 2114,96.251432,21.87678,Patheingyi,Mandalay
Site 2115,96.096275,21.930945,Patheingyi,Mandalay
Site 2116,96.129838,22.001106,Patheingyi,Mandalay
Site 2117,96.254539,21.848421,Patheingyi,Mandalay
Site 2118,96.1219,21.943254,Patheingyi,Mandalay
Site 2119,96.088139,21.820249,Patheingyi,Mandalay
Site 2120,96.170861,21.873046,Patheingyi,Mandalay
Site 2121,96.203595,22.022618,Patheingyi,Mandalay
Site 2122,96.175603,22.020403,Patheingyi,Mandalay
Site 2123,96.073267,21.92227,Patheingyi,Mandalay
Site 2124,96.336426,22.187414,Patheingyi,Mandalay
Site 2125,96.223542,22.076368,Patheingyi,Mandalay
Site 2126,96.035051,21.790348,Patheingyi,Mandalay
Site 2127,96.252273,21.918344,Patheingyi,Mandalay
Site 2128,95.998257,21.853371,Patheingyi,Mandalay
Site 2129,96.073035,21.848124,Patheingyi,Mandalay
Site 2130,96.117288,22.059582,Patheingyi,Mandalay
Site 2131,95.972687,22.009665,Patheingyi,Mandalay
Site 2132,96.28705,22.042748,Patheingyi,Mandalay
Site 2133,96.004032,21.945639,Patheingyi,Mandalay
Site 2134,96.198355,21.984337,Patheingyi,Mandalay
Site 2135,96.53675,21.947158,Patheingyi,Mandalay
Site 2136,96.153047,21.958073,Patheingyi,Mandalay
Site 2137,96.170412,22.038856,Patheingyi,Mandalay
Site 2138,95.977107,21.81318,Patheingyi,Mandalay
Site 2139,96.261319,21.840184,Patheingyi,Mandalay
Site 2140,95.986083,21.714654,Patheingyi,Mandalay
Site 2141,96.422062,22.036213,Patheingyi,Mandalay
Site 2142,96.20022,21.823234,Patheingyi,Mandalay
Site 2143,96.217195,21.841696,Patheingyi,Mandalay
Site 2144,96.287825,21.804855,Patheingyi,Mandalay
Site 2145,96.299771,22.251961,Patheingyi,Mandalay
Site 2146,96.138423,21.805502,Patheingyi,Mandalay
Site 2147,96.349982,21.827973,Patheingyi,Mandalay
Site 2148,96.404355,22.141193,Patheingyi,Mandalay
Site 2149,96.450523,22.077747,Patheingyi,Mandalay
Site 2150,95.976655,21.903921,Patheingyi,Mandalay
Site 2151,96.219404,21.836233,Patheingyi,Mandalay
Site 2152,96.172496,21.885865,Patheingyi,Mandalay
Site 2153,96.230372,21.86481,Patheingyi,Mandalay
Site 2154,96.325216,22.089017,Patheingyi,Mandalay
Site 2155,96.053179,22.162102,Patheingyi,Mandalay
Site 2156,95.935163,22.066217,Patheingyi,Mandalay
Site 2157,96.177492,21.874627,Patheingyi,Mandalay
Site 2158,96.238927,21.897435,Patheingyi,Mandalay
Site 2159,96.089901,22.072578,Patheingyi,Mandalay
Site 2160,96.114118,21.816544,Patheingyi,Mandalay
Site 2161,96.263301,21.792692,Patheingyi,Mandalay
Site 2162,96.258245,21.871484,Patheingyi,Mandalay
Site 2163,95.876727,22.235574,Patheingyi,Mandalay
Site 2164,96.247099,21.904334,Patheingyi,Mandalay
Site 2165,96.099028,21.937198,Patheingyi,Mandalay
Site 2166,96.184995,21.765753,Patheingyi,Mandalay
Site 2167,96.287237,21.978694,Patheingyi,Mandalay
Site 2168,96.310693,21.94406,Patheingyi,Mandalay
Site 2169,96.078817,21.937846,Patheingyi,Mandalay
Site 2170,96.097703,21.745791,Patheingyi,Mandalay
Site 2171,96.290274,22.06186,Patheingyi,Mandalay
Site 2172,96.258857,21.999488,Patheingyi,Mandalay
Site 2173,96.054188,21.942111,Patheingyi,Mandalay
Site 2174,96.258284,21.785146,Patheingyi,Mandalay
Site 2175,96.670612,21.854738,Patheingyi,Mandalay
Site 2176,96.007636,22.073678,Patheingyi,Mandalay
Site 2177,96.27621,22.055089,Patheingyi,Mandalay
Site 2178,96.106458,21.785804,Patheingyi,Mandalay
Site 2179,96.15358,22.001711,Patheingyi,Mandalay
Site 2180,96.086401,21.921885,Patheingyi,Mandalay
Site 2181,96.189926,22.066355,Patheingyi,Mandalay
Site 2182,96.006163,22.033507,Patheingyi,Mandalay
Site 2183,96.184293,21.993506,Patheingyi,Mandalay
Site 2184,96.30004,21.896469,Patheingyi,Mandalay
Site 2185,96.233471,21.95002,Patheingyi,Mandalay
Site 2186,95.993113,22.020957,Patheingyi,Mandalay
Site 2187,96.459493,22.082792,Patheingyi,Mandalay
Site 2188,96.112488,21.861396,Patheingyi,Mandalay
Site 2189,96.274959,22.122067,Patheingyi,Mandalay
Site 2190,95.971268,22.323583,Patheingyi,Mandalay
Site 2191,96.113276,22.152237,Patheingyi,Mandalay
Site 2192,96.195356,22.107626,Patheingyi,Mandalay
Site 2193,96.142176,21.915965,Patheingyi,Mandalay
Site 2194,96.384622,21.936978,Patheingyi,Mandalay
Site 2195,95.85293,21.804103,Patheingyi,Mandalay
Site 2196,96.05776,22.098779,Patheingyi,Mandalay
Site 2197,96.139169,22.036854,Patheingyi,Mandalay
Site 2198,95.751811,22.026966,Patheingyi,Mandalay
Site 2199,96.149028,21.859709,Patheingyi,Mandalay
Site 2200,96.393113,21.831043,Patheingyi,Mandalay
Site 2201,96.358299,21.908087,Patheingyi,Mandalay
Site 2202,96.036386,22.066598,Patheingyi,Mandalay
Site 2203,96.089567,21.973399,Patheingyi,Mandalay
Site 2204,96.17051,21.955128,Patheingyi,Mandalay
Site 2205,96.233981,21.920584,Patheingyi,Mandalay
Site 2206,96.168735,21.910415,Patheingyi,Mandalay
Site 2207,96.032864,22.1966,Patheingyi,Mandalay
Site 2208,96.166076,21.752862,Patheingyi,Mandalay
Site 2209,96.216888,21.860297,Patheingyi,Mandalay
Site 2210,96.122717,21.814611,Patheingyi,Mandalay
Site 2211,96.102931,21.887576,Patheingyi,Mandalay
Site 2212,96.185545,22.054205,Patheingyi,Mandalay
Site 2213,96.099389,21.873894,Patheingyi,Mandalay
Site 2214,96.274315,22.063754,Patheingyi,Mandalay
Site 2215,96.159923,22.085889,Patheingyi,Mandalay
Site 2216,96.095513,22.189865,Patheingyi,Mandalay
Site 2217,96.238522,21.842983,Patheingyi,Mandalay
Site 2218,96.15074,21.946955,Patheingyi,Mandalay
Site 2219,96.254245,21.917057,Patheingyi,Mandalay
Site 2220,96.372876,22.044525,Patheingyi,Mandalay
Site 2221,96.099726,21.930994,Patheingyi,Mandalay
Site 2222,96.184406,21.654478,Patheingyi,Mandalay
Site 2223,96.314432,21.964195,Patheingyi,Mandalay
Site 2224,96.158956,21.722135,Patheingyi,Mandalay
Site 2225,96.280881,21.910879,Patheingyi,Mandalay
Site 2226,96.288699,21.997801,Patheingyi,Mandalay
Site 2227,96.093549,21.63161,Patheingyi,Mandalay
Site 2228,96.459952,21.742325,Patheingyi,Mandalay
Site 2229,96.382046,21.791198,Patheingyi,Mandalay
Site 2230,96.229977,21.908105,Patheingyi,Mandalay
Site 2231,96.124273,22.083537,Patheingyi,Mandalay
Site 2232,96.118123,21.986255,Patheingyi,Mandalay
Site 2233,96.218654,22.044962,Patheingyi,Mandalay
Site 2234,96.133905,22.065885,Patheingyi,Mandalay
Site 2235,96.54388,21.950559,Patheingyi,Mandalay
Site 2236,95.968664,21.95564,Patheingyi,Mandalay
Site 2237,96.011555,21.90124,Patheingyi,Mandalay
Site 2238,96.372658,22.025932,Patheingyi,Mandalay
Site 2239,96.192929,21.939539,Patheingyi,Mandalay
Site 2240,96.140357,21.983544,Patheingyi,Mandalay
Site 2241,96.135898,21.976302,Patheingyi,Mandalay
Site 2242,96.11177,21.817725,Patheingyi,Mandalay
Site 2243,96.31845,22.158348,Patheingyi,Mandalay
Site 2244,96.011877,22.020582,Patheingyi,Mandalay
Site 2245,96.180061,21.92417,Patheingyi,Mandalay
Site 2246,96.046456,22.00554,Patheingyi,Mandalay
Site 2247,95.92558,22.033696,Patheingyi,Mandalay
Site 2248,96.518839,22.142683,Pyin Oo Lwin,Mandalay
Site 2249,96.442512,22.035627,Pyin Oo Lwin,Mandalay
Site 2250,96.447174,22.119583,Pyin Oo Lwin,Mandalay
Site 2251,96.552579,22.103233,Pyin Oo Lwin,Mandalay
Site 2252,96.446201,21.852765,Pyin Oo Lwin,Mandalay
Site 2253,96.421945,21.749769,Pyin Oo Lwin,Mandalay
Site 2254,96.512891,22.19348,Pyin Oo Lwin,Mandalay
Site 2255,96.588275,22.111199,Pyin Oo Lwin,Mandalay
Site 2256,96.42502,22.081001,Pyin Oo Lwin,Mandalay
Site 2257,96.53629,21.992169,Pyin Oo Lwin,Mandalay
Site 2258,96.523081,21.851852,Pyin Oo Lwin,Mandalay
Site 2259,96.791449,21.971247,Pyin Oo Lwin,Mandalay
Site 2260,96.430642,21.96462,Pyin Oo Lwin,Mandalay
Site 2261,96.39426,22.128663,Pyin Oo Lwin,Mandalay
Site 2262,96.440459,21.877518,Pyin Oo Lwin,Mandalay
Site 2263,96.33218,22.097228,Pyin Oo Lwin,Mandalay
Site 2264,96.495939,21.966282,Pyin Oo Lwin,Mandalay
Site 2265,96.60254,21.990055,Pyin Oo Lwin,Mandalay
Site 2266,96.382888,21.929647,Pyin Oo Lwin,Mandalay
Site 2267,96.38437,22.071134,Pyin Oo Lwin,Mandalay
Site 2268,96.184038,22.029419,Pyin Oo Lwin,Mandalay
Site 2269,96.479238,21.952062,Pyin Oo Lwin,Mandalay
Site 2270,96.566912,22.209698,Pyin Oo Lwin,Mandalay
Site 2271,96.572966,22.039118,Pyin Oo Lwin,Mandalay
Site 2272,96.388258,22.111351,Pyin Oo Lwin,Mandalay
Site 2273,96.548762,22.123989,Pyin Oo Lwin,Mandalay
Site 2274,96.648878,22.148621,Pyin Oo Lwin,Mandalay
Site 2275,96.652886,21.878148,Pyin Oo Lwin,Mandalay
Site 2276,96.692739,21.944816,Pyin Oo Lwin,Mandalay
Site 2277,96.502677,21.932372,Pyin Oo Lwin,Mandalay
Site 2278,96.365905,21.944705,Pyin Oo Lwin,Mandalay
Site 2279,96.481877,21.927485,Pyin Oo Lwin,Mandalay
Site 2280,96.691985,22.063707,Pyin Oo Lwin,Mandalay
Site 2281,96.468563,22.199242,Pyin Oo Lwin,Mandalay
Site 2282,96.664339,21.846633,Pyin Oo Lwin,Mandalay
Site 2283,96.533154,21.809569,Pyin Oo Lwin,Mandalay
Site 2284,96.527923,22.005145,Pyin Oo Lwin,Mandalay
Site 2285,96.603718,21.962355,Pyin Oo Lwin,Mandalay
Site 2286,96.297327,22.223598,Pyin Oo Lwin,Mandalay
Site 2287,96.459653,22.121375,Pyin Oo Lwin,Mandalay
Site 2288,96.579022,21.978273,Pyin Oo Lwin,Mandalay
Site 2289,96.612443,21.861573,Pyin Oo Lwin,Mandalay
Site 2290,96.483423,21.959588,Pyin Oo Lwin,Mandalay
Site 2291,96.278674,22.137706,Pyin Oo Lwin,Mandalay
Site 2292,96.619309,21.909605,Pyin Oo Lwin,Mandalay
Site 2293,96.479431,22.133487,Pyin Oo Lwin,Mandalay
Site 2294,96.488417,22.072252,Pyin Oo Lwin,Mandalay
Site 2295,96.546374,21.953279,Pyin Oo Lwin,Mandalay
Site 2296,96.388657,21.871081,Pyin Oo Lwin,Mandalay
Site 2297,96.648172,21.993437,Pyin Oo Lwin,Mandalay
Site 2298,96.26302,21.981736,Pyin Oo Lwin,Mandalay
Site 2299,96.489675,21.784429,Pyin Oo Lwin,Mandalay
Site 2300,96.367878,21.972759,Pyin Oo Lwin,Mandalay
Site 2301,96.396058,22.067629,Pyin Oo Lwin,Mandalay
Site 2302,96.59486,21.910721,Pyin Oo Lwin,Mandalay
Site 2303,96.625165,22.06783,Pyin Oo Lwin,Mandalay
Site 2304,96.250445,21.934768,Pyin Oo Lwin,Mandalay
Site 2305,96.367779,22.065041,Pyin Oo Lwin,Mandalay
Site 2306,96.479189,21.979775,Pyin Oo Lwin,Mandalay
Site 2307,96.578193,21.896188,Pyin Oo Lwin,Mandalay
Site 2308,96.500887,22.036913,Pyin Oo Lwin,Mandalay
Site 2309,96.439784,21.880872,Pyin Oo Lwin,Mandalay
Site 2310,96.404188,22.253442,Pyin Oo Lwin,Mandalay
Site 2311,96.405711,22.136846,Pyin Oo Lwin,Mandalay
Site 2312,96.633415,22.190718,Pyin Oo Lwin,Mandalay
Site 2313,96.542921,21.794231,Pyin Oo Lwin,Mandalay
Site 2314,96.220649,22.099549,Pyin Oo Lwin,Mandalay
Site 2315,96.325799,22.131538,Pyin Oo Lwin,Mandalay
Site 2316,96.360958,22.126116,Pyin Oo Lwin,Mandalay
Site 2317,96.474091,22.002029,Pyin Oo Lwin,Mandalay
Site 2318,96.556446,21.887627,Pyin Oo Lwin,Mandalay
Site 2319,96.749582,22.140332,Pyin Oo Lwin,Mandalay
Site 2320,96.619799,21.978607,Pyin Oo Lwin,Mandalay
Site 2321,96.543508,22.054967,Pyin Oo Lwin,Mandalay
Site 2322,96.38885,22.205108,Pyin Oo Lwin,Mandalay
Site 2323,96.358307,21.896726,Pyin Oo Lwin,Mandalay
Site 2324,96.371798,22.274118,Pyin Oo Lwin,Mandalay
Site 2325,96.515609,21.980437,Pyin Oo Lwin,Mandalay
Site 2326,96.416259,22.057903,Pyin Oo Lwin,Mandalay
Site 2327,96.401062,21.90276,Pyin Oo Lwin,Mandalay
Site 2328,96.120075,22.000667,Pyin Oo Lwin,Mandalay
Site 2329,96.523138,22.094409,Pyin Oo Lwin,Mandalay
Site 2330,96.367932,22.033276,Pyin Oo Lwin,Mandalay
Site 2331,96.308682,22.051729,Pyin Oo Lwin,Mandalay
Site 2332,96.480794,22.184412,Pyin Oo Lwin,Mandalay
Site 2333,96.302416,22.001081,Pyin Oo Lwin,Mandalay
Site 2334,96.54297,22.029208,Pyin Oo Lwin,Mandalay
Site 2335,96.50156,22.248721,Pyin Oo Lwin,Mandalay
Site 2336,96.342367,22.185795,Pyin Oo Lwin,Mandalay
Site 2337,96.307891,22.100867,Pyin Oo Lwin,Mandalay
Site 2338,96.45829,21.943527,Pyin Oo Lwin,Mandalay
Site 2339,96.397644,22.075741,Pyin Oo Lwin,Mandalay
Site 2340,96.447848,22.204495,Pyin Oo Lwin,Mandalay
Site 2341,96.663243,22.112145,Pyin Oo Lwin,Mandalay
Site 2342,96.58874,22.125286,Pyin Oo Lwin,Mandalay
Site 2343,96.352528,22.01908,Pyin Oo Lwin,Mandalay
Site 2344,96.390293,21.758955,Pyin Oo Lwin,Mandalay
Site 2345,96.324067,22.01945,Pyin Oo Lwin,Mandalay
Site 2346,96.433763,22.215832,Pyin Oo Lwin,Mandalay
Site 2347,96.310947,21.973237,Pyin Oo Lwin,Mandalay
Site 2348,96.650922,22.062633,Pyin Oo Lwin,Mandalay
Site 2349,96.449831,22.005557,Pyin Oo Lwin,Mandalay
Site 2350,96.437686,21.92079,Pyin Oo Lwin,Mandalay
Site 2351,96.652481,21.965786,Pyin Oo Lwin,Mandalay
Site 2352,96.619965,22.010441,Pyin Oo Lwin,Mandalay
Site 2353,96.395616,22.041162,Pyin Oo Lwin,Mandalay
Site 2354,96.518332,22.061766,Pyin Oo Lwin,Mandalay
Site 2355,96.378285,22.081976,Pyin Oo Lwin,Mandalay
Site 2356,96.262834,22.152529,Pyin Oo Lwin,Mandalay
Site 2357,96.54153,21.905739,Pyin Oo Lwin,Mandalay
Site 2358,96.47423,22.052339,Pyin Oo Lwin,Mandalay
Site 2359,96.396843,21.745096,Pyin Oo Lwin,Mandalay
Site 2360,96.414352,22.127192,Pyin Oo Lwin,Mandalay
Site 2361,96.343789,21.763613,Pyin Oo Lwin,Mandalay
Site 2362,96.420243,22.146682,Pyin Oo Lwin,Mandalay
Site 2363,96.514136,21.931817,Pyin Oo Lwin,Mandalay
Site 2364,96.484041,22.009693,Pyin Oo Lwin,Mandalay
Site 2365,96.562379,21.972117,Pyin Oo Lwin,Mandalay
Site 2366,96.516689,21.909263,Pyin Oo Lwin,Mandalay
Site 2367,96.507919,22.056265,Pyin Oo Lwin,Mandalay
Site 2368,96.400643,21.924299,Pyin Oo Lwin,Mandalay
Site 2369,96.597345,21.997557,Pyin Oo Lwin,Mandalay
Site 2370,96.310218,22.051091,Pyin Oo Lwin,Mandalay
Site 2371,96.755003,22.191955,Pyin Oo Lwin,Mandalay
Site 2372,96.582118,21.844314,Pyin Oo Lwin,Mandalay
Site 2373,96.527189,21.956827,Pyin Oo Lwin,Mandalay
Site 2374,96.769933,21.793174,Pyin Oo Lwin,Mandalay
Site 2375,96.286138,22.135348,Pyin Oo Lwin,Mandalay
Site 2376,96.703248,22.078191,Pyin Oo Lwin,Mandalay
Site 2377,96.429017,21.909857,Pyin Oo Lwin,Mandalay
Site 2378,96.451414,22.133741,Pyin Oo Lwin,Mandalay
Site 2379,96.492555,21.952119,Pyin Oo Lwin,Mandalay
Site 2380,96.58831,22.003385,Pyin Oo Lwin,Mandalay
Site 2381,96.398909,22.003658,Pyin Oo Lwin,Mandalay
Site 2382,96.521236,21.954814,Pyin Oo Lwin,Mandalay
Site 2383,96.425094,21.912703,Pyin Oo Lwin,Mandalay
Site 2384,96.366244,22.167523,Pyin Oo Lwin,Mandalay
Site 2385,96.259442,21.934787,Pyin Oo Lwin,Mandalay
Site 2386,96.301352,21.917761,Pyin Oo Lwin,Mandalay
Site 2387,96.487296,21.830363,Pyin Oo Lwin,Mandalay
Site 2388,96.527065,21.926508,Pyin Oo Lwin,Mandalay
Site 2389,96.577212,22.231709,Pyin Oo Lwin,Mandalay
Site 2390,96.339393,21.972089,Pyin Oo Lwin,Mandalay
Site 2391,96.275001,22.067767,Pyin Oo Lwin,Mandalay
Site 2392,96.392532,21.94221,Pyin Oo Lwin,Mandalay
Site 2393,96.418648,22.037344,Pyin Oo Lwin,Mandalay
Site 2394,96.258552,22.145933,Pyin Oo Lwin,Mandalay
Site 2395,96.018532,22.03154,Madaya,Mandalay
Site 2396,96.202001,22.335657,Madaya,Mandalay
Site 2397,96.388085,22.110152,Madaya,Mandalay
Site 2398,96.37909,22.140349,Madaya,Mandalay
Site 2399,96.176218,22.139489,Madaya,Mandalay
Site 2400,96.356845,22.086534,Madaya,Mandalay
Site 2401,96.220656,21.859091,Madaya,Mandalay
Site 2402,96.002685,22.078456,Madaya,Mandalay
Site 2403,96.078158,21.99714,Madaya,Mandalay
Site 2404,96.060755,22.208777,Madaya,Mandalay
Site 2405,95.998376,22.265977,Madaya,Mandalay
Site 2406,96.027017,22.023849,Madaya,Mandalay
Site 2407,95.983751,22.102475,Madaya,Mandalay
Site 2408,96.156705,22.049012,Madaya,Mandalay
Site 2409,96.299194,22.169001,Madaya,Mandalay
Site 2410,96.249942,21.869657,Madaya,Mandalay
Site 2411,96.186416,22.225152,Madaya,Mandalay
Site 2412,96.234736,22.395291,Madaya,Mandalay
Site 2413,96.499634,21.98163,Madaya,Mandalay
Site 2414,96.181857,22.110776,Madaya,Mandalay
Site 2415,96.159423,22.121267,Madaya,Mandalay
Site 2416,96.228501,22.20836,Madaya,Mandalay
Site 2417,96.201713,22.217529,Madaya,Mandalay
Site 2418,96.202807,22.251009,Madaya,Mandalay
Site 2419,96.221537,22.248604,Madaya,Mandalay
Site 2420,96.212266,22.299551,Madaya,Mandalay
Site 2421,96.305532,22.114251,Madaya,Mandalay
Site 2422,96.18764,22.230513,Madaya,Mandalay
Site 2423,96.401596,22.35975,Madaya,Mandalay
Site 2424,96.298642,22.16813,Madaya,Mandalay
Site 2425,96.237506,22.226307,Madaya,Mandalay
Site 2426,96.151846,22.097094,Madaya,Mandalay
Site 2427,96.191144,21.946718,Madaya,Mandalay
Site 2428,96.290284,22.232268,Madaya,Mandalay
Site 2429,96.130572,22.30616,Madaya,Mandalay
Site 2430,96.328393,22.217957,Madaya,Mandalay
Site 2431,95.893601,22.220224,Madaya,Mandalay
Site 2432,96.049209,22.040501,Madaya,Mandalay
Site 2433,96.297912,22.190416,Madaya,Mandalay
Site 2434,96.49711,22.152204,Madaya,Mandalay
Site 2435,96.304487,21.948105,Madaya,Mandalay
Site 2436,96.40128,22.272647,Madaya,Mandalay
Site 2437,96.129949,21.950694,Madaya,Mandalay
Site 2438,96.199987,22.19537,Madaya,Mandalay
Site 2439,96.218783,22.226913,Madaya,Mandalay
Site 2440,95.984284,22.164808,Madaya,Mandalay
Site 2441,96.310652,22.063878,Madaya,Mandalay
Site 2442,96.298117,22.311403,Madaya,Mandalay
Site 2443,96.326321,22.129425,Madaya,Mandalay
Site 2444,96.184055,22.176122,Madaya,Mandalay
Site 2445,96.113526,22.191767,Madaya,Mandalay
Site 2446,96.364547,22.161779,Madaya,Mandalay
Site 2447,96.178469,22.247955,Madaya,Mandalay
Site 2448,96.137619,22.205096,Madaya,Mandalay
Site 2449,96.371892,22.411349,Madaya,Mandalay
Site 2450,96.483962,22.127973,Madaya,Mandalay
Site 2451,96.281223,22.151833,Madaya,Mandalay
Site 2452,96.132296,22.390443,Madaya,Mandalay
Site 2453,96.157057,22.225308,Madaya,Mandalay
Site 2454,96.18,22.179184,Madaya,Mandalay
Site 2455,96.230984,22.320347,Madaya,Mandalay
Site 2456,96.074514,22.205292,Madaya,Mandalay
Site 2457,96.188126,22.013508,Madaya,Mandalay
Site 2458,96.169217,22.368655,Madaya,Mandalay
Site 2459,96.143511,22.23938,Madaya,Mandalay
Site 2460,96.347696,22.05533,Madaya,Mandalay
Site 2461,95.991617,22.320492,Madaya,Mandalay
Site 2462,96.233759,22.268081,Madaya,Mandalay
Site 2463,96.1724,22.265815,Madaya,Mandalay
Site 2464,96.138488,22.386831,Madaya,Mandalay
Site 2465,96.135267,22.072352,Madaya,Mandalay
Site 2466,96.253248,22.249862,Madaya,Mandalay
Site 2467,96.273719,22.127739,Madaya,Mandalay
Site 2468,96.184243,21.861754,Madaya,Mandalay
Site 2469,96.093156,22.336584,Madaya,Mandalay
Site 2470,96.268171,22.090991,Madaya,Mandalay
Site 2471,96.304655,22.22758,Madaya,Mandalay
Site 2472,96.178922,22.275272,Madaya,Mandalay
Site 2473,96.199743,22.277564,Madaya,Mandalay
Site 2474,96.169795,22.053908,Madaya,Mandalay
Site 2475,96.239333,22.225966,Madaya,Mandalay
Site 2476,95.987986,21.922558,Madaya,Mandalay
Site 2477,96.039013,22.153215,Madaya,Mandalay
Site 2478,96.277169,22.239427,Madaya,Mandalay
Site 2479,96.132121,22.426756,Madaya,Mandalay
Site 2480,96.152371,22.208826,Madaya,Mandalay
Site 2481,96.362633,21.993395,Madaya,Mandalay
Site 2482,96.043086,22.216592,Madaya,Mandalay
Site 2483,96.232653,22.041351,Madaya,Mandalay
Site 2484,96.167684,22.132893,Madaya,Mandalay
Site 2485,96.070775,22.21428,Madaya,Mandalay
Site 2486,95.899036,21.991712,Madaya,Mandalay
Site 2487,95.55425,21.265697,Myingyan,Mandalay
Site 2488,95.247192,21.267793,Myingyan,Mandalay
Site 2489,95.371349,21.31442,Myingyan,Mandalay
Site 2490,95.38102,21.5215,Myingyan,Mandalay
Site 2491,95.507053,21.696476,Myingyan,Mandalay
Site 2492,95.459389,21.474671,Myingyan,Mandalay
Site 2493,95.541,21.68113,Myingyan,Mandalay
Site 2494,95.294074,21.393055,Myingyan,Mandalay
Site 2495,95.298757,21.16654,Myingyan,Mandalay
Site 2496,95.101364,21.333645,Myingyan,Mandalay
Site 2497,95.459759,21.519244,Myingyan,Mandalay
Site 2498,95.465009,21.396364,Myingyan,Mandalay
Site 2499,95.465502,21.615826,Myingyan,Mandalay
Site 2500,95.333199,21.364026,Myingyan,Mandalay
Site 2501,95.160156,21.500137,Myingyan,Mandalay
Site 2502,95.257082,21.578657,Myingyan,Mandalay
Site 2503,95.322058,21.401707,Myingyan,Mandalay
Site 2504,95.495077,21.295276,Myingyan,Mandalay
Site 2505,95.513605,21.31397,Myingyan,Mandalay
Site 2506,95.417784,21.363962,Myingyan,Mandalay
Site 2507,95.437993,21.281717,Myingyan,Mandalay
Site 2508,95.316599,21.640342,Myingyan,Mandalay
Site 2509,95.344707,21.458511,Myingyan,Mandalay
Site 2510,95.53751,21.345954,Myingyan,Mandalay
Site 2511,95.385332,21.425169,Myingyan,Mandalay
Site 2512,95.434959,21.291081,Myingyan,Mandalay
Site 2513,95.438646,21.406444,Myingyan,Mandalay
Site 2514,95.411441,21.458718,Myingyan,Mandalay
Site 2515,95.554553,21.361763,Myingyan,Mandalay
Site 2516,95.56783,21.408984,Myingyan,Mandalay
Site 2517,95.51055,21.396796,Myingyan,Mandalay
Site 2518,95.339675,21.464864,Myingyan,Mandalay
Site 2519,95.445669,21.676884,Myingyan,Mandalay
Site 2520,95.399159,21.429517,Myingyan,Mandalay
Site 2521,95.472791,21.583551,Myingyan,Mandalay
Site 2522,95.280683,21.384176,Myingyan,Mandalay
Site 2523,95.466009,21.545117,Myingyan,Mandalay
Site 2524,95.457993,21.398382,Myingyan,Mandalay
Site 2525,95.245486,21.342872,Myingyan,Mandalay
Site 2526,95.53315,21.335877,Myingyan,Mandalay
Site 2527,95.292313,21.595582,Myingyan,Mandalay
Site 2528,95.381302,21.721596,Myingyan,Mandalay
Site 2529,95.320334,21.420655,Myingyan,Mandalay
Site 2530,95.304122,21.51747,Myingyan,Mandalay
Site 2531,95.317014,21.544231,Myingyan,Mandalay
Site 2532,95.380251,21.54281,Myingyan,Mandalay
Site 2533,95.221907,21.46442,Myingyan,Mandalay
Site 2534,95.335826,21.119394,Myingyan,Mandalay
Site 2535,95.391446,21.511602,Myingyan,Mandalay
Site 2536,95.369222,21.616606,Myingyan,Mandalay
Site 2537,95.550552,21.662072,Myingyan,Mandalay
Site 2538,95.331127,21.456563,Myingyan,Mandalay
Site 2539,95.38058,21.549576,Myingyan,Mandalay
Site 2540,95.442139,21.549918,Myingyan,Mandalay
Site 2541,95.41763,21.379186,Myingyan,Mandalay
Site 2542,95.146311,21.415454,Myingyan,Mandalay
Site 2543,95.358185,21.590691,Myingyan,Mandalay
Site 2544,95.267215,21.597957,Myingyan,Mandalay
Site 2545,95.33419,21.379909,Myingyan,Mandalay
Site 2546,95.212857,21.478266,Myingyan,Mandalay
Site 2547,95.536852,21.296275,Myingyan,Mandalay
Site 2548,95.389748,21.40361,Myingyan,Mandalay
Site 2549,95.394054,21.303598,Myingyan,Mandalay
Site 2550,95.298944,21.640503,Myingyan,Mandalay
Site 2551,95.244199,21.517427,Myingyan,Mandalay
Site 2552,95.370583,21.331902,Myingyan,Mandalay
Site 2553,95.314228,21.5773,Myingyan,Mandalay
Site 2554,95.332333,21.569676,Myingyan,Mandalay
Site 2555,95.459994,21.541295,Myingyan,Mandalay
Site 2556,95.486679,21.483805,Myingyan,Mandalay
Site 2557,95.50401,21.491225,Myingyan,Mandalay
Site 2558,95.24839,21.640829,Myingyan,Mandalay
Site 2559,95.555377,21.402381,Myingyan,Mandalay
Site 2560,95.3785,21.533552,Myingyan,Mandalay
Site 2561,95.285787,21.188254,Myingyan,Mandalay
Site 2562,95.424838,21.581938,Myingyan,Mandalay
Site 2563,95.337502,21.560512,Myingyan,Mandalay
Site 2564,95.536972,21.463146,Myingyan,Mandalay
Site 2565,95.378334,21.634986,Myingyan,Mandalay
Site 2566,95.291716,21.422774,Myingyan,Mandalay
Site 2567,95.495728,21.515412,Myingyan,Mandalay
Site 2568,95.406545,21.405439,Myingyan,Mandalay
Site 2569,95.381267,21.36432,Myingyan,Mandalay
Site 2570,95.261272,21.470016,Myingyan,Mandalay
Site 2571,95.502499,21.218489,Myingyan,Mandalay
Site 2572,95.333042,21.609447,Myingyan,Mandalay
Site 2573,95.227161,21.300059,Myingyan,Mandalay
Site 2574,95.373265,21.358109,Myingyan,Mandalay
Site 2575,95.352117,21.497774,Myingyan,Mandalay
Site 2576,95.440646,21.56212,Myingyan,Mandalay
Site 2577,95.295402,21.354531,Myingyan,Mandalay
Site 2578,95.508402,21.528912,Myingyan,Mandalay
Site 2579,94.910377,21.203787,Nyaung-U,Mandalay
Site 2580,95.111431,21.164586,Nyaung-U,Mandalay
Site 2581,94.791395,21.243761,Nyaung-U,Mandalay
Site 2582,94.83736,20.835886,Nyaung-U,Mandalay
Site 2583,95.188686,21.115521,Nyaung-U,Mandalay
Site 2584,94.877226,21.314677,Nyaung-U,Mandalay
Site 2585,95.065113,21.230312,Nyaung-U,Mandalay
Site 2586,94.755725,21.482369,Nyaung-U,Mandalay
Site 2587,94.633184,21.202291,Nyaung-U,Mandalay
Site 2588,94.74298,21.262564,Nyaung-U,Mandalay
Site 2589,94.697454,21.335564,Nyaung-U,Mandalay
Site 2590,94.994163,21.076825,Nyaung-U,Mandalay
Site 2591,94.872498,21.076521,Nyaung-U,Mandalay
Site 2592,94.965388,21.325628,Nyaung-U,Mandalay
Site 2593,94.872812,21.269512,Nyaung-U,Mandalay
Site 2594,94.905704,21.254589,Nyaung-U,Mandalay
Site 2595,94.937801,20.944013,Nyaung-U,Mandalay
Site 2596,94.763243,21.377904,Nyaung-U,Mandalay
Site 2597,94.992416,21.226204,Nyaung-U,Mandalay
Site 2598,94.784241,21.127734,Nyaung-U,Mandalay
Site 2599,95.00275,21.113918,Nyaung-U,Mandalay
Site 2600,94.806648,21.384502,Nyaung-U,Mandalay
Site 2601,94.751264,21.144767,Nyaung-U,Mandalay
Site 2602,95.045181,21.184109,Nyaung-U,Mandalay
Site 2603,94.819174,21.31077,Nyaung-U,Mandalay
Site 2604,95.0216,21.362766,Nyaung-U,Mandalay
Site 2605,94.888343,21.017159,Nyaung-U,Mandalay
Site 2606,94.75171,21.131893,Nyaung-U,Mandalay
Site 2607,94.692496,21.071056,Nyaung-U,Mandalay
Site 2608,94.793082,21.385405,Nyaung-U,Mandalay
Site 2609,94.965569,21.228336,Nyaung-U,Mandalay
Site 2610,94.783819,21.086176,Nyaung-U,Mandalay
Site 2611,94.769749,21.189092,Nyaung-U,Mandalay
Site 2612,94.753486,21.283027,Nyaung-U,Mandalay
Site 2613,94.994343,21.249908,Nyaung-U,Mandalay
Site 2614,94.993841,21.206502,Nyaung-U,Mandalay
Site 2615,94.810548,21.276011,Nyaung-U,Mandalay
Site 2616,94.889051,21.21145,Nyaung-U,Mandalay
Site 2617,94.952796,21.133272,Nyaung-U,Mandalay
Site 2618,94.845574,21.251329,Nyaung-U,Mandalay
Site 2619,94.722205,21.37261,Nyaung-U,Mandalay
Site 2620,95.066845,21.347735,Nyaung-U,Mandalay
Site 2621,94.678316,20.937132,Nyaung-U,Mandalay
Site 2622,94.864044,21.055874,Nyaung-U,Mandalay
Site 2623,94.985526,21.036461,Nyaung-U,Mandalay
Site 2624,95.058127,21.245752,Nyaung-U,Mandalay
Site 2625,94.97614,21.301773,Nyaung-U,Mandalay
Site 2626,94.741429,21.300342,Nyaung-U,Mandalay
Site 2627,94.893528,21.089412,Nyaung-U,Mandalay
Site 2628,94.793209,21.260718,Nyaung-U,Mandalay
Site 2629,94.850227,21.16801,Nyaung-U,Mandalay
Site 2630,94.732127,21.315439,Nyaung-U,Mandalay
Site 2631,94.98356,21.215012,Nyaung-U,Mandalay
Site 2632,95.025968,21.398036,Nyaung-U,Mandalay
Site 2633,94.795721,21.087665,Nyaung-U,Mandalay
Site 2634,94.885007,21.248565,Nyaung-U,Mandalay
Site 2635,94.743506,21.359143,Nyaung-U,Mandalay
Site 2636,94.768751,21.221434,Nyaung-U,Mandalay
Site 2637,94.723497,21.045977,Nyaung-U,Mandalay
Site 2638,94.768699,21.186653,Nyaung-U,Mandalay
Site 2639,95.050835,21.305887,Nyaung-U,Mandalay
Site 2640,94.93308,21.285238,Nyaung-U,Mandalay
Site 2641,94.747017,21.36556,Nyaung-U,Mandalay
Site 2642,94.849033,21.439812,Nyaung-U,Mandalay
Site 2643,94.81006,21.24476,Nyaung-U,Mandalay
Site 2644,94.877822,20.918992,Nyaung-U,Mandalay
Site 2645,94.862648,21.129515,Nyaung-U,Mandalay
Site 2646,94.743472,21.03354,Nyaung-U,Mandalay
Site 2647,94.792924,21.163476,Nyaung-U,Mandalay
Site 2648,94.848194,21.190406,Nyaung-U,Mandalay
Site 2649,94.725659,21.133084,Nyaung-U,Mandalay
Site 2650,94.883031,21.160073,Nyaung-U,Mandalay
Site 2651,94.98228,21.092832,Nyaung-U,Mandalay
Site 2652,96.046337,20.974791,Meiktila,Mandalay
Site 2653,95.918703,21.043352,Meiktila,Mandalay
Site 2654,95.819658,20.780909,Meiktila,Mandalay
Site 2655,95.772676,20.995765,Meiktila,Mandalay
Site 2656,95.931107,20.862104,Meiktila,Mandalay
Site 2657,95.776002,20.729043,Meiktila,Mandalay
Site 2658,95.85946,20.762468,Meiktila,Mandalay
Site 2659,95.936852,20.892922,Meiktila,Mandalay
Site 2660,95.963857,20.953786,Meiktila,Mandalay
Site 2661,95.777978,20.80735,Meiktila,Mandalay
Site 2662,96.105976,20.882905,Meiktila,Mandalay
Site 2663,95.903408,20.865207,Meiktila,Mandalay
Site 2664,96.01637,20.840842,Meiktila,Mandalay
Site 2665,95.847416,20.830476,Meiktila,Mandalay
Site 2666,95.863754,20.733707,Meiktila,Mandalay
Site 2667,95.70027,21.007027,Meiktila,Mandalay
Site 2668,95.799561,20.804773,Meiktila,Mandalay
Site 2669,95.621474,20.625263,Meiktila,Mandalay
Site 2670,96.03754,21.012327,Meiktila,Mandalay
Site 2671,95.976732,21.0422,Meiktila,Mandalay
Site 2672,95.861415,20.924269,Meiktila,Mandalay
Site 2673,95.847751,20.968224,Meiktila,Mandalay
Site 2674,95.791575,20.992659,Meiktila,Mandalay
Site 2675,95.718297,20.955176,Meiktila,Mandalay
Site 2676,95.979694,20.776626,Meiktila,Mandalay
Site 2677,95.784017,20.767214,Meiktila,Mandalay
Site 2678,95.867705,21.026595,Meiktila,Mandalay
Site 2679,95.55532,20.810193,Meiktila,Mandalay
Site 2680,95.687988,21.04042,Meiktila,Mandalay
Site 2681,95.837581,20.831413,Meiktila,Mandalay
Site 2682,95.928081,20.946353,Meiktila,Mandalay
Site 2683,95.933664,21.088867,Meiktila,Mandalay
Site 2684,95.8628,20.915465,Meiktila,Mandalay
Site 2685,95.706827,21.050151,Meiktila,Mandalay
Site 2686,95.809546,20.933239,Meiktila,Mandalay
Site 2687,95.798469,20.892942,Meiktila,Mandalay
Site 2688,95.867863,20.734809,Meiktila,Mandalay
Site 2689,95.848879,20.714668,Meiktila,Mandalay
Site 2690,95.825908,20.932768,Meiktila,Mandalay
Site 2691,95.743533,20.802694,Meiktila,Mandalay
Site 2692,95.747427,20.799618,Meiktila,Mandalay
Site 2693,95.906413,20.719642,Meiktila,Mandalay
Site 2694,95.990314,20.860202,Meiktila,Mandalay
Site 2695,95.96154,20.915702,Meiktila,Mandalay
Site 2696,95.675392,20.899779,Meiktila,Mandalay
Site 2697,95.901037,21.071624,Meiktila,Mandalay
Site 2698,96.008024,20.70147,Meiktila,Mandalay
Site 2699,95.601709,20.723968,Meiktila,Mandalay
Site 2700,95.919523,20.84164,Meiktila,Mandalay
Site 2701,95.991443,20.82247,Meiktila,Mandalay
Site 2702,96.008189,20.81388,Meiktila,Mandalay
Site 2703,95.786645,20.626001,Meiktila,Mandalay
Site 2704,95.779723,20.85191,Meiktila,Mandalay
Site 2705,95.881545,20.919398,Meiktila,Mandalay
Site 2706,95.991389,21.059294,Meiktila,Mandalay
Site 2707,95.901249,20.977398,Meiktila,Mandalay
Site 2708,95.774827,20.80343,Meiktila,Mandalay
Site 2709,95.908146,20.668029,Meiktila,Mandalay
Site 2710,95.995483,20.804012,Meiktila,Mandalay
Site 2711,95.860562,20.821757,Meiktila,Mandalay
Site 2712,95.939111,20.79009,Meiktila,Mandalay
Site 2713,95.948213,20.927082,Meiktila,Mandalay
Site 2714,95.940229,20.767149,Meiktila,Mandalay
Site 2715,95.769452,20.587573,Meiktila,Mandalay
Site 2716,95.948178,20.848388,Meiktila,Mandalay
Site 2717,95.69744,20.863708,Meiktila,Mandalay
Site 2718,95.955687,20.786445,Meiktila,Mandalay
Site 2719,95.908763,20.964259,Meiktila,Mandalay
Site 2720,95.986854,20.696469,Meiktila,Mandalay
Site 2721,95.676646,20.970589,Meiktila,Mandalay
Site 2722,95.688944,20.934549,Meiktila,Mandalay
Site 2723,95.845146,20.986181,Meiktila,Mandalay
Site 2724,95.717903,20.915455,Meiktila,Mandalay
Site 2725,96.064472,21.193751,Meiktila,Mandalay
Site 2726,95.564252,20.860677,Meiktila,Mandalay
Site 2727,95.931471,20.867317,Meiktila,Mandalay
Site 2728,95.850358,20.889135,Meiktila,Mandalay
Site 2729,95.722964,20.815027,Meiktila,Mandalay
Site 2730,95.877022,21.123221,Meiktila,Mandalay
Site 2731,95.776813,20.773748,Meiktila,Mandalay
Site 2732,95.845216,20.612789,Meiktila,Mandalay
Site 2733,95.780475,21.114309,Meiktila,Mandalay
Site 2734,95.845227,20.754241,Meiktila,Mandalay
Site 2735,95.845414,21.028211,Meiktila,Mandalay
Site 2736,96.044782,20.736698,Meiktila,Mandalay
Site 2737,96.016216,20.990974,Meiktila,Mandalay
Site 2738,95.89262,20.858022,Meiktila,Mandalay
Site 2739,95.716669,20.955678,Meiktila,Mandalay
Site 2740,95.947251,20.853886,Meiktila,Mandalay
Site 2741,95.787193,20.791353,Meiktila,Mandalay
Site 2742,95.885363,20.983393,Meiktila,Mandalay
Site 2743,95.732373,21.031233,Meiktila,Mandalay
Site 2744,96.232467,21.626675,Kyaukse,Mandalay
Site 2745,95.996561,21.522731,Kyaukse,Mandalay
Site 2746,96.052764,21.399735,Kyaukse,Mandalay
Site 2747,95.955391,21.755324,Kyaukse,Mandalay
Site 2748,96.149386,21.637635,Kyaukse,Mandalay
Site 2749,96.113057,21.573181,Kyaukse,Mandalay
Site 2750,95.993527,21.501303,Kyaukse,Mandalay
Site 2751,96.269975,21.678947,Kyaukse,Mandalay
Site 2752,96.308867,21.699301,Kyaukse,Mandalay
Site 2753,96.175219,21.835402,Kyaukse,Mandalay
Site 2754,96.25538,21.647955,Kyaukse,Mandalay
Site 2755,96.160926,21.481017,Kyaukse,Mandalay
Site 2756,96.092779,21.533629,Kyaukse,Mandalay
Site 2757,96.207827,21.660681,Kyaukse,Mandalay
Site 2758,96.346111,21.668667,Kyaukse,Mandalay
Site 2759,96.158774,21.487353,Kyaukse,Mandalay
Site 2760,96.038343,21.51389,Kyaukse,Mandalay
Site 2761,96.266379,21.69477,Kyaukse,Mandalay
Site 2762,96.159579,21.499032,Kyaukse,Mandalay
Site 2763,96.033582,21.791853,Kyaukse,Mandalay
Site 2764,96.32097,21.629422,Kyaukse,Mandalay
Site 2765,96.069653,21.590541,Kyaukse,Mandalay
Site 2766,96.201625,21.643803,Kyaukse,Mandalay
Site 2767,96.196254,21.629912,Kyaukse,Mandalay
Site 2768,96.129116,21.753703,Kyaukse,Mandalay
Site 2769,96.449545,21.748049,Kyaukse,Mandalay
Site 2770,95.836369,21.66016,Kyaukse,Mandalay
Site 2771,96.130804,21.694583,Kyaukse,Mandalay
Site 2772,96.18387,21.522038,Kyaukse,Mandalay
Site 2773,96.169057,21.655887,Kyaukse,Mandalay
Site 2774,95.948549,21.524669,Kyaukse,Mandalay
Site 2775,96.247722,21.596262,Kyaukse,Mandalay
Site 2776,96.128223,21.447348,Kyaukse,Mandalay
Site 2777,96.393852,21.546407,Kyaukse,Mandalay
Site 2778,96.276257,21.549156,Kyaukse,Mandalay
Site 2779,96.075783,21.687897,Kyaukse,Mandalay
Site 2780,96.23994,21.511913,Kyaukse,Mandalay
Site 2781,96.150624,21.735912,Kyaukse,Mandalay
Site 2782,96.180394,21.664292,Kyaukse,Mandalay
Site 2783,96.169317,21.645579,Kyaukse,Mandalay
Site 2784,96.204174,21.576519,Kyaukse,Mandalay
Site 2785,96.099085,21.606159,Kyaukse,Mandalay
Site 2786,96.118223,21.676478,Kyaukse,Mandalay
Site 2787,96.056969,21.487016,Kyaukse,Mandalay
Site 2788,96.03944,21.623364,Kyaukse,Mandalay
Site 2789,96.014564,21.588636,Kyaukse,Mandalay
Site 2790,96.149741,21.641596,Kyaukse,Mandalay
Site 2791,96.121633,21.690892,Kyaukse,Mandalay
Site 2792,96.020501,21.736965,Kyaukse,Mandalay
Site 2793,96.158352,21.58631,Kyaukse,Mandalay
Site 2794,96.147422,21.666788,Kyaukse,Mandalay
Site 2795,96.274177,21.66518,Kyaukse,Mandalay
Site 2796,95.990786,21.798988,Kyaukse,Mandalay
Site 2797,96.164351,21.620589,Kyaukse,Mandalay
Site 2798,96.018428,21.619348,Kyaukse,Mandalay
Site 2799,96.286466,21.647778,Kyaukse,Mandalay
Site 2800,96.053684,21.633901,Kyaukse,Mandalay
Site 2801,96.072663,21.47575,Kyaukse,Mandalay
Site 2802,96.10228,21.767776,Kyaukse,Mandalay
Site 2803,96.118147,21.733346,Kyaukse,Mandalay
Site 2804,96.002611,21.774118,Kyaukse,Mandalay
Site 2805,96.061584,21.603035,Kyaukse,Mandalay
Site 2806,96.175259,21.379142,Kyaukse,Mandalay
Site 2807,96.096559,21.703592,Kyaukse,Mandalay
Site 2808,96.04082,21.684739,Kyaukse,Mandalay
Site 2809,96.217218,21.65662,Kyaukse,Mandalay
Site 2810,96.013059,21.788821,Kyaukse,Mandalay
Site 2811,96.276931,21.686873,Kyaukse,Mandalay
Site 2812,96.211051,21.646174,Kyaukse,Mandalay
Site 2813,96.103096,21.896631,Kyaukse,Mandalay
Site 2814,96.153371,21.587662,Kyaukse,Mandalay
Site 2815,96.155343,21.619994,Kyaukse,Mandalay
Site 2816,96.308662,21.721112,Kyaukse,Mandalay
Site 2817,96.204009,20.521965,Yamethin,Mandalay
Site 2818,95.975915,20.435024,Yamethin,Mandalay
Site 2819,96.158557,20.280353,Yamethin,Mandalay
Site 2820,96.028375,20.479318,Yamethin,Mandalay
Site 2821,96.033045,20.372862,Yamethin,Mandalay
Site 2822,96.13234,20.323111,Yamethin,Mandalay
Site 2823,96.068332,20.381965,Yamethin,Mandalay
Site 2824,96.081964,20.393146,Yamethin,Mandalay
Site 2825,96.109323,20.64073,Yamethin,Mandalay
Site 2826,96.250336,20.34049,Yamethin,Mandalay
Site 2827,96.115091,20.368687,Yamethin,Mandalay
Site 2828,96.227731,20.222546,Yamethin,Mandalay
Site 2829,95.879116,20.281621,Yamethin,Mandalay
Site 2830,96.102944,20.347409,Yamethin,Mandalay
Site 2831,96.083103,20.374094,Yamethin,Mandalay
Site 2832,96.174731,20.276728,Yamethin,Mandalay
Site 2833,96.044556,20.389076,Yamethin,Mandalay
Site 2834,96.227989,20.384194,Yamethin,Mandalay
Site 2835,96.157184,20.660534,Yamethin,Mandalay
Site 2836,96.24877,20.456947,Yamethin,Mandalay
Site 2837,96.086099,20.26018,Yamethin,Mandalay
Site 2838,96.096359,20.408009,Yamethin,Mandalay
Site 2839,96.136732,20.502646,Yamethin,Mandalay
Site 2840,96.085881,20.134964,Yamethin,Mandalay
Site 2841,96.165034,20.622404,Yamethin,Mandalay
Site 2842,95.946777,20.48059,Yamethin,Mandalay
Site 2843,95.997683,20.366156,Yamethin,Mandalay
Site 2844,96.057731,20.395232,Yamethin,Mandalay
Site 2845,96.144029,20.2994,Yamethin,Mandalay
Site 2846,96.110079,20.578201,Yamethin,Mandalay
Site 2847,95.915748,20.297914,Yamethin,Mandalay
Site 2848,96.085119,20.218264,Yamethin,Mandalay
Site 2849,95.957663,20.447615,Yamethin,Mandalay
Site 2850,96.069361,20.517016,Yamethin,Mandalay
Site 2851,96.25794,20.498699,Yamethin,Mandalay
Site 2852,96.081378,20.378886,Yamethin,Mandalay
Site 2853,95.871663,20.471256,Yamethin,Mandalay
Site 2854,96.212066,20.388425,Yamethin,Mandalay
Site 2855,96.183903,20.399418,Yamethin,Mandalay
Site 2856,96.301069,20.495395,Yamethin,Mandalay
Site 2857,96.080102,20.546981,Yamethin,Mandalay
Site 2858,96.232131,20.54287,Yamethin,Mandalay
Site 2859,96.085294,20.436123,Yamethin,Mandalay
Site 2860,96.173079,20.281401,Yamethin,Mandalay
Site 2861,96.144616,20.400611,Yamethin,Mandalay
Site 2862,95.97997,20.662196,Yamethin,Mandalay
Site 2863,96.221948,20.482256,Yamethin,Mandalay
Site 2864,96.303396,20.506065,Yamethin,Mandalay
Site 2865,96.263157,20.338903,Yamethin,Mandalay
Site 2866,96.287642,20.327965,Yamethin,Mandalay
Site 2867,96.073101,20.373422,Yamethin,Mandalay
Site 2868,96.252533,20.445045,Yamethin,Mandalay
Site 2869,95.823115,20.45547,Yamethin,Mandalay
Site 2870,96.253593,20.511705,Yamethin,Mandalay
Site 2871,96.299106,20.386165,Yamethin,Mandalay
Site 2872,95.640689,20.646418,Pyawbwe,Mandalay
Site 2873,95.7596,20.804142,Pyawbwe,Mandalay
Site 2874,95.794136,20.583046,Pyawbwe,Mandalay
Site 2875,95.638411,20.723099,Pyawbwe,Mandalay
Site 2876,95.911726,20.813935,Pyawbwe,Mandalay
Site 2877,95.902881,20.697615,Pyawbwe,Mandalay
Site 2878,95.976409,20.621834,Pyawbwe,Mandalay
Site 2879,95.823817,20.594796,Pyawbwe,Mandalay
Site 2880,95.911651,20.632942,Pyawbwe,Mandalay
Site 2881,95.941997,20.55499,Pyawbwe,Mandalay
Site 2882,95.798718,20.698883,Pyawbwe,Mandalay
Site 2883,95.836304,20.748418,Pyawbwe,Mandalay
Site 2884,95.78843,20.756004,Pyawbwe,Mandalay
Site 2885,95.733724,20.532009,Pyawbwe,Mandalay
Site 2886,95.683467,20.601753,Pyawbwe,Mandalay
Site 2887,95.94827,20.644974,Pyawbwe,Mandalay
Site 2888,95.735964,20.877966,Pyawbwe,Mandalay
Site 2889,95.884555,20.60307,Pyawbwe,Mandalay
Site 2890,95.955528,20.565852,Pyawbwe,Mandalay
Site 2891,95.97372,20.614169,Pyawbwe,Mandalay
Site 2892,95.758679,20.624922,Pyawbwe,Mandalay
Site 2893,95.811892,20.706618,Pyawbwe,Mandalay
Site 2894,95.646717,20.622198,Pyawbwe,Mandalay
Site 2895,95.697813,20.660681,Pyawbwe,Mandalay
Site 2896,95.956152,20.585176,Pyawbwe,Mandalay
Site 2897,95.889563,20.635624,Pyawbwe,Mandalay
Site 2898,95.804511,20.731356,Pyawbwe,Mandalay
Site 2899,95.641685,20.553435,Pyawbwe,Mandalay
Site 2900,96.184631,20.730518,Pyawbwe,Mandalay
Site 2901,96.056264,20.685715,Pyawbwe,Mandalay
Site 2902,95.799616,20.523671,Pyawbwe,Mandalay
Site 2903,95.741994,20.477525,Pyawbwe,Mandalay
Site 2904,95.73291,20.838744,Pyawbwe,Mandalay
Site 2905,95.77636,20.873529,Pyawbwe,Mandalay
Site 2906,95.931725,20.702114,Pyawbwe,Mandalay
Site 2907,95.863233,20.793028,Pyawbwe,Mandalay
Site 2908,95.914081,20.572081,Pyawbwe,Mandalay
Site 2909,95.650276,20.681374,Pyawbwe,Mandalay
Site 2910,95.983968,20.608735,Pyawbwe,Mandalay
Site 2911,95.885213,20.537897,Pyawbwe,Mandalay
Site 2912,96.019914,20.774362,Pyawbwe,Mandalay
Site 2913,95.786751,20.669387,Pyawbwe,Mandalay
Site 2914,95.815365,20.511052,Pyawbwe,Mandalay
Site 2915,95.78974,20.653735,Pyawbwe,Mandalay
Site 2916,95.760444,20.757223,Pyawbwe,Mandalay
Site 2917,95.982146,20.699398,Pyawbwe,Mandalay
Site 2918,96.048419,23.018338,Thabeikkyin,Mandalay
Site 2919,96.080232,23.03434,Thabeikkyin,Mandalay
Site 2920,96.0504,22.990774,Thabeikkyin,Mandalay
Site 2921,95.999598,22.869877,Thabeikkyin,Mandalay
Site 2922,96.03914,22.806223,Thabeikkyin,Mandalay
Site 2923,96.05059,22.826121,Thabeikkyin,Mandalay
Site 2924,96.146179,22.705585,Thabeikkyin,Mandalay
Site 2925,96.03641,22.703796,Thabeikkyin,Mandalay
Site 2926,96.260475,22.870645,Thabeikkyin,Mandalay
Site 2927,96.226566,22.72288,Thabeikkyin,Mandalay
Site 2928,95.950205,22.913262,Thabeikkyin,Mandalay
Site 2929,95.981027,22.934086,Thabeikkyin,Mandalay
Site 2930,96.219569,22.750768,Thabeikkyin,Mandalay
Site 2931,96.092948,22.865281,Thabeikkyin,Mandalay
Site 2932,96.004632,22.745363,Thabeikkyin,Mandalay
Site 2933,95.903775,22.763354,Thabeikkyin,Mandalay
Site 2934,95.722928,22.787625,Thabeikkyin,Mandalay
Site 2935,96.171925,22.66097,Thabeikkyin,Mandalay
Site 2936,95.894801,23.018618,Thabeikkyin,Mandalay
Site 2937,95.917594,22.974897,Thabeikkyin,Mandalay
Site 2938,96.00196,22.853372,Thabeikkyin,Mandalay
Site 2939,95.801717,22.807833,Thabeikkyin,Mandalay
Site 2940,95.93623,22.754717,Thabeikkyin,Mandalay
Site 2941,96.039197,22.588898,Thabeikkyin,Mandalay
Site 2942,95.938251,22.901734,Thabeikkyin,Mandalay
Site 2943,96.111818,22.617957,Thabeikkyin,Mandalay
Site 2944,95.927323,22.829975,Thabeikkyin,Mandalay
Site 2945,96.11581,22.92325,Thabeikkyin,Mandalay
Site 2946,96.283378,22.728932,Thabeikkyin,Mandalay
Site 2947,96.037671,22.944046,Thabeikkyin,Mandalay
Site 2948,95.70564,22.830879,Thabeikkyin,Mandalay
Site 2949,95.791268,22.782339,Thabeikkyin,Mandalay
Site 2950,96.123507,22.565371,Thabeikkyin,Mandalay
Site 2951,96.005511,22.982688,Thabeikkyin,Mandalay
Site 2952,96.07673,22.977563,Thabeikkyin,Mandalay
Site 2953,95.779776,22.892795,Thabeikkyin,Mandalay
Site 2954,96.067712,22.934594,Thabeikkyin,Mandalay
Site 2955,95.960569,20.431335,Mahlaing,Mandalay
Site 2956,95.52989,20.260722,Mahlaing,Mandalay
Site 2957,95.852147,20.1999,Mahlaing,Mandalay
Site 2958,95.781314,20.300674,Mahlaing,Mandalay
Site 2959,95.674342,20.455012,Mahlaing,Mandalay
Site 2960,95.831084,20.280331,Mahlaing,Mandalay
Site 2961,95.813749,20.373348,Mahlaing,Mandalay
Site 2962,95.968327,20.299156,Mahlaing,Mandalay
Site 2963,95.750946,20.330172,Mahlaing,Mandalay
Site 2964,95.62819,20.341156,Mahlaing,Mandalay
Site 2965,95.543951,20.28673,Mahlaing,Mandalay
Site 2966,95.797583,20.1892,Mahlaing,Mandalay
Site 2967,95.926049,20.021319,Mahlaing,Mandalay
Site 2968,95.535295,20.283852,Mahlaing,Mandalay
Site 2969,95.759488,20.289609,Mahlaing,Mandalay
Site 2970,95.864814,20.240055,Mahlaing,Mandalay
Site 2971,95.786191,20.1864,Mahlaing,Mandalay
Site 2972,95.726668,20.440436,Mahlaing,Mandalay
Site 2973,95.82795,20.197704,Mahlaing,Mandalay
Site 2974,95.873759,20.396841,Mahlaing,Mandalay
Site 2975,95.701387,20.536468,Mahlaing,Mandalay
Site 2976,95.563393,20.371659,Mahlaing,Mandalay
Site 2977,96.060151,20.354623,Mahlaing,Mandalay
Site 2978,95.659199,20.48388,Mahlaing,Mandalay
Site 2979,95.79869,20.323436,Mahlaing,Mandalay
Site 2980,95.948495,20.257195,Mahlaing,Mandalay
Site 2981,95.955453,20.47282,Mahlaing,Mandalay
Site 2982,95.640743,20.374623,Mahlaing,Mandalay
Site 2983,94.964205,16.970135,Pathein,Ayeyarwady
Site 2984,94.792282,16.869662,Pathein,Ayeyarwady
Site 2985,94.979984,16.868352,Pathein,Ayeyarwady
Site 2986,94.725753,16.397818,Pathein,Ayeyarwady
Site 2987,94.629911,16.739227,Pathein,Ayeyarwady
Site 2988,94.586191,16.756802,Pathein,Ayeyarwady
Site 2989,94.76236,16.607768,Pathein,Ayeyarwady
Site 2990,94.684834,16.747067,Pathein,Ayeyarwady
Site 2991,94.924974,16.827615,Pathein,Ayeyarwady
Site 2992,94.857922,16.768443,Pathein,Ayeyarwady
Site 2993,94.659938,16.731587,Pathein,Ayeyarwady
Site 2994,94.962011,16.992955,Pathein,Ayeyarwady
Site 2995,94.785849,16.741693,Pathein,Ayeyarwady
Site 2996,94.814202,16.75139,Pathein,Ayeyarwady
Site 2997,94.590533,16.906507,Pathein,Ayeyarwady
Site 2998,94.829355,16.803961,Pathein,Ayeyarwady
Site 2999,94.928019,16.86084,Pathein,Ayeyarwady
Site 3000,94.735267,16.592492,Pathein,Ayeyarwady
Site 3001,94.727192,17.055185,Pathein,Ayeyarwady
Site 3002,94.797467,16.734929,Pathein,Ayeyarwady
Site 3003,94.73454,16.613656,Pathein,Ayeyarwady
Site 3004,94.808645,17.062046,Pathein,Ayeyarwady
Site 3005,94.634178,16.820319,Pathein,Ayeyarwady
Site 3006,94.942111,16.824543,Pathein,Ayeyarwady
Site 3007,94.633527,16.772839,Pathein,Ayeyarwady
Site 3008,94.797465,16.806021,Pathein,Ayeyarwady
Site 3009,94.9659,16.750551,Pathein,Ayeyarwady
Site 3010,94.645484,16.578561,Pathein,Ayeyarwady
Site 3011,94.455946,16.940338,Pathein,Ayeyarwady
Site 3012,94.721421,16.727932,Pathein,Ayeyarwady
Site 3013,94.783152,16.852518,Pathein,Ayeyarwady
Site 3014,94.609029,16.618059,Pathein,Ayeyarwady
Site 3015,94.685949,16.837748,Pathein,Ayeyarwady
Site 3016,94.962484,16.956404,Pathein,Ayeyarwady
Site 3017,94.895275,16.844875,Pathein,Ayeyarwady
Site 3018,94.545178,16.867166,Pathein,Ayeyarwady
Site 3019,94.726132,16.730838,Pathein,Ayeyarwady
Site 3020,94.515,16.681162,Pathein,Ayeyarwady
Site 3021,94.765829,16.858698,Pathein,Ayeyarwady
Site 3022,94.887216,16.704185,Pathein,Ayeyarwady
Site 3023,94.809828,16.930841,Pathein,Ayeyarwady
Site 3024,94.676459,16.655153,Pathein,Ayeyarwady
Site 3025,94.774001,16.841121,Pathein,Ayeyarwady
Site 3026,94.634053,16.888459,Pathein,Ayeyarwady
Site 3027,94.620555,16.654013,Pathein,Ayeyarwady
Site 3028,94.758427,16.707962,Pathein,Ayeyarwady
Site 3029,94.788201,16.814677,Pathein,Ayeyarwady
Site 3030,94.796412,16.76599,Pathein,Ayeyarwady
Site 3031,94.614495,16.763468,Pathein,Ayeyarwady
Site 3032,94.881558,16.737132,Pathein,Ayeyarwady
Site 3033,94.863735,16.864567,Pathein,Ayeyarwady
Site 3034,94.766429,16.823329,Pathein,Ayeyarwady
Site 3035,94.605276,16.842318,Pathein,Ayeyarwady
Site 3036,94.807899,16.926187,Pathein,Ayeyarwady
Site 3037,94.436876,16.595384,Pathein,Ayeyarwady
Site 3038,94.76238,16.945419,Pathein,Ayeyarwady
Site 3039,94.724871,16.756577,Pathein,Ayeyarwady
Site 3040,94.701961,16.912791,Pathein,Ayeyarwady
Site 3041,94.580435,16.700062,Pathein,Ayeyarwady
Site 3042,94.580827,16.754075,Pathein,Ayeyarwady
Site 3043,94.799126,16.914522,Pathein,Ayeyarwady
Site 3044,94.670784,16.674603,Pathein,Ayeyarwady
Site 3045,94.641038,16.785802,Pathein,Ayeyarwady
Site 3046,94.785571,16.87083,Pathein,Ayeyarwady
Site 3047,94.801041,16.691868,Pathein,Ayeyarwady
Site 3048,94.747969,16.90394,Pathein,Ayeyarwady
Site 3049,94.760348,16.856361,Pathein,Ayeyarwady
Site 3050,94.859789,16.756447,Pathein,Ayeyarwady
Site 3051,94.769852,16.824587,Pathein,Ayeyarwady
Site 3052,94.830206,16.756709,Pathein,Ayeyarwady
Site 3053,94.823962,16.780162,Pathein,Ayeyarwady
Site 3054,94.701176,16.604839,Pathein,Ayeyarwady
Site 3055,94.74515,16.774397,Pathein,Ayeyarwady
Site 3056,94.850887,16.528672,Pathein,Ayeyarwady
Site 3057,94.690876,16.827319,Pathein,Ayeyarwady
Site 3058,94.564387,16.643551,Pathein,Ayeyarwady
Site 3059,94.854598,17.029268,Pathein,Ayeyarwady
Site 3060,94.56159,16.956065,Pathein,Ayeyarwady
Site 3061,94.691592,16.731976,Pathein,Ayeyarwady
Site 3062,94.791502,16.650593,Pathein,Ayeyarwady
Site 3063,94.721975,16.763891,Pathein,Ayeyarwady
Site 3064,94.681096,16.804373,Pathein,Ayeyarwady
Site 3065,94.812105,16.688784,Pathein,Ayeyarwady
Site 3066,94.565882,16.74669,Pathein,Ayeyarwady
Site 3067,94.865461,16.694884,Pathein,Ayeyarwady
Site 3068,95.017408,16.741228,Pathein,Ayeyarwady
Site 3069,94.640435,16.706365,Pathein,Ayeyarwady
Site 3070,94.623215,16.877269,Pathein,Ayeyarwady
Site 3071,94.825581,16.737659,Pathein,Ayeyarwady
Site 3072,94.519975,16.994925,Pathein,Ayeyarwady
Site 3073,94.810369,16.928629,Pathein,Ayeyarwady
Site 3074,94.778632,16.72131,Pathein,Ayeyarwady
Site 3075,94.698279,16.952246,Pathein,Ayeyarwady
Site 3076,94.56422,16.884913,Pathein,Ayeyarwady
Site 3077,94.61877,16.790671,Pathein,Ayeyarwady
Site 3078,94.778339,16.542096,Pathein,Ayeyarwady
Site 3079,94.598669,16.582825,Pathein,Ayeyarwady
Site 3080,94.858555,17.129525,Pathein,Ayeyarwady
Site 3081,94.702763,16.638809,Pathein,Ayeyarwady
Site 3082,94.66171,16.634284,Pathein,Ayeyarwady
Site 3083,94.792188,16.627141,Pathein,Ayeyarwady
Site 3084,94.689671,16.931514,Pathein,Ayeyarwady
Site 3085,94.782208,16.535689,Pathein,Ayeyarwady
Site 3086,94.724206,16.921185,Pathein,Ayeyarwady
Site 3087,94.553631,16.730144,Pathein,Ayeyarwady
Site 3088,94.664923,16.737075,Pathein,Ayeyarwady
Site 3089,94.800355,16.73361,Pathein,Ayeyarwady
Site 3090,94.765107,16.57796,Pathein,Ayeyarwady
Site 3091,94.855531,16.526319,Pathein,Ayeyarwady
Site 3092,94.565007,16.799261,Pathein,Ayeyarwady
Site 3093,94.650803,16.702572,Pathein,Ayeyarwady
Site 3094,94.976348,16.827177,Pathein,Ayeyarwady
Site 3095,94.848111,16.555165,Pathein,Ayeyarwady
Site 3096,94.821488,16.754998,Pathein,Ayeyarwady
Site 3097,94.92458,16.747073,Pathein,Ayeyarwady
Site 3098,94.704855,16.840251,Pathein,Ayeyarwady
Site 3099,94.46925,16.740366,Pathein,Ayeyarwady
Site 3100,94.697912,16.856837,Pathein,Ayeyarwady
Site 3101,94.62747,16.863154,Pathein,Ayeyarwady
Site 3102,94.676394,16.91822,Pathein,Ayeyarwady
Site 3103,94.592352,16.68182,Pathein,Ayeyarwady
Site 3104,94.644541,16.694441,Pathein,Ayeyarwady
Site 3105,95.00134,16.863079,Pathein,Ayeyarwady
Site 3106,94.779559,16.682721,Pathein,Ayeyarwady
Site 3107,94.709455,16.967204,Pathein,Ayeyarwady
Site 3108,94.719733,16.592399,Pathein,Ayeyarwady
Site 3109,94.595096,16.670734,Pathein,Ayeyarwady
Site 3110,94.852184,16.87178,Pathein,Ayeyarwady
Site 3111,94.74553,16.725654,Pathein,Ayeyarwady
Site 3112,94.709805,16.892455,Pathein,Ayeyarwady
Site 3113,94.749973,16.846635,Pathein,Ayeyarwady
Site 3114,94.728438,16.774892,Pathein,Ayeyarwady
Site 3115,94.686,16.886946,Pathein,Ayeyarwady
Site 3116,95.026905,16.633368,Pathein,Ayeyarwady
Site 3117,94.743054,16.733334,Pathein,Ayeyarwady
Site 3118,94.734767,16.753862,Pathein,Ayeyarwady
Site 3119,94.613385,16.799434,Pathein,Ayeyarwady
Site 3120,94.680469,16.775444,Pathein,Ayeyarwady
Site 3121,94.621821,16.930722,Pathein,Ayeyarwady
Site 3122,94.636547,16.971855,Pathein,Ayeyarwady
Site 3123,94.944088,16.804485,Pathein,Ayeyarwady
Site 3124,94.803801,16.85025,Pathein,Ayeyarwady
Site 3125,94.848171,16.705705,Pathein,Ayeyarwady
Site 3126,94.731091,16.785631,Pathein,Ayeyarwady
Site 3127,94.738958,16.733105,Pathein,Ayeyarwady
Site 3128,94.841142,16.622736,Pathein,Ayeyarwady
Site 3129,94.772666,16.924354,Pathein,Ayeyarwady
Site 3130,94.620886,16.837152,Pathein,Ayeyarwady
Site 3131,95.011576,16.649544,Pathein,Ayeyarwady
Site 3132,94.741616,16.724585,Pathein,Ayeyarwady
Site 3133,94.829335,16.82718,Pathein,Ayeyarwady
Site 3134,94.774197,16.854783,Pathein,Ayeyarwady
Site 3135,94.838359,16.709689,Pathein,Ayeyarwady
Site 3136,94.637523,16.961795,Pathein,Ayeyarwady
Site 3137,94.848195,16.742355,Pathein,Ayeyarwady
Site 3138,94.782981,16.750781,Pathein,Ayeyarwady
Site 3139,94.570641,16.543954,Pathein,Ayeyarwady
Site 3140,94.849027,16.781494,Pathein,Ayeyarwady
Site 3141,94.816718,16.866816,Pathein,Ayeyarwady
Site 3142,94.677921,16.751926,Pathein,Ayeyarwady
Site 3143,94.637271,16.796053,Pathein,Ayeyarwady
Site 3144,94.871147,16.702664,Pathein,Ayeyarwady
Site 3145,94.624521,16.919462,Pathein,Ayeyarwady
Site 3146,94.676917,16.665007,Pathein,Ayeyarwady
Site 3147,94.945231,16.669028,Pathein,Ayeyarwady
Site 3148,95.448477,17.51539,Hinthada,Ayeyarwady
Site 3149,95.382696,17.702628,Hinthada,Ayeyarwady
Site 3150,95.531487,17.620863,Hinthada,Ayeyarwady
Site 3151,95.525422,17.4644,Hinthada,Ayeyarwady
Site 3152,95.296602,17.729013,Hinthada,Ayeyarwady
Site 3153,95.431413,17.644912,Hinthada,Ayeyarwady
Site 3154,95.436051,17.593515,Hinthada,Ayeyarwady
Site 3155,95.500963,17.663755,Hinthada,Ayeyarwady
Site 3156,95.604032,17.690739,Hinthada,Ayeyarwady
Site 3157,95.528077,17.616352,Hinthada,Ayeyarwady
Site 3158,95.378617,17.502721,Hinthada,Ayeyarwady
Site 3159,95.484469,17.674355,Hinthada,Ayeyarwady
Site 3160,95.452684,17.501143,Hinthada,Ayeyarwady
Site 3161,95.511015,17.54563,Hinthada,Ayeyarwady
Site 3162,95.691708,17.422442,Hinthada,Ayeyarwady
Site 3163,95.296798,17.598051,Hinthada,Ayeyarwady
Site 3164,95.297595,17.463188,Hinthada,Ayeyarwady
Site 3165,95.391158,17.686782,Hinthada,Ayeyarwady
Site 3166,95.408294,17.776505,Hinthada,Ayeyarwady
Site 3167,95.56223,17.664245,Hinthada,Ayeyarwady
Site 3168,95.38905,17.72284,Hinthada,Ayeyarwady
Site 3169,95.468563,17.512146,Hinthada,Ayeyarwady
Site 3170,95.463232,17.677126,Hinthada,Ayeyarwady
Site 3171,95.38112,17.775696,Hinthada,Ayeyarwady
Site 3172,95.528546,17.662408,Hinthada,Ayeyarwady
Site 3173,95.706439,17.868647,Hinthada,Ayeyarwady
Site 3174,95.305427,17.679833,Hinthada,Ayeyarwady
Site 3175,95.500585,17.716381,Hinthada,Ayeyarwady
Site 3176,95.431769,17.525445,Hinthada,Ayeyarwady
Site 3177,95.53348,17.688474,Hinthada,Ayeyarwady
Site 3178,95.481291,17.644775,Hinthada,Ayeyarwady
Site 3179,95.417141,17.699125,Hinthada,Ayeyarwady
Site 3180,95.463722,17.816974,Hinthada,Ayeyarwady
Site 3181,95.42075,17.697633,Hinthada,Ayeyarwady
Site 3182,95.501623,17.648165,Hinthada,Ayeyarwady
Site 3183,95.46734,17.78735,Hinthada,Ayeyarwady
Site 3184,95.397003,17.461381,Hinthada,Ayeyarwady
Site 3185,95.435595,17.490031,Hinthada,Ayeyarwady
Site 3186,95.674665,17.670163,Hinthada,Ayeyarwady
Site 3187,95.388495,17.811455,Hinthada,Ayeyarwady
Site 3188,95.662274,17.454717,Hinthada,Ayeyarwady
Site 3189,95.471971,17.575557,Hinthada,Ayeyarwady
Site 3190,95.279569,17.777833,Hinthada,Ayeyarwady
Site 3191,95.396633,17.604056,Hinthada,Ayeyarwady
Site 3192,95.415034,17.776988,Hinthada,Ayeyarwady
Site 3193,95.351873,17.671089,Hinthada,Ayeyarwady
Site 3194,95.828613,17.707417,Hinthada,Ayeyarwady
Site 3195,95.586052,17.750471,Hinthada,Ayeyarwady
Site 3196,95.486199,17.76593,Hinthada,Ayeyarwady
Site 3197,95.61997,17.570446,Hinthada,Ayeyarwady
Site 3198,95.606411,17.656587,Hinthada,Ayeyarwady
Site 3199,95.484625,17.662699,Hinthada,Ayeyarwady
Site 3200,95.373841,17.675408,Hinthada,Ayeyarwady
Site 3201,95.422022,17.773459,Hinthada,Ayeyarwady
Site 3202,95.544716,17.651959,Hinthada,Ayeyarwady
Site 3203,95.446449,17.790116,Hinthada,Ayeyarwady
Site 3204,95.536764,17.809478,Hinthada,Ayeyarwady
Site 3205,95.549927,17.805073,Hinthada,Ayeyarwady
Site 3206,95.724424,17.778765,Hinthada,Ayeyarwady
Site 3207,95.53124,17.690011,Hinthada,Ayeyarwady
Site 3208,95.197332,17.513798,Hinthada,Ayeyarwady
Site 3209,95.603908,17.546975,Hinthada,Ayeyarwady
Site 3210,95.356649,17.391274,Hinthada,Ayeyarwady
Site 3211,95.331302,17.649141,Hinthada,Ayeyarwady
Site 3212,95.383311,17.656631,Hinthada,Ayeyarwady
Site 3213,95.445841,17.477342,Hinthada,Ayeyarwady
Site 3214,95.582801,17.650156,Hinthada,Ayeyarwady
Site 3215,95.431962,17.786338,Hinthada,Ayeyarwady
Site 3216,95.599629,17.702644,Hinthada,Ayeyarwady
Site 3217,95.494575,17.61829,Hinthada,Ayeyarwady
Site 3218,95.555671,17.572317,Hinthada,Ayeyarwady
Site 3219,95.633153,17.772782,Hinthada,Ayeyarwady
Site 3220,95.430136,17.34011,Hinthada,Ayeyarwady
Site 3221,95.463585,17.634831,Hinthada,Ayeyarwady
Site 3222,95.518161,17.464997,Hinthada,Ayeyarwady
Site 3223,95.569926,17.629257,Hinthada,Ayeyarwady
Site 3224,95.575165,17.394796,Hinthada,Ayeyarwady
Site 3225,95.382017,17.72065,Hinthada,Ayeyarwady
Site 3226,95.426977,17.646234,Hinthada,Ayeyarwady
Site 3227,95.271536,17.548473,Hinthada,Ayeyarwady
Site 3228,95.413341,17.593834,Hinthada,Ayeyarwady
Site 3229,95.533517,17.47322,Hinthada,Ayeyarwady
Site 3230,95.424964,17.675045,Hinthada,Ayeyarwady
Site 3231,95.374321,17.607438,Hinthada,Ayeyarwady
Site 3232,95.185044,17.623577,Hinthada,Ayeyarwady
Site 3233,95.453809,17.686603,Hinthada,Ayeyarwady
Site 3234,95.525636,17.623408,Hinthada,Ayeyarwady
Site 3235,95.73182,17.548135,Hinthada,Ayeyarwady
Site 3236,95.358873,17.623013,Hinthada,Ayeyarwady
Site 3237,95.335991,17.776533,Hinthada,Ayeyarwady
Site 3238,95.290366,17.670093,Hinthada,Ayeyarwady
Site 3239,95.303539,17.816537,Hinthada,Ayeyarwady
Site 3240,95.426133,17.700452,Hinthada,Ayeyarwady
Site 3241,95.736143,17.677385,Hinthada,Ayeyarwady
Site 3242,95.283119,17.638369,Hinthada,Ayeyarwady
Site 3243,95.168478,17.716959,Hinthada,Ayeyarwady
Site 3244,95.54014,17.686378,Hinthada,Ayeyarwady
Site 3245,95.275054,17.533027,Hinthada,Ayeyarwady
Site 3246,95.475935,17.717508,Hinthada,Ayeyarwady
Site 3247,95.312319,17.605479,Hinthada,Ayeyarwady
Site 3248,95.300605,17.678764,Hinthada,Ayeyarwady
Site 3249,95.52976,17.342367,Hinthada,Ayeyarwady
Site 3250,95.446324,17.734747,Hinthada,Ayeyarwady
Site 3251,95.414672,17.65326,Hinthada,Ayeyarwady
Site 3252,95.480596,17.476433,Hinthada,Ayeyarwady
Site 3253,95.493455,17.495715,Hinthada,Ayeyarwady
Site 3254,95.634184,17.746757,Hinthada,Ayeyarwady
Site 3255,95.352961,17.489055,Hinthada,Ayeyarwady
Site 3256,95.547715,17.435257,Hinthada,Ayeyarwady
Site 3257,95.506079,17.598402,Hinthada,Ayeyarwady
Site 3258,95.36505,17.671844,Hinthada,Ayeyarwady
Site 3259,95.473693,17.666672,Hinthada,Ayeyarwady
Site 3260,95.386755,17.75612,Hinthada,Ayeyarwady
Site 3261,95.349023,17.556542,Hinthada,Ayeyarwady
Site 3262,95.473806,17.977029,Hinthada,Ayeyarwady
Site 3263,95.467562,17.922731,Hinthada,Ayeyarwady
Site 3264,95.270387,17.703355,Hinthada,Ayeyarwady
Site 3265,95.67679,17.755755,Hinthada,Ayeyarwady
Site 3266,95.581576,17.600475,Hinthada,Ayeyarwady
Site 3267,95.465371,17.631988,Hinthada,Ayeyarwady
Site 3268,95.733297,17.794451,Hinthada,Ayeyarwady
Site 3269,95.552819,17.725776,Hinthada,Ayeyarwady
Site 3270,95.39732,17.601702,Hinthada,Ayeyarwady
Site 3271,95.490692,17.437678,Hinthada,Ayeyarwady
Site 3272,95.495675,17.818386,Hinthada,Ayeyarwady
Site 3273,95.399653,17.718047,Hinthada,Ayeyarwady
Site 3274,95.213161,17.567426,Hinthada,Ayeyarwady
Site 3275,95.43986,17.596063,Hinthada,Ayeyarwady
Site 3276,95.588585,16.630598,Maubin,Ayeyarwady
Site 3277,95.72283,17.052195,Maubin,Ayeyarwady
Site 3278,95.671498,16.576447,Maubin,Ayeyarwady
Site 3279,95.375692,16.842314,Maubin,Ayeyarwady
Site 3280,95.664269,16.547521,Maubin,Ayeyarwady
Site 3281,95.742296,16.917583,Maubin,Ayeyarwady
Site 3282,95.707804,16.769613,Maubin,Ayeyarwady
Site 3283,95.501013,16.994687,Maubin,Ayeyarwady
Site 3284,95.620154,16.762668,Maubin,Ayeyarwady
Site 3285,95.588088,16.920575,Maubin,Ayeyarwady
Site 3286,95.911749,16.684536,Maubin,Ayeyarwady
Site 3287,95.668047,16.733792,Maubin,Ayeyarwady
Site 3288,95.827177,16.839985,Maubin,Ayeyarwady
Site 3289,95.731327,16.647237,Maubin,Ayeyarwady
Site 3290,95.773063,16.521968,Maubin,Ayeyarwady
Site 3291,95.591663,16.649675,Maubin,Ayeyarwady
Site 3292,95.518645,16.810319,Maubin,Ayeyarwady
Site 3293,95.720269,16.67005,Maubin,Ayeyarwady
Site 3294,95.786057,16.80768,Maubin,Ayeyarwady
Site 3295,95.709085,16.684201,Maubin,Ayeyarwady
Site 3296,95.623948,16.799807,Maubin,Ayeyarwady
Site 3297,95.568586,16.648083,Maubin,Ayeyarwady
Site 3298,95.808863,16.730056,Maubin,Ayeyarwady
Site 3299,95.565017,16.789804,Maubin,Ayeyarwady
Site 3300,95.876407,16.718354,Maubin,Ayeyarwady
Site 3301,95.754475,16.884007,Maubin,Ayeyarwady
Site 3302,95.718545,16.976716,Maubin,Ayeyarwady
Site 3303,95.882403,16.65209,Maubin,Ayeyarwady
Site 3304,95.645673,16.754254,Maubin,Ayeyarwady
Site 3305,95.707115,16.781161,Maubin,Ayeyarwady
Site 3306,95.637863,16.757142,Maubin,Ayeyarwady
Site 3307,95.566663,16.617159,Maubin,Ayeyarwady
Site 3308,95.696883,16.718233,Maubin,Ayeyarwady
Site 3309,95.681665,16.747212,Maubin,Ayeyarwady
Site 3310,95.917802,16.835874,Maubin,Ayeyarwady
Site 3311,95.607143,16.679768,Maubin,Ayeyarwady
Site 3312,95.652052,16.814341,Maubin,Ayeyarwady
Site 3313,95.690206,16.523834,Maubin,Ayeyarwady
Site 3314,95.701189,16.710086,Maubin,Ayeyarwady
Site 3315,95.531486,16.720747,Maubin,Ayeyarwady
Site 3316,95.422888,16.682118,Maubin,Ayeyarwady
Site 3317,95.842873,16.777085,Maubin,Ayeyarwady
Site 3318,95.783531,17.001379,Maubin,Ayeyarwady
Site 3319,95.603391,16.706948,Maubin,Ayeyarwady
Site 3320,95.76877,16.546167,Maubin,Ayeyarwady
Site 3321,95.754585,16.803794,Maubin,Ayeyarwady
Site 3322,95.810512,16.795476,Maubin,Ayeyarwady
Site 3323,95.79153,16.750856,Maubin,Ayeyarwady
Site 3324,95.642966,16.53911,Maubin,Ayeyarwady
Site 3325,95.696405,16.630373,Maubin,Ayeyarwady
Site 3326,95.617512,16.658562,Maubin,Ayeyarwady
Site 3327,95.806248,16.695199,Maubin,Ayeyarwady
Site 3328,95.633344,16.662994,Maubin,Ayeyarwady
Site 3329,95.467378,16.557603,Maubin,Ayeyarwady
Site 3330,95.728902,16.682268,Maubin,Ayeyarwady
Site 3331,95.622061,16.843916,Maubin,Ayeyarwady
Site 3332,95.531928,16.905385,Maubin,Ayeyarwady
Site 3333,95.587857,16.771073,Maubin,Ayeyarwady
Site 3334,95.591261,16.742139,Maubin,Ayeyarwady
Site 3335,95.648349,16.704657,Maubin,Ayeyarwady
Site 3336,95.740079,17.055908,Maubin,Ayeyarwady
Site 3337,95.817113,16.730802,Maubin,Ayeyarwady
Site 3338,95.674565,16.810993,Maubin,Ayeyarwady
Site 3339,95.131008,16.845169,Maubin,Ayeyarwady
Site 3340,95.750414,16.598496,Maubin,Ayeyarwady
Site 3341,95.640775,16.964207,Maubin,Ayeyarwady
Site 3342,95.655063,16.60998,Maubin,Ayeyarwady
Site 3343,95.775977,16.650706,Maubin,Ayeyarwady
Site 3344,95.765669,16.749787,Maubin,Ayeyarwady
Site 3345,95.68202,16.829996,Maubin,Ayeyarwady
Site 3346,95.641184,16.750094,Maubin,Ayeyarwady
Site 3347,95.515855,16.624571,Maubin,Ayeyarwady
Site 3348,95.476587,16.807209,Maubin,Ayeyarwady
Site 3349,95.510491,16.661414,Maubin,Ayeyarwady
Site 3350,95.652482,16.815654,Maubin,Ayeyarwady
Site 3351,95.64764,16.795039,Maubin,Ayeyarwady
Site 3352,95.382298,16.711521,Maubin,Ayeyarwady
Site 3353,95.687393,16.671606,Maubin,Ayeyarwady
Site 3354,95.853458,16.579509,Maubin,Ayeyarwady
Site 3355,95.615847,16.680548,Maubin,Ayeyarwady
Site 3356,95.698001,16.624331,Maubin,Ayeyarwady
Site 3357,95.708774,16.904489,Maubin,Ayeyarwady
Site 3358,95.577544,16.551825,Maubin,Ayeyarwady
Site 3359,95.850637,16.672505,Maubin,Ayeyarwady
Site 3360,95.728397,16.785923,Maubin,Ayeyarwady
Site 3361,95.828261,16.581291,Maubin,Ayeyarwady
Site 3362,95.7042,16.590195,Maubin,Ayeyarwady
Site 3363,95.634109,16.641757,Maubin,Ayeyarwady
Site 3364,95.693599,16.588152,Maubin,Ayeyarwady
Site 3365,95.596132,16.710109,Maubin,Ayeyarwady
Site 3366,95.573039,16.952634,Maubin,Ayeyarwady
Site 3367,95.913142,16.698738,Maubin,Ayeyarwady
Site 3368,94.85627,16.597351,Myaungmya,Ayeyarwady
Site 3369,94.860761,16.552175,Myaungmya,Ayeyarwady
Site 3370,94.967361,16.67059,Myaungmya,Ayeyarwady
Site 3371,95.040456,16.685578,Myaungmya,Ayeyarwady
Site 3372,94.935118,16.476396,Myaungmya,Ayeyarwady
Site 3373,94.918827,16.495887,Myaungmya,Ayeyarwady
Site 3374,94.837249,16.524202,Myaungmya,Ayeyarwady
Site 3375,94.917777,16.61361,Myaungmya,Ayeyarwady
Site 3376,95.069413,16.545055,Myaungmya,Ayeyarwady
Site 3377,94.941451,16.582716,Myaungmya,Ayeyarwady
Site 3378,94.890847,16.617249,Myaungmya,Ayeyarwady
Site 3379,95.014735,16.46188,Myaungmya,Ayeyarwady
Site 3380,94.831359,16.571194,Myaungmya,Ayeyarwady
Site 3381,94.886618,16.47547,Myaungmya,Ayeyarwady
Site 3382,94.927648,16.776633,Myaungmya,Ayeyarwady
Site 3383,95.025018,16.602853,Myaungmya,Ayeyarwady
Site 3384,94.9676,16.773392,Myaungmya,Ayeyarwady
Site 3385,95.073648,16.63138,Myaungmya,Ayeyarwady
Site 3386,95.065561,16.524644,Myaungmya,Ayeyarwady
Site 3387,94.941377,16.684145,Myaungmya,Ayeyarwady
Site 3388,94.891759,16.614685,Myaungmya,Ayeyarwady
Site 3389,95.00554,16.577006,Myaungmya,Ayeyarwady
Site 3390,94.853854,16.814034,Myaungmya,Ayeyarwady
Site 3391,94.678464,16.711839,Myaungmya,Ayeyarwady
Site 3392,95.084586,16.558064,Myaungmya,Ayeyarwady
Site 3393,95.149276,16.579189,Myaungmya,Ayeyarwady
Site 3394,95.082424,16.50979,Myaungmya,Ayeyarwady
Site 3395,94.676868,16.544556,Myaungmya,Ayeyarwady
Site 3396,94.996235,16.544855,Myaungmya,Ayeyarwady
Site 3397,94.893442,16.506486,Myaungmya,Ayeyarwady
Site 3398,95.109464,16.680501,Myaungmya,Ayeyarwady
Site 3399,94.843121,16.604304,Myaungmya,Ayeyarwady
Site 3400,95.051598,16.692802,Myaungmya,Ayeyarwady
Site 3401,95.023193,16.686592,Myaungmya,Ayeyarwady
Site 3402,94.860453,16.693659,Myaungmya,Ayeyarwady
Site 3403,94.802369,16.553001,Myaungmya,Ayeyarwady
Site 3404,94.825626,16.850862,Myaungmya,Ayeyarwady
Site 3405,95.103837,16.340637,Myaungmya,Ayeyarwady
Site 3406,94.802996,16.654696,Myaungmya,Ayeyarwady
Site 3407,94.945658,16.673961,Myaungmya,Ayeyarwady
Site 3408,95.053307,16.476678,Myaungmya,Ayeyarwady
Site 3409,94.757257,16.574828,Myaungmya,Ayeyarwady
Site 3410,94.606272,16.557966,Myaungmya,Ayeyarwady
Site 3411,94.985026,16.730208,Myaungmya,Ayeyarwady
Site 3412,94.849894,16.596057,Myaungmya,Ayeyarwady
Site 3413,94.901818,16.611715,Myaungmya,Ayeyarwady
Site 3414,94.903291,16.70025,Myaungmya,Ayeyarwady
Site 3415,95.04206,16.702293,Myaungmya,Ayeyarwady
Site 3416,94.777801,16.724016,Myaungmya,Ayeyarwady
Site 3417,94.958072,16.539512,Myaungmya,Ayeyarwady
Site 3418,94.810836,16.399427,Myaungmya,Ayeyarwady
Site 3419,95.085964,16.723301,Myaungmya,Ayeyarwady
Site 3420,94.79496,16.459918,Myaungmya,Ayeyarwady
Site 3421,95.202151,16.625388,Myaungmya,Ayeyarwady
Site 3422,94.814497,16.547243,Myaungmya,Ayeyarwady
Site 3423,94.972881,16.581338,Myaungmya,Ayeyarwady
Site 3424,94.995256,16.768876,Myaungmya,Ayeyarwady
Site 3425,95.00834,16.482403,Myaungmya,Ayeyarwady
Site 3426,94.80106,16.808599,Myaungmya,Ayeyarwady
Site 3427,94.940651,16.850405,Myaungmya,Ayeyarwady
Site 3428,94.891659,16.365835,Myaungmya,Ayeyarwady
Site 3429,94.997285,16.410524,Myaungmya,Ayeyarwady
Site 3430,95.073222,16.785814,Myaungmya,Ayeyarwady
Site 3431,94.835914,16.708225,Myaungmya,Ayeyarwady
Site 3432,94.71161,16.78012,Myaungmya,Ayeyarwady
Site 3433,95.109894,16.591085,Myaungmya,Ayeyarwady
Site 3434,94.819101,16.645438,Myaungmya,Ayeyarwady
Site 3435,94.715016,16.506005,Myaungmya,Ayeyarwady
Site 3436,94.852609,16.760091,Myaungmya,Ayeyarwady
Site 3437,95.084119,16.518602,Myaungmya,Ayeyarwady
Site 3438,94.993271,16.381978,Myaungmya,Ayeyarwady
Site 3439,95.066231,16.603558,Myaungmya,Ayeyarwady
Site 3440,94.994243,16.529418,Myaungmya,Ayeyarwady
Site 3441,95.911722,16.348249,Pyapon,Ayeyarwady
Site 3442,95.689455,16.348052,Pyapon,Ayeyarwady
Site 3443,95.643855,16.309185,Pyapon,Ayeyarwady
Site 3444,95.595935,16.385837,Pyapon,Ayeyarwady
Site 3445,95.640633,16.317815,Pyapon,Ayeyarwady
Site 3446,95.75856,16.370793,Pyapon,Ayeyarwady
Site 3447,95.863922,16.417833,Pyapon,Ayeyarwady
Site 3448,95.654497,16.181152,Pyapon,Ayeyarwady
Site 3449,95.661013,16.255804,Pyapon,Ayeyarwady
Site 3450,95.664147,16.403343,Pyapon,Ayeyarwady
Site 3451,95.534063,16.288878,Pyapon,Ayeyarwady
Site 3452,95.749792,16.404056,Pyapon,Ayeyarwady
Site 3453,95.633442,16.368485,Pyapon,Ayeyarwady
Site 3454,95.781656,16.343774,Pyapon,Ayeyarwady
Site 3455,95.726038,16.351446,Pyapon,Ayeyarwady
Site 3456,95.686251,16.149817,Pyapon,Ayeyarwady
Site 3457,95.608965,16.367945,Pyapon,Ayeyarwady
Site 3458,95.703354,16.488604,Pyapon,Ayeyarwady
Site 3459,95.713847,16.234009,Pyapon,Ayeyarwady
Site 3460,95.794493,16.169898,Pyapon,Ayeyarwady
Site 3461,95.788496,16.439968,Pyapon,Ayeyarwady
Site 3462,95.651397,16.440096,Pyapon,Ayeyarwady
Site 3463,95.75612,16.293149,Pyapon,Ayeyarwady
Site 3464,95.593536,16.035923,Pyapon,Ayeyarwady
Site 3465,95.690414,16.187044,Pyapon,Ayeyarwady
Site 3466,95.439775,16.425127,Pyapon,Ayeyarwady
Site 3467,95.648071,16.528764,Pyapon,Ayeyarwady
Site 3468,95.490663,16.187226,Pyapon,Ayeyarwady
Site 3469,95.706161,16.318095,Pyapon,Ayeyarwady
Site 3470,95.710239,16.136469,Pyapon,Ayeyarwady
Site 3471,95.568395,16.040886,Pyapon,Ayeyarwady
Site 3472,95.709815,16.112834,Pyapon,Ayeyarwady
Site 3473,95.698706,16.331772,Pyapon,Ayeyarwady
Site 3474,95.900786,16.31988,Pyapon,Ayeyarwady
Site 3475,95.859706,16.265091,Pyapon,Ayeyarwady
Site 3476,95.503004,16.239441,Pyapon,Ayeyarwady
Site 3477,95.663001,16.33047,Pyapon,Ayeyarwady
Site 3478,95.79714,16.207078,Pyapon,Ayeyarwady
Site 3479,95.618476,16.017622,Pyapon,Ayeyarwady
Site 3480,95.759347,16.352559,Pyapon,Ayeyarwady
Site 3481,95.645272,16.493613,Pyapon,Ayeyarwady
Site 3482,95.735948,16.290246,Pyapon,Ayeyarwady
Site 3483,95.534943,16.337567,Pyapon,Ayeyarwady
Site 3484,95.48091,16.257618,Pyapon,Ayeyarwady
Site 3485,95.64831,16.316272,Pyapon,Ayeyarwady
Site 3486,95.412928,16.260165,Pyapon,Ayeyarwady
Site 3487,95.721917,16.156982,Pyapon,Ayeyarwady
Site 3488,95.770403,16.296049,Pyapon,Ayeyarwady
Site 3489,95.694623,16.233659,Pyapon,Ayeyarwady
Site 3490,95.567608,16.382091,Pyapon,Ayeyarwady
Site 3491,95.539992,16.22382,Pyapon,Ayeyarwady
Site 3492,95.719885,16.292213,Pyapon,Ayeyarwady
Site 3493,95.59121,16.460252,Pyapon,Ayeyarwady
Site 3494,95.679805,16.288325,Pyapon,Ayeyarwady
Site 3495,95.752017,16.331474,Pyapon,Ayeyarwady
Site 3496,95.629388,16.396306,Pyapon,Ayeyarwady
Site 3497,95.72346,16.078576,Pyapon,Ayeyarwady
Site 3498,95.646948,16.488963,Pyapon,Ayeyarwady
Site 3499,95.488022,16.03744,Pyapon,Ayeyarwady
Site 3500,95.687028,16.388058,Pyapon,Ayeyarwady
Site 3501,95.744516,16.416017,Pyapon,Ayeyarwady
Site 3502,95.609871,16.294298,Pyapon,Ayeyarwady
Site 3503,95.646885,16.488043,Pyapon,Ayeyarwady
Site 3504,95.65924,16.219467,Pyapon,Ayeyarwady
Site 3505,95.821988,16.21973,Pyapon,Ayeyarwady
Site 3506,95.677711,16.30852,Pyapon,Ayeyarwady
Site 3507,95.551553,16.187367,Pyapon,Ayeyarwady
Site 3508,95.886965,16.214093,Pyapon,Ayeyarwady
Site 3509,95.585168,16.195471,Pyapon,Ayeyarwady
Site 3510,95.770373,16.484406,Pyapon,Ayeyarwady
Site 3511,95.850732,16.377855,Pyapon,Ayeyarwady
Site 3512,95.570225,16.289448,Pyapon,Ayeyarwady
Site 3513,95.789657,16.354999,Pyapon,Ayeyarwady
Site 3514,94.896975,16.010485,Labutta,Ayeyarwady
Site 3515,94.868314,16.108037,Labutta,Ayeyarwady
Site 3516,94.618335,16.36834,Labutta,Ayeyarwady
Site 3517,94.648982,16.136801,Labutta,Ayeyarwady
Site 3518,94.938566,16.004734,Labutta,Ayeyarwady
Site 3519,94.795081,16.442641,Labutta,Ayeyarwady
Site 3520,94.677133,16.117443,Labutta,Ayeyarwady
Site 3521,94.907335,16.013688,Labutta,Ayeyarwady
Site 3522,94.753738,16.336154,Labutta,Ayeyarwady
Site 3523,94.880162,15.986966,Labutta,Ayeyarwady
Site 3524,94.530891,16.165847,Labutta,Ayeyarwady
Site 3525,94.799762,15.861537,Labutta,Ayeyarwady
Site 3526,94.687437,16.124512,Labutta,Ayeyarwady
Site 3527,94.704308,16.085949,Labutta,Ayeyarwady
Site 3528,94.872343,16.060074,Labutta,Ayeyarwady
Site 3529,94.666447,16.463722,Labutta,Ayeyarwady
Site 3530,94.747802,16.14156,Labutta,Ayeyarwady
Site 3531,94.635049,16.36826,Labutta,Ayeyarwady
Site 3532,94.756381,16.166895,Labutta,Ayeyarwady
Site 3533,94.75622,16.397473,Labutta,Ayeyarwady
Site 3534,94.599998,16.18456,Labutta,Ayeyarwady
Site 3535,94.687944,16.195618,Labutta,Ayeyarwady
Site 3536,94.744154,16.146697,Labutta,Ayeyarwady
Site 3537,94.585871,16.288113,Labutta,Ayeyarwady
Site 3538,94.738198,16.333016,Labutta,Ayeyarwady
Site 3539,94.679792,16.116459,Labutta,Ayeyarwady
Site 3540,94.743931,16.258655,Labutta,Ayeyarwady
Site 3541,94.780678,16.189234,Labutta,Ayeyarwady
Site 3542,94.930498,16.118685,Labutta,Ayeyarwady
Site 3543,94.687576,16.208641,Labutta,Ayeyarwady
Site 3544,94.740165,16.223418,Labutta,Ayeyarwady
Site 3545,94.705916,16.098848,Labutta,Ayeyarwady
Site 3546,94.582962,16.186009,Labutta,Ayeyarwady
Site 3547,94.792445,16.315223,Labutta,Ayeyarwady
Site 3548,94.855464,16.092618,Labutta,Ayeyarwady
Site 3549,94.402832,16.463116,Labutta,Ayeyarwady
Site 3550,94.842484,16.184581,Labutta,Ayeyarwady
Site 3551,94.773557,16.312991,Labutta,Ayeyarwady
Site 3552,94.787511,16.221644,Labutta,Ayeyarwady
Site 3553,94.860932,16.377051,Labutta,Ayeyarwady
Site 3554,94.792344,16.217592,Labutta,Ayeyarwady
Site 3555,94.916504,16.055779,Labutta,Ayeyarwady
Site 3556,94.873012,16.057581,Labutta,Ayeyarwady
Site 3557,94.760518,16.18682,Labutta,Ayeyarwady
Site 3558,94.780864,16.197053,Labutta,Ayeyarwady
Site 3559,94.749863,16.141475,Labutta,Ayeyarwady
Site 3560,94.815726,16.031786,Labutta,Ayeyarwady
Site 3561,94.700451,16.190861,Labutta,Ayeyarwady
Site 3562,94.534681,16.032559,Labutta,Ayeyarwady
Site 3563,94.888837,16.193997,Labutta,Ayeyarwady
Site 3564,94.495787,16.515908,Labutta,Ayeyarwady
Site 3565,94.811599,16.088934,Labutta,Ayeyarwady
Site 3566,95.053517,16.129256,Labutta,Ayeyarwady
Site 3567,94.956408,16.124077,Labutta,Ayeyarwady
Site 3568,94.689577,16.156805,Labutta,Ayeyarwady
Site 3569,95.519304,16.408243,Bogale,Ayeyarwady
Site 3570,95.298968,16.374825,Bogale,Ayeyarwady
Site 3571,95.397354,16.289121,Bogale,Ayeyarwady
Site 3572,95.737179,16.304242,Bogale,Ayeyarwady
Site 3573,95.233848,16.270095,Bogale,Ayeyarwady
Site 3574,95.326321,16.323199,Bogale,Ayeyarwady
Site 3575,95.257699,16.287024,Bogale,Ayeyarwady
Site 3576,95.410151,16.144329,Bogale,Ayeyarwady
Site 3577,95.446,16.02872,Bogale,Ayeyarwady
Site 3578,95.330368,16.176722,Bogale,Ayeyarwady
Site 3579,95.407364,16.336359,Bogale,Ayeyarwady
Site 3580,95.353003,16.300809,Bogale,Ayeyarwady
Site 3581,95.504931,16.375317,Bogale,Ayeyarwady
Site 3582,95.420063,16.313154,Bogale,Ayeyarwady
Site 3583,95.313791,16.336957,Bogale,Ayeyarwady
Site 3584,95.701646,16.455226,Bogale,Ayeyarwady
Site 3585,95.371876,16.303572,Bogale,Ayeyarwady
Site 3586,95.469804,16.503668,Bogale,Ayeyarwady
Site 3587,95.442708,16.221456,Bogale,Ayeyarwady
Site 3588,95.493948,16.174679,Bogale,Ayeyarwady
Site 3589,95.416756,16.398283,Bogale,Ayeyarwady
Site 3590,95.622973,16.199011,Bogale,Ayeyarwady
Site 3591,95.344399,16.337287,Bogale,Ayeyarwady
Site 3592,95.544065,16.295042,Bogale,Ayeyarwady
Site 3593,95.416908,16.291572,Bogale,Ayeyarwady
Site 3594,95.252883,16.282735,Bogale,Ayeyarwady
Site 3595,95.401215,16.357104,Bogale,Ayeyarwady
Site 3596,95.235307,16.302824,Bogale,Ayeyarwady
Site 3597,95.405951,16.205417,Bogale,Ayeyarwady
Site 3598,95.26356,16.264264,Bogale,Ayeyarwady
Site 3599,95.193995,16.393505,Bogale,Ayeyarwady
Site 3600,95.499099,16.349191,Bogale,Ayeyarwady
Site 3601,95.423262,16.235164,Bogale,Ayeyarwady
Site 3602,95.530765,16.311015,Bogale,Ayeyarwady
Site 3603,95.375462,16.291525,Bogale,Ayeyarwady
Site 3604,95.35795,16.271049,Bogale,Ayeyarwady
Site 3605,95.233609,16.432536,Bogale,Ayeyarwady
Site 3606,95.606021,16.340115,Bogale,Ayeyarwady
Site 3607,95.27631,16.212933,Bogale,Ayeyarwady
Site 3608,95.494312,16.126475,Bogale,Ayeyarwady
Site 3609,95.179931,16.217425,Bogale,Ayeyarwady
Site 3610,95.295076,16.244331,Bogale,Ayeyarwady
Site 3611,95.490745,16.326203,Bogale,Ayeyarwady
Site 3612,95.346114,16.135226,Bogale,Ayeyarwady
Site 3613,95.423777,16.292644,Bogale,Ayeyarwady
Site 3614,95.479439,16.362521,Bogale,Ayeyarwady
Site 3615,95.49324,16.29016,Bogale,Ayeyarwady
Site 3616,95.572918,16.289187,Bogale,Ayeyarwady
Site 3617,95.412291,16.10669,Bogale,Ayeyarwady
Site 3618,95.31954,16.384189,Bogale,Ayeyarwady
Site 3619,95.487023,16.182414,Bogale,Ayeyarwady
Site 3620,95.2994,16.282069,Bogale,Ayeyarwady
Site 3621,95.407097,16.461345,Bogale,Ayeyarwady
Site 3622,95.56702,16.455444,Bogale,Ayeyarwady
Site 3623,95.356534,16.214616,Bogale,Ayeyarwady
Site 3624,95.550727,16.423333,Kyaiklat,Ayeyarwady
Site 3625,95.689727,16.575055,Kyaiklat,Ayeyarwady
Site 3626,96.015419,16.14959,Kyaiklat,Ayeyarwady
Site 3627,95.61654,16.180689,Kyaiklat,Ayeyarwady
Site 3628,95.821911,16.289815,Kyaiklat,Ayeyarwady
Site 3629,95.470282,16.393115,Kyaiklat,Ayeyarwady
Site 3630,95.763871,16.429532,Kyaiklat,Ayeyarwady
Site 3631,95.750524,16.47672,Kyaiklat,Ayeyarwady
Site 3632,95.712008,16.408153,Kyaiklat,Ayeyarwady
Site 3633,95.466856,16.146374,Kyaiklat,Ayeyarwady
Site 3634,95.619903,16.176564,Kyaiklat,Ayeyarwady
Site 3635,95.959211,16.241568,Kyaiklat,Ayeyarwady
Site 3636,95.606608,16.148314,Kyaiklat,Ayeyarwady
Site 3637,95.770617,16.457143,Kyaiklat,Ayeyarwady
Site 3638,95.809487,16.129898,Kyaiklat,Ayeyarwady
Site 3639,95.859905,16.544265,Kyaiklat,Ayeyarwady
Site 3640,95.432256,16.360458,Kyaiklat,Ayeyarwady
Site 3641,95.581893,16.27363,Kyaiklat,Ayeyarwady
Site 3642,95.726693,16.287462,Kyaiklat,Ayeyarwady
Site 3643,95.683382,16.415579,Kyaiklat,Ayeyarwady
Site 3644,95.625164,16.513311,Kyaiklat,Ayeyarwady
Site 3645,95.82179,16.474328,Kyaiklat,Ayeyarwady
Site 3646,95.725567,16.333387,Kyaiklat,Ayeyarwady
Site 3647,95.896675,16.397666,Kyaiklat,Ayeyarwady
Site 3648,95.551168,16.351936,Kyaiklat,Ayeyarwady
Site 3649,95.765611,16.270492,Kyaiklat,Ayeyarwady
Site 3650,95.766392,16.364511,Kyaiklat,Ayeyarwady
Site 3651,95.637792,16.453099,Kyaiklat,Ayeyarwady
Site 3652,95.761823,16.283723,Kyaiklat,Ayeyarwady
Site 3653,95.462666,16.399835,Kyaiklat,Ayeyarwady
Site 3654,95.605999,16.320046,Kyaiklat,Ayeyarwady
Site 3655,95.929992,16.415982,Kyaiklat,Ayeyarwady
Site 3656,95.783095,16.490929,Kyaiklat,Ayeyarwady
Site 3657,95.628204,16.196665,Kyaiklat,Ayeyarwady
Site 3658,95.681865,16.21187,Kyaiklat,Ayeyarwady
Site 3659,95.618743,16.292866,Kyaiklat,Ayeyarwady
Site 3660,95.649927,16.30363,Kyaiklat,Ayeyarwady
Site 3661,95.766793,16.235682,Kyaiklat,Ayeyarwady
Site 3662,95.730166,16.337028,Kyaiklat,Ayeyarwady
Site 3663,95.590939,16.323234,Kyaiklat,Ayeyarwady
Site 3664,95.692182,16.113856,Kyaiklat,Ayeyarwady
Site 3665,95.702134,16.48905,Kyaiklat,Ayeyarwady
Site 3666,95.646131,16.07731,Kyaiklat,Ayeyarwady
Site 3667,95.599567,16.257168,Kyaiklat,Ayeyarwady
Site 3668,95.716542,16.176798,Kyaiklat,Ayeyarwady
Site 3669,95.730325,16.16427,Kyaiklat,Ayeyarwady
Site 3670,95.619708,17.086298,Nyaungdon,Ayeyarwady
Site 3671,95.784161,16.970517,Nyaungdon,Ayeyarwady
Site 3672,95.674738,16.987176,Nyaungdon,Ayeyarwady
Site 3673,95.594688,16.939335,Nyaungdon,Ayeyarwady
Site 3674,95.798651,16.840328,Nyaungdon,Ayeyarwady
Site 3675,95.645954,17.108444,Nyaungdon,Ayeyarwady
Site 3676,95.35652,16.902348,Nyaungdon,Ayeyarwady
Site 3677,95.584437,17.044349,Nyaungdon,Ayeyarwady
Site 3678,95.691758,17.135477,Nyaungdon,Ayeyarwady
Site 3679,95.591907,17.141053,Nyaungdon,Ayeyarwady
Site 3680,95.528164,17.180465,Nyaungdon,Ayeyarwady
Site 3681,95.592602,16.893186,Nyaungdon,Ayeyarwady
Site 3682,95.770409,16.985563,Nyaungdon,Ayeyarwady
Site 3683,95.586022,17.06125,Nyaungdon,Ayeyarwady
Site 3684,95.485581,16.827808,Nyaungdon,Ayeyarwady
Site 3685,95.70113,17.172679,Nyaungdon,Ayeyarwady
Site 3686,95.615238,16.889305,Nyaungdon,Ayeyarwady
Site 3687,95.66542,16.991042,Nyaungdon,Ayeyarwady
Site 3688,95.565931,16.734139,Nyaungdon,Ayeyarwady
Site 3689,95.529159,17.001042,Nyaungdon,Ayeyarwady
Site 3690,95.689724,17.152466,Nyaungdon,Ayeyarwady
Site 3691,95.630091,16.981335,Nyaungdon,Ayeyarwady
Site 3692,95.553412,17.013332,Nyaungdon,Ayeyarwady
Site 3693,95.735478,16.883776,Nyaungdon,Ayeyarwady
Site 3694,95.693215,17.127821,Nyaungdon,Ayeyarwady
Site 3695,95.714801,17.077627,Nyaungdon,Ayeyarwady
Site 3696,95.770512,17.019837,Nyaungdon,Ayeyarwady
Site 3697,95.369696,17.077398,Nyaungdon,Ayeyarwady
Site 3698,95.791928,16.942576,Nyaungdon,Ayeyarwady
Site 3699,95.464714,17.007829,Nyaungdon,Ayeyarwady
Site 3700,95.549002,16.924109,Nyaungdon,Ayeyarwady
Site 3701,95.692057,17.033516,Nyaungdon,Ayeyarwady
Site 3702,95.60853,16.925677,Nyaungdon,Ayeyarwady
Site 3703,95.734667,17.137607,Nyaungdon,Ayeyarwady
Site 3704,95.621522,17.024132,Nyaungdon,Ayeyarwady
Site 3705,95.496722,17.165942,Nyaungdon,Ayeyarwady
Site 3706,95.401725,17.124741,Nyaungdon,Ayeyarwady
Site 3707,95.586728,16.893341,Nyaungdon,Ayeyarwady
Site 3708,95.630419,16.99548,Nyaungdon,Ayeyarwady
Site 3709,95.553191,17.16238,Nyaungdon,Ayeyarwady
Site 3710,95.742314,17.017619,Nyaungdon,Ayeyarwady
Site 3711,95.679723,16.89749,Nyaungdon,Ayeyarwady
Site 3712,95.634774,16.942342,Nyaungdon,Ayeyarwady
Site 3713,95.603588,16.934483,Nyaungdon,Ayeyarwady
Site 3714,95.650781,17.144451,Nyaungdon,Ayeyarwady
Site 3715,95.759305,17.028497,Nyaungdon,Ayeyarwady
Site 3716,95.575523,16.547648,Wakema,Ayeyarwady
Site 3717,95.415211,16.322495,Wakema,Ayeyarwady
Site 3718,95.446293,16.561789,Wakema,Ayeyarwady
Site 3719,95.438279,16.585925,Wakema,Ayeyarwady
Site 3720,95.375599,16.421924,Wakema,Ayeyarwady
Site 3721,95.330634,16.553834,Wakema,Ayeyarwady
Site 3722,95.530336,16.493397,Wakema,Ayeyarwady
Site 3723,95.604561,16.705016,Wakema,Ayeyarwady
Site 3724,95.655597,16.374497,Wakema,Ayeyarwady
Site 3725,95.400694,16.608809,Wakema,Ayeyarwady
Site 3726,95.513376,16.464542,Wakema,Ayeyarwady
Site 3727,95.411507,16.700193,Wakema,Ayeyarwady
Site 3728,95.458838,16.687543,Wakema,Ayeyarwady
Site 3729,95.456008,16.48342,Wakema,Ayeyarwady
Site 3730,95.289789,16.564572,Wakema,Ayeyarwady
Site 3731,95.523154,16.748357,Wakema,Ayeyarwady
Site 3732,95.367479,16.731821,Wakema,Ayeyarwady
Site 3733,95.521441,16.65382,Wakema,Ayeyarwady
Site 3734,95.586282,16.428551,Wakema,Ayeyarwady
Site 3735,95.517458,16.342991,Wakema,Ayeyarwady
Site 3736,95.655045,16.651771,Wakema,Ayeyarwady
Site 3737,95.360748,16.662287,Wakema,Ayeyarwady
Site 3738,95.678771,16.787112,Wakema,Ayeyarwady
Site 3739,95.524353,16.566192,Wakema,Ayeyarwady
Site 3740,95.705672,16.547726,Wakema,Ayeyarwady
Site 3741,95.773679,16.855237,Wakema,Ayeyarwady
Site 3742,95.47455,16.704552,Wakema,Ayeyarwady
Site 3743,95.406505,16.540813,Wakema,Ayeyarwady
Site 3744,95.436072,16.595397,Wakema,Ayeyarwady
Site 3745,95.603059,16.653231,Wakema,Ayeyarwady
Site 3746,95.528079,16.685512,Wakema,Ayeyarwady
Site 3747,95.382055,16.459394,Wakema,Ayeyarwady
Site 3748,95.492587,16.768034,Wakema,Ayeyarwady
Site 3749,95.474603,16.496279,Wakema,Ayeyarwady
Site 3750,95.54288,16.569046,Wakema,Ayeyarwady
Site 3751,95.681695,16.442071,Wakema,Ayeyarwady
Site 3752,95.591949,16.578239,Wakema,Ayeyarwady
Site 3753,95.562087,16.919067,Wakema,Ayeyarwady
Site 3754,95.638532,16.709922,Wakema,Ayeyarwady
Site 3755,95.508815,16.528354,Wakema,Ayeyarwady
Site 3756,95.321228,16.607063,Wakema,Ayeyarwady
Site 3757,95.551452,16.649277,Wakema,Ayeyarwady
Site 3758,95.473225,16.584828,Wakema,Ayeyarwady
Site 3759,95.532413,16.486321,Wakema,Ayeyarwady
Site 3760,95.55219,16.646293,Wakema,Ayeyarwady
Site 3761,95.659868,16.514362,Wakema,Ayeyarwady
Site 3762,95.214124,16.385346,Mawlamyinegyun,Ayeyarwady
Site 3763,95.254524,16.49465,Mawlamyinegyun,Ayeyarwady
Site 3764,95.299734,16.862701,Mawlamyinegyun,Ayeyarwady
Site 3765,95.246984,16.152069,Mawlamyinegyun,Ayeyarwady
Site 3766,95.292142,16.397892,Mawlamyinegyun,Ayeyarwady
Site 3767,95.373118,16.223989,Mawlamyinegyun,Ayeyarwady
Site 3768,94.933711,16.384533,Mawlamyinegyun,Ayeyarwady
Site 3769,95.350607,16.499323,Mawlamyinegyun,Ayeyarwady
Site 3770,95.230209,16.518917,Mawlamyinegyun,Ayeyarwady
Site 3771,95.154726,16.286195,Mawlamyinegyun,Ayeyarwady
Site 3772,95.484279,16.708102,Mawlamyinegyun,Ayeyarwady
Site 3773,95.107848,16.419428,Mawlamyinegyun,Ayeyarwady
Site 3774,95.326937,16.289869,Mawlamyinegyun,Ayeyarwady
Site 3775,95.373969,16.479415,Mawlamyinegyun,Ayeyarwady
Site 3776,95.252703,16.581949,Mawlamyinegyun,Ayeyarwady
Site 3777,95.329926,16.261109,Mawlamyinegyun,Ayeyarwady
Site 3778,95.18315,16.169637,Mawlamyinegyun,Ayeyarwady
Site 3779,95.307521,16.235771,Mawlamyinegyun,Ayeyarwady
Site 3780,95.428428,16.549786,Mawlamyinegyun,Ayeyarwady
Site 3781,95.239637,16.50231,Mawlamyinegyun,Ayeyarwady
Site 3782,95.143143,16.286732,Mawlamyinegyun,Ayeyarwady
Site 3783,95.176419,16.337964,Mawlamyinegyun,Ayeyarwady
Site 3784,95.327193,16.587566,Mawlamyinegyun,Ayeyarwady
Site 3785,95.239083,16.519344,Mawlamyinegyun,Ayeyarwady
Site 3786,95.151652,16.593888,Mawlamyinegyun,Ayeyarwady
Site 3787,95.213123,16.28474,Mawlamyinegyun,Ayeyarwady
Site 3788,95.207146,16.326055,Mawlamyinegyun,Ayeyarwady
Site 3789,95.433702,16.392573,Mawlamyinegyun,Ayeyarwady
Site 3790,95.31669,16.317106,Mawlamyinegyun,Ayeyarwady
Site 3791,95.237638,16.639702,Mawlamyinegyun,Ayeyarwady
Site 3792,95.380605,16.294162,Mawlamyinegyun,Ayeyarwady
Site 3793,95.246594,16.403745,Mawlamyinegyun,Ayeyarwady
Site 3794,95.118413,16.332102,Mawlamyinegyun,Ayeyarwady
Site 3795,95.218426,16.256037,Mawlamyinegyun,Ayeyarwady
Site 3796,95.188142,16.465899,Mawlamyinegyun,Ayeyarwady
Site 3797,95.238686,16.524812,Mawlamyinegyun,Ayeyarwady
Site 3798,95.271805,16.159838,Mawlamyinegyun,Ayeyarwady
Site 3799,94.362657,16.151486,Ngapudaw,Ayeyarwady
Site 3800,94.439137,16.05091,Ngapudaw,Ayeyarwady
Site 3801,94.377851,16.14262,Ngapudaw,Ayeyarwady
Site 3802,94.341263,16.19319,Ngapudaw,Ayeyarwady
Site 3803,94.451881,16.128993,Ngapudaw,Ayeyarwady
Site 3804,94.120256,16.129981,Ngapudaw,Ayeyarwady
Site 3805,94.336868,16.024245,Ngapudaw,Ayeyarwady
Site 3806,94.542488,15.982779,Ngapudaw,Ayeyarwady
Site 3807,94.312549,16.10578,Ngapudaw,Ayeyarwady
Site 3808,94.450762,16.182665,Ngapudaw,Ayeyarwady
Site 3809,94.379789,15.909607,Ngapudaw,Ayeyarwady
Site 3810,94.328253,16.078331,Ngapudaw,Ayeyarwady
Site 3811,94.29306,16.130387,Ngapudaw,Ayeyarwady
Site 3812,94.256038,16.09087,Ngapudaw,Ayeyarwady
Site 3813,94.413201,16.053308,Ngapudaw,Ayeyarwady
Site 3814,94.468023,16.146834,Ngapudaw,Ayeyarwady
Site 3815,94.434426,15.998438,Ngapudaw,Ayeyarwady
Site 3816,94.10642,16.057818,Ngapudaw,Ayeyarwady
Site 3817,94.391179,15.790241,Ngapudaw,Ayeyarwady
Site 3818,94.232704,15.954892,Ngapudaw,Ayeyarwady
Site 3819,94.052855,16.133523,Ngapudaw,Ayeyarwady
Site 3820,94.282403,16.025665,Ngapudaw,Ayeyarwady
Site 3821,94.174781,16.098814,Ngapudaw,Ayeyarwady
Site 3822,94.36002,16.09777,Ngapudaw,Ayeyarwady
Site 3823,94.306535,15.975106,Ngapudaw,Ayeyarwady
Site 3824,94.310317,15.876097,Ngapudaw,Ayeyarwady
Site 3825,94.230565,16.265481,Ngapudaw,Ayeyarwady
Site 3826,94.254723,16.064892,Ngapudaw,Ayeyarwady
Site 3827,94.383132,15.775064,Ngapudaw,Ayeyarwady
Site 3828,94.593128,15.974909,Ngapudaw,Ayeyarwady
Site 3829,94.373901,15.993264,Ngapudaw,Ayeyarwady
Site 3830,94.307141,16.226386,Ngapudaw,Ayeyarwady
Site 3831,94.394995,16.065429,Ngapudaw,Ayeyarwady
Site 3832,94.155033,15.97024,Ngapudaw,Ayeyarwady
Site 3833,94.409644,16.001678,Ngapudaw,Ayeyarwady
Site 3834,94.624036,16.227379,Ngapudaw,Ayeyarwady
Site 3835,94.370381,16.178366,Ngapudaw,Ayeyarwady
Site 3836,95.588521,17.09837,Danubyu,Ayeyarwady
Site 3837,95.492441,17.28785,Danubyu,Ayeyarwady
Site 3838,95.441765,17.109424,Danubyu,Ayeyarwady
Site 3839,95.477308,17.365241,Danubyu,Ayeyarwady
Site 3840,95.455057,17.252475,Danubyu,Ayeyarwady
Site 3841,95.476188,17.1576,Danubyu,Ayeyarwady
Site 3842,95.783869,17.107326,Danubyu,Ayeyarwady
Site 3843,95.55184,17.414142,Danubyu,Ayeyarwady
Site 3844,95.590925,17.032738,Danubyu,Ayeyarwady
Site 3845,95.297212,17.055717,Danubyu,Ayeyarwady
Site 3846,95.560209,17.265983,Danubyu,Ayeyarwady
Site 3847,95.424323,17.292177,Danubyu,Ayeyarwady
Site 3848,95.437555,17.179269,Danubyu,Ayeyarwady
Site 3849,95.633226,17.27297,Danubyu,Ayeyarwady
Site 3850,95.192994,17.301838,Danubyu,Ayeyarwady
Site 3851,95.551987,17.146303,Danubyu,Ayeyarwady
Site 3852,95.54259,16.993277,Danubyu,Ayeyarwady
Site 3853,95.376704,17.368536,Danubyu,Ayeyarwady
Site 3854,95.361555,17.364981,Danubyu,Ayeyarwady
Site 3855,95.548606,17.41069,Danubyu,Ayeyarwady
Site 3856,95.495343,17.075779,Danubyu,Ayeyarwady
Site 3857,95.302577,17.414701,Danubyu,Ayeyarwady
Site 3858,95.641034,17.190313,Danubyu,Ayeyarwady
Site 3859,95.480577,17.26602,Danubyu,Ayeyarwady
Site 3860,95.714911,16.984943,Danubyu,Ayeyarwady
Site 3861,95.395373,17.167414,Danubyu,Ayeyarwady
Site 3862,95.297475,17.02311,Danubyu,Ayeyarwady
Site 3863,95.662801,17.164053,Danubyu,Ayeyarwady
Site 3864,95.453858,17.288219,Danubyu,Ayeyarwady
Site 3865,95.730931,17.367034,Danubyu,Ayeyarwady
Site 3866,95.54902,17.29955,Danubyu,Ayeyarwady
Site 3867,95.538547,17.219701,Danubyu,Ayeyarwady
Site 3868,95.841259,17.125997,Danubyu,Ayeyarwady
Site 3869,95.373612,17.128924,Danubyu,Ayeyarwady
Site 3870,95.388559,17.350136,Danubyu,Ayeyarwady
Site 3871,95.592437,17.385217,Danubyu,Ayeyarwady
Site 3872,95.490777,17.176505,Danubyu,Ayeyarwady
Site 3873,95.554252,17.653996,Zalun,Ayeyarwady
Site 3874,95.557276,17.350597,Zalun,Ayeyarwady
Site 3875,95.483119,17.627857,Zalun,Ayeyarwady
Site 3876,95.685182,17.347847,Zalun,Ayeyarwady
Site 3877,95.426868,17.414965,Zalun,Ayeyarwady
Site 3878,95.611738,17.58887,Zalun,Ayeyarwady
Site 3879,95.583642,17.317329,Zalun,Ayeyarwady
Site 3880,95.432087,17.641012,Zalun,Ayeyarwady
Site 3881,95.485332,17.428894,Zalun,Ayeyarwady
Site 3882,95.220035,17.472586,Zalun,Ayeyarwady
Site 3883,95.522353,17.450933,Zalun,Ayeyarwady
Site 3884,95.43538,17.551231,Zalun,Ayeyarwady
Site 3885,95.411911,17.440327,Zalun,Ayeyarwady
Site 3886,95.267075,17.288252,Zalun,Ayeyarwady
Site 3887,95.273378,17.545649,Zalun,Ayeyarwady
Site 3888,95.480665,17.571014,Zalun,Ayeyarwady
Site 3889,95.427801,17.515825,Zalun,Ayeyarwady
Site 3890,95.734519,17.379642,Zalun,Ayeyarwady
Site 3891,95.29573,17.311587,Zalun,Ayeyarwady
Site 3892,95.539559,17.69937,Zalun,Ayeyarwady
Site 3893,95.510207,17.435308,Zalun,Ayeyarwady
Site 3894,95.233728,17.375657,Zalun,Ayeyarwady
Site 3895,95.395443,17.601872,Zalun,Ayeyarwady
Site 3896,95.644152,17.450529,Zalun,Ayeyarwady
Site 3897,95.45405,17.23591,Zalun,Ayeyarwady
Site 3898,95.456145,17.336461,Zalun,Ayeyarwady
Site 3899,95.46133,17.411067,Zalun,Ayeyarwady
Site 3900,95.555356,17.673386,Zalun,Ayeyarwady
Site 3901,95.490705,17.499437,Zalun,Ayeyarwady
Site 3902,95.581158,17.407962,Zalun,Ayeyarwady
Site 3903,95.494644,17.408048,Zalun,Ayeyarwady
Site 3904,95.532576,17.558231,Zalun,Ayeyarwady
Site 3905,95.415093,17.664532,Zalun,Ayeyarwady
Site 3906,95.374521,17.497904,Zalun,Ayeyarwady
Site 3907,95.358672,17.519383,Zalun,Ayeyarwady
Site 3908,95.568104,17.656739,Zalun,Ayeyarwady
Site 3909,95.592015,17.595554,Zalun,Ayeyarwady
Site 3910,94.890384,17.602188,Lemyethna,Ayeyarwady
Site 3911,94.895011,17.566892,Lemyethna,Ayeyarwady
Site 3912,94.987782,17.427483,Lemyethna,Ayeyarwady
Site 3913,94.879862,17.360669,Lemyethna,Ayeyarwady
Site 3914,95.016907,17.699152,Lemyethna,Ayeyarwady
Site 3915,94.975911,17.768089,Lemyethna,Ayeyarwady
Site 3916,95.157008,17.563244,Lemyethna,Ayeyarwady
Site 3917,95.002527,17.573329,Lemyethna,Ayeyarwady
Site 3918,95.051762,17.579456,Lemyethna,Ayeyarwady
Site 3919,95.103876,17.537438,Lemyethna,Ayeyarwady
Site 3920,94.956369,17.55484,Lemyethna,Ayeyarwady
Site 3921,94.984307,17.638667,Lemyethna,Ayeyarwady
Site 3922,94.89461,17.401383,Lemyethna,Ayeyarwady
Site 3923,94.998754,17.625565,Lemyethna,Ayeyarwady
Site 3924,95.148119,17.496631,Lemyethna,Ayeyarwady
Site 3925,94.977381,17.794212,Lemyethna,Ayeyarwady
Site 3926,94.824836,17.66262,Lemyethna,Ayeyarwady
Site 3927,94.90779,17.431356,Lemyethna,Ayeyarwady
Site 3928,95.079203,17.552754,Lemyethna,Ayeyarwady
Site 3929,94.853659,17.576045,Lemyethna,Ayeyarwady
Site 3930,95.155082,17.682597,Lemyethna,Ayeyarwady
Site 3931,95.196817,17.620733,Lemyethna,Ayeyarwady
Site 3932,94.993385,17.464715,Lemyethna,Ayeyarwady
Site 3933,94.708792,17.928135,Lemyethna,Ayeyarwady
Site 3934,94.910267,17.64977,Lemyethna,Ayeyarwady
Site 3935,95.018704,17.481257,Lemyethna,Ayeyarwady
Site 3936,94.956873,17.71284,Lemyethna,Ayeyarwady
Site 3937,94.972667,17.259213,Lemyethna,Ayeyarwady
Site 3938,94.774861,16.873146,Kangyidaunt,Ayeyarwady
Site 3939,94.596553,17.014196,Kangyidaunt,Ayeyarwady
Site 3940,94.620352,17.145111,Kangyidaunt,Ayeyarwady
Site 3941,94.764185,17.053412,Kangyidaunt,Ayeyarwady
Site 3942,94.604554,16.923268,Kangyidaunt,Ayeyarwady
Site 3943,94.497907,17.133022,Kangyidaunt,Ayeyarwady
Site 3944,94.609362,16.847145,Kangyidaunt,Ayeyarwady
Site 3945,94.762143,17.230707,Kangyidaunt,Ayeyarwady
Site 3946,94.857402,17.085779,Kangyidaunt,Ayeyarwady
Site 3947,94.699501,17.060589,Kangyidaunt,Ayeyarwady
Site 3948,94.543118,16.928679,Kangyidaunt,Ayeyarwady
Site 3949,94.58227,17.060231,Kangyidaunt,Ayeyarwady
Site 3950,94.411063,16.955124,Kangyidaunt,Ayeyarwady
Site 3951,94.691453,16.933044,Kangyidaunt,Ayeyarwady
Site 3952,94.6226,16.862003,Kangyidaunt,Ayeyarwady
Site 3953,94.608309,17.002815,Kangyidaunt,Ayeyarwady
Site 3954,94.568366,17.013807,Kangyidaunt,Ayeyarwady
Site 3955,94.705856,17.042023,Kangyidaunt,Ayeyarwady
Site 3956,94.832336,17.071567,Kangyidaunt,Ayeyarwady
Site 3957,94.635855,16.999938,Kangyidaunt,Ayeyarwady
Site 3958,94.517924,17.135382,Kangyidaunt,Ayeyarwady
Site 3959,94.637304,16.916815,Kangyidaunt,Ayeyarwady
Site 3960,94.599357,17.107736,Kangyidaunt,Ayeyarwady
Site 3961,94.608559,16.793357,Kangyidaunt,Ayeyarwady
Site 3962,94.692377,17.106372,Kangyidaunt,Ayeyarwady
Site 3963,94.631606,16.843811,Kangyidaunt,Ayeyarwady
Site 3964,94.881477,17.056081,Kangyidaunt,Ayeyarwady
Site 3965,94.978442,16.875682,Kangyidaunt,Ayeyarwady
Site 3966,96.33653,17.248583,Bago,Bago
Site 3967,96.585462,17.329187,Bago,Bago
Site 3968,96.475388,17.416404,Bago,Bago
Site 3969,96.048619,17.32106,Bago,Bago
Site 3970,96.546251,17.285927,Bago,Bago
Site 3971,96.455332,17.26612,Bago,Bago
Site 3972,96.356958,17.405961,Bago,Bago
Site 3973,96.618484,17.410035,Bago,Bago
Site 3974,96.381791,17.083543,Bago,Bago
Site 3975,96.608416,17.373028,Bago,Bago
Site 3976,96.395218,17.359679,Bago,Bago
Site 3977,96.56614,17.308611,Bago,Bago
Site 3978,96.498562,17.002711,Bago,Bago
Site 3979,96.500944,17.352502,Bago,Bago
Site 3980,96.385124,17.255954,Bago,Bago
Site 3981,96.252208,17.25725,Bago,Bago
Site 3982,96.545402,17.326479,Bago,Bago
Site 3983,96.566246,17.264901,Bago,Bago
Site 3984,96.524366,17.323897,Bago,Bago
Site 3985,96.408863,17.278772,Bago,Bago
Site 3986,96.5989,17.423718,Bago,Bago
Site 3987,96.452486,17.372066,Bago,Bago
Site 3988,96.629843,17.439409,Bago,Bago
Site 3989,96.255178,17.131208,Bago,Bago
Site 3990,96.253012,17.314068,Bago,Bago
Site 3991,96.309903,17.366082,Bago,Bago
Site 3992,96.595106,17.490858,Bago,Bago
Site 3993,96.654235,17.286813,Bago,Bago
Site 3994,96.507984,17.306029,Bago,Bago
Site 3995,96.251053,17.385534,Bago,Bago
Site 3996,96.518507,17.299245,Bago,Bago
Site 3997,96.634029,17.193662,Bago,Bago
Site 3998,96.477612,17.471117,Bago,Bago
Site 3999,96.415122,17.298771,Bago,Bago
Site 4000,96.667118,17.344232,Bago,Bago
Site 4001,96.341113,17.532053,Bago,Bago
Site 4002,96.615722,17.306325,Bago,Bago
Site 4003,96.528674,17.160617,Bago,Bago
Site 4004,96.464827,17.457984,Bago,Bago
Site 4005,96.413077,17.216395,Bago,Bago
Site 4006,96.486681,17.276471,Bago,Bago
Site 4007,96.59859,17.452729,Bago,Bago
Site 4008,96.669833,17.2926,Bago,Bago
Site 4009,96.587409,17.401818,Bago,Bago
Site 4010,96.711315,17.245196,Bago,Bago
Site 4011,96.591561,17.187141,Bago,Bago
Site 4012,96.577705,17.340057,Bago,Bago
Site 4013,96.355686,17.360009,Bago,Bago
Site 4014,96.25846,17.407303,Bago,Bago
Site 4015,96.324594,17.335544,Bago,Bago
Site 4016,96.585184,17.332536,Bago,Bago
Site 4017,96.589831,17.518897,Bago,Bago
Site 4018,96.49122,17.191739,Bago,Bago
Site 4019,96.604678,17.31654,Bago,Bago
Site 4020,96.538931,17.573641,Bago,Bago
Site 4021,96.35445,17.31712,Bago,Bago
Site 4022,96.366059,17.405577,Bago,Bago
Site 4023,96.528473,17.358228,Bago,Bago
Site 4024,96.591937,17.249978,Bago,Bago
Site 4025,96.481066,17.400026,Bago,Bago
Site 4026,96.565504,17.330244,Bago,Bago
Site 4027,96.613675,17.222486,Bago,Bago
Site 4028,96.637602,17.384204,Bago,Bago
Site 4029,96.551358,17.461949,Bago,Bago
Site 4030,96.57997,17.209224,Bago,Bago
Site 4031,96.33231,17.384024,Bago,Bago
Site 4032,96.365046,17.212491,Bago,Bago
Site 4033,96.602165,17.356102,Bago,Bago
Site 4034,96.496572,17.418491,Bago,Bago
Site 4035,96.416675,17.255045,Bago,Bago
Site 4036,96.454065,17.34793,Bago,Bago
Site 4037,96.543491,17.142345,Bago,Bago
Site 4038,96.54468,17.063079,Bago,Bago
Site 4039,96.346763,17.202743,Bago,Bago
Site 4040,96.297649,17.432178,Bago,Bago
Site 4041,96.393473,17.31178,Bago,Bago
Site 4042,96.48784,17.369739,Bago,Bago
Site 4043,96.106652,17.299656,Bago,Bago
Site 4044,96.248935,17.483935,Bago,Bago
Site 4045,96.564868,17.424001,Bago,Bago
Site 4046,96.452187,17.344508,Bago,Bago
Site 4047,96.362306,17.450047,Bago,Bago
Site 4048,96.455906,17.229764,Bago,Bago
Site 4049,96.427596,17.505018,Bago,Bago
Site 4050,96.641094,17.331417,Bago,Bago
Site 4051,96.544459,17.255185,Bago,Bago
Site 4052,96.290788,17.379452,Bago,Bago
Site 4053,96.594585,17.45655,Bago,Bago
Site 4054,96.467642,17.162848,Bago,Bago
Site 4055,96.550887,17.153269,Bago,Bago
Site 4056,96.575871,17.196967,Bago,Bago
Site 4057,96.549507,17.389578,Bago,Bago
Site 4058,96.437974,17.416521,Bago,Bago
Site 4059,96.447199,17.262323,Bago,Bago
Site 4060,96.283035,17.359951,Bago,Bago
Site 4061,96.540997,17.487381,Bago,Bago
Site 4062,96.514198,17.302596,Bago,Bago
Site 4063,96.488859,17.287936,Bago,Bago
Site 4064,96.34385,17.223225,Bago,Bago
Site 4065,96.450662,17.507875,Bago,Bago
Site 4066,96.333548,17.512109,Bago,Bago
Site 4067,96.472419,17.502147,Bago,Bago
Site 4068,96.517918,17.309888,Bago,Bago
Site 4069,96.5405,17.22455,Bago,Bago
Site 4070,96.337938,17.258822,Bago,Bago
Site 4071,96.559414,17.394257,Bago,Bago
Site 4072,96.373819,17.57558,Bago,Bago
Site 4073,96.461344,17.394046,Bago,Bago
Site 4074,96.344107,17.179238,Bago,Bago
Site 4075,96.623095,17.155237,Bago,Bago
Site 4076,96.454123,17.33222,Bago,Bago
Site 4077,96.597877,17.290986,Bago,Bago
Site 4078,96.510525,17.52321,Bago,Bago
Site 4079,96.454702,17.552511,Bago,Bago
Site 4080,96.442948,17.53628,Bago,Bago
Site 4081,96.478531,17.312108,Bago,Bago
Site 4082,96.492517,17.188067,Bago,Bago
Site 4083,96.44437,17.429794,Bago,Bago
Site 4084,96.58707,17.351879,Bago,Bago
Site 4085,96.360138,17.249536,Bago,Bago
Site 4086,96.489799,17.269258,Bago,Bago
Site 4087,96.312225,17.3871,Bago,Bago
Site 4088,96.457965,17.342926,Bago,Bago
Site 4089,96.600552,17.134974,Bago,Bago
Site 4090,96.344246,17.285278,Bago,Bago
Site 4091,96.446768,17.289025,Bago,Bago
Site 4092,96.498855,17.32277,Bago,Bago
Site 4093,96.45705,17.410062,Bago,Bago
Site 4094,96.650481,17.288225,Bago,Bago
Site 4095,96.39499,17.281276,Bago,Bago
Site 4096,96.547453,17.384949,Bago,Bago
Site 4097,96.408802,17.440111,Bago,Bago
Site 4098,96.532359,17.389585,Bago,Bago
Site 4099,96.474211,17.266461,Bago,Bago
Site 4100,96.38445,17.290505,Bago,Bago
Site 4101,96.418482,17.380353,Bago,Bago
Site 4102,96.455204,17.52383,Bago,Bago
Site 4103,96.267679,17.44238,Bago,Bago
Site 4104,96.510143,17.361651,Bago,Bago
Site 4105,96.47911,17.310555,Bago,Bago
Site 4106,96.429914,17.304747,Bago,Bago
Site 4107,96.461902,17.509346,Bago,Bago
Site 4108,96.467776,17.373964,Bago,Bago
Site 4109,96.290142,17.246528,Bago,Bago
Site 4110,96.53434,17.127118,Bago,Bago
Site 4111,96.421502,17.256582,Bago,Bago
Site 4112,96.258934,17.473904,Bago,Bago
Site 4113,96.566388,17.439941,Bago,Bago
Site 4114,96.261452,17.304476,Bago,Bago
Site 4115,96.526035,17.240062,Bago,Bago
Site 4116,96.493699,17.303615,Bago,Bago
Site 4117,96.565167,17.339437,Bago,Bago
Site 4118,96.463273,17.300952,Bago,Bago
Site 4119,96.523989,17.345926,Bago,Bago
Site 4120,96.206126,17.391063,Bago,Bago
Site 4121,96.412147,17.20323,Bago,Bago
Site 4122,96.563181,17.130587,Bago,Bago
Site 4123,96.547919,17.384272,Bago,Bago
Site 4124,96.374684,17.375025,Bago,Bago
Site 4125,96.488562,17.092242,Bago,Bago
Site 4126,96.368296,17.377791,Bago,Bago
Site 4127,96.474814,17.49177,Bago,Bago
Site 4128,96.524174,17.20516,Bago,Bago
Site 4129,96.346553,17.272788,Bago,Bago
Site 4130,96.457454,17.39134,Bago,Bago
Site 4131,96.522931,17.251982,Bago,Bago
Site 4132,96.226546,17.35591,Bago,Bago
Site 4133,96.343827,16.990339,Bago,Bago
Site 4134,96.67467,17.451953,Bago,Bago
Site 4135,96.527522,17.316955,Bago,Bago
Site 4136,96.496156,17.100122,Bago,Bago
Site 4137,96.577799,17.426074,Bago,Bago
Site 4138,96.270984,17.336444,Bago,Bago
Site 4139,96.369272,17.360926,Bago,Bago
Site 4140,96.500493,17.547884,Bago,Bago
Site 4141,96.679446,17.199725,Bago,Bago
Site 4142,96.551421,17.34687,Bago,Bago
Site 4143,96.461267,17.141518,Bago,Bago
Site 4144,96.620476,17.257523,Bago,Bago
Site 4145,96.317685,17.332641,Bago,Bago
Site 4146,96.214421,17.533026,Bago,Bago
Site 4147,96.307613,17.279143,Bago,Bago
Site 4148,96.565768,17.169652,Bago,Bago
Site 4149,96.404107,17.379208,Bago,Bago
Site 4150,96.543659,17.096102,Bago,Bago
Site 4151,96.418469,17.304588,Bago,Bago
Site 4152,96.610441,17.325892,Bago,Bago
Site 4153,96.382401,17.30743,Bago,Bago
Site 4154,96.507692,17.463147,Bago,Bago
Site 4155,96.595556,17.172304,Bago,Bago
Site 4156,96.254434,17.367707,Bago,Bago
Site 4157,96.658929,17.30808,Bago,Bago
Site 4158,96.503812,17.159089,Bago,Bago
Site 4159,96.54618,17.451707,Bago,Bago
Site 4160,96.340375,17.42218,Bago,Bago
Site 4161,96.433093,17.398224,Bago,Bago
Site 4162,96.43978,17.398964,Bago,Bago
Site 4163,96.668265,17.252385,Bago,Bago
Site 4164,96.583262,17.393784,Bago,Bago
Site 4165,96.537946,17.325612,Bago,Bago
Site 4166,96.420243,17.482828,Bago,Bago
Site 4167,96.644532,17.21301,Bago,Bago
Site 4168,96.455099,18.90486,Taungoo,Bago
Site 4169,96.599756,19.064104,Taungoo,Bago
Site 4170,96.339239,19.022423,Taungoo,Bago
Site 4171,96.453943,18.953742,Taungoo,Bago
Site 4172,96.499712,18.78413,Taungoo,Bago
Site 4173,96.387656,18.943213,Taungoo,Bago
Site 4174,96.403948,18.690537,Taungoo,Bago
Site 4175,96.548366,18.767261,Taungoo,Bago
Site 4176,96.296902,19.24089,Taungoo,Bago
Site 4177,96.563063,18.914372,Taungoo,Bago
Site 4178,96.225711,18.8921,Taungoo,Bago
Site 4179,96.511034,18.671076,Taungoo,Bago
Site 4180,96.450658,19.061991,Taungoo,Bago
Site 4181,96.385282,19.052081,Taungoo,Bago
Site 4182,96.525399,18.995419,Taungoo,Bago
Site 4183,96.462934,18.917423,Taungoo,Bago
Site 4184,96.580553,19.121554,Taungoo,Bago
Site 4185,96.509946,18.904278,Taungoo,Bago
Site 4186,96.497493,18.829833,Taungoo,Bago
Site 4187,96.455283,19.168615,Taungoo,Bago
Site 4188,96.506059,18.806192,Taungoo,Bago
Site 4189,96.398919,19.156142,Taungoo,Bago
Site 4190,96.390249,18.920439,Taungoo,Bago
Site 4191,96.181278,18.811492,Taungoo,Bago
Site 4192,96.552544,19.097402,Taungoo,Bago
Site 4193,96.373811,19.045242,Taungoo,Bago
Site 4194,96.376289,18.955495,Taungoo,Bago
Site 4195,96.615412,18.958551,Taungoo,Bago
Site 4196,96.475764,19.027007,Taungoo,Bago
Site 4197,96.135348,18.905009,Taungoo,Bago
Site 4198,96.581227,18.986464,Taungoo,Bago
Site 4199,96.462065,18.954574,Taungoo,Bago
Site 4200,96.185227,18.934305,Taungoo,Bago
Site 4201,96.55212,18.904692,Taungoo,Bago
Site 4202,96.492941,18.92224,Taungoo,Bago
Site 4203,96.363157,18.954401,Taungoo,Bago
Site 4204,96.530962,19.071587,Taungoo,Bago
Site 4205,96.456005,19.057555,Taungoo,Bago
Site 4206,96.582716,18.913779,Taungoo,Bago
Site 4207,96.499488,18.99296,Taungoo,Bago
Site 4208,96.434357,18.805249,Taungoo,Bago
Site 4209,96.25684,18.999486,Taungoo,Bago
Site 4210,96.469324,18.904125,Taungoo,Bago
Site 4211,96.497659,18.768707,Taungoo,Bago
Site 4212,96.533393,19.099534,Taungoo,Bago
Site 4213,96.600354,18.8956,Taungoo,Bago
Site 4214,96.504526,18.90499,Taungoo,Bago
Site 4215,96.426572,18.824457,Taungoo,Bago
Site 4216,96.43453,18.902164,Taungoo,Bago
Site 4217,96.517559,18.754237,Taungoo,Bago
Site 4218,96.520761,19.05101,Taungoo,Bago
Site 4219,96.544498,19.011801,Taungoo,Bago
Site 4220,96.448183,18.99777,Taungoo,Bago
Site 4221,96.524009,18.614547,Taungoo,Bago
Site 4222,96.491307,18.904308,Taungoo,Bago
Site 4223,96.449922,18.849286,Taungoo,Bago
Site 4224,96.796406,18.917082,Taungoo,Bago
Site 4225,96.298532,18.978068,Taungoo,Bago
Site 4226,96.159467,19.016061,Taungoo,Bago
Site 4227,96.377011,18.989013,Taungoo,Bago
Site 4228,96.340038,19.033301,Taungoo,Bago
Site 4229,96.296767,18.836539,Taungoo,Bago
Site 4230,96.429528,18.935986,Taungoo,Bago
Site 4231,96.527137,19.164816,Taungoo,Bago
Site 4232,96.402078,18.769406,Taungoo,Bago
Site 4233,96.507171,19.127096,Taungoo,Bago
Site 4234,96.457646,18.996799,Taungoo,Bago
Site 4235,96.339374,18.923677,Taungoo,Bago
Site 4236,96.489128,18.801052,Taungoo,Bago
Site 4237,96.445244,18.914687,Taungoo,Bago
Site 4238,96.347276,19.007871,Taungoo,Bago
Site 4239,96.636029,18.870579,Taungoo,Bago
Site 4240,96.463826,18.966134,Taungoo,Bago
Site 4241,96.45889,18.974839,Taungoo,Bago
Site 4242,96.424427,19.0343,Taungoo,Bago
Site 4243,96.420767,18.826686,Taungoo,Bago
Site 4244,96.403681,19.025347,Taungoo,Bago
Site 4245,96.558215,18.747113,Taungoo,Bago
Site 4246,96.163226,18.756647,Taungoo,Bago
Site 4247,96.296676,18.949982,Taungoo,Bago
Site 4248,96.36762,18.832358,Taungoo,Bago
Site 4249,96.250828,18.76027,Taungoo,Bago
Site 4250,96.264077,18.920812,Taungoo,Bago
Site 4251,96.477443,18.887273,Taungoo,Bago
Site 4252,96.515686,18.886817,Taungoo,Bago
Site 4253,96.551478,18.916295,Taungoo,Bago
Site 4254,96.622293,18.909618,Taungoo,Bago
Site 4255,96.389769,19.227913,Taungoo,Bago
Site 4256,96.244415,18.800945,Taungoo,Bago
Site 4257,96.316361,18.967951,Taungoo,Bago
Site 4258,96.468761,19.021331,Taungoo,Bago
Site 4259,96.456388,19.03823,Taungoo,Bago
Site 4260,96.370537,18.890957,Taungoo,Bago
Site 4261,96.466583,18.863591,Taungoo,Bago
Site 4262,96.534563,18.867978,Taungoo,Bago
Site 4263,96.520912,18.985456,Taungoo,Bago
Site 4264,96.541625,18.824588,Taungoo,Bago
Site 4265,96.411921,18.940784,Taungoo,Bago
Site 4266,96.586383,19.060922,Taungoo,Bago
Site 4267,96.345001,18.925935,Taungoo,Bago
Site 4268,96.385969,18.826876,Taungoo,Bago
Site 4269,96.419073,18.850518,Taungoo,Bago
Site 4270,96.563788,19.137402,Taungoo,Bago
Site 4271,96.417679,18.978688,Taungoo,Bago
Site 4272,96.435756,18.895157,Taungoo,Bago
Site 4273,96.517286,19.243884,Taungoo,Bago
Site 4274,96.504456,18.758892,Taungoo,Bago
Site 4275,96.616512,19.051916,Taungoo,Bago
Site 4276,96.136914,19.105248,Taungoo,Bago
Site 4277,96.253114,19.042898,Taungoo,Bago
Site 4278,96.249077,18.893525,Taungoo,Bago
Site 4279,96.469247,19.126799,Taungoo,Bago
Site 4280,96.578638,18.964771,Taungoo,Bago
Site 4281,96.522174,18.854404,Taungoo,Bago
Site 4282,96.65443,18.798637,Taungoo,Bago
Site 4283,96.246462,18.984303,Taungoo,Bago
Site 4284,96.400674,18.690889,Taungoo,Bago
Site 4285,96.545217,18.952882,Taungoo,Bago
Site 4286,96.300371,19.030934,Taungoo,Bago
Site 4287,96.544138,19.06357,Taungoo,Bago
Site 4288,96.374747,19.14366,Taungoo,Bago
Site 4289,96.419604,19.067013,Taungoo,Bago
Site 4290,96.613753,18.851877,Taungoo,Bago
Site 4291,96.434771,18.968288,Taungoo,Bago
Site 4292,96.332646,18.814552,Taungoo,Bago
Site 4293,96.486045,18.882439,Taungoo,Bago
Site 4294,96.309033,18.879001,Taungoo,Bago
Site 4295,96.533609,18.962788,Taungoo,Bago
Site 4296,96.578994,18.870041,Taungoo,Bago
Site 4297,96.586234,18.865631,Taungoo,Bago
Site 4298,96.559838,19.062877,Taungoo,Bago
Site 4299,96.55421,19.080587,Taungoo,Bago
Site 4300,96.416613,18.799375,Taungoo,Bago
Site 4301,96.341977,18.889019,Taungoo,Bago
Site 4302,96.458579,18.725001,Taungoo,Bago
Site 4303,96.523321,18.807499,Taungoo,Bago
Site 4304,96.511447,19.077293,Taungoo,Bago
Site 4305,96.349502,18.985256,Taungoo,Bago
Site 4306,96.313023,18.749957,Taungoo,Bago
Site 4307,96.346808,18.73269,Taungoo,Bago
Site 4308,96.468643,19.022393,Taungoo,Bago
Site 4309,96.455569,18.864888,Taungoo,Bago
Site 4310,96.359624,18.831263,Taungoo,Bago
Site 4311,96.448589,18.764686,Taungoo,Bago
Site 4312,96.383277,18.905778,Taungoo,Bago
Site 4313,96.424053,19.080264,Taungoo,Bago
Site 4314,96.472364,18.860562,Taungoo,Bago
Site 4315,95.407022,18.759122,Pyay,Bago
Site 4316,95.392557,18.882546,Pyay,Bago
Site 4317,95.297663,18.684674,Pyay,Bago
Site 4318,95.134733,18.858931,Pyay,Bago
Site 4319,95.264404,19.023499,Pyay,Bago
Site 4320,94.945419,18.681659,Pyay,Bago
Site 4321,95.154465,18.906358,Pyay,Bago
Site 4322,95.153654,18.592866,Pyay,Bago
Site 4323,95.094524,18.77641,Pyay,Bago
Site 4324,95.446468,18.772763,Pyay,Bago
Site 4325,95.340181,18.982782,Pyay,Bago
Site 4326,95.333023,18.866778,Pyay,Bago
Site 4327,95.307406,18.726629,Pyay,Bago
Site 4328,95.000111,18.835347,Pyay,Bago
Site 4329,95.21617,18.717694,Pyay,Bago
Site 4330,95.030257,18.920505,Pyay,Bago
Site 4331,95.410557,18.991417,Pyay,Bago
Site 4332,95.045531,18.65661,Pyay,Bago
Site 4333,95.374672,18.859127,Pyay,Bago
Site 4334,95.236564,18.770976,Pyay,Bago
Site 4335,95.279472,18.911208,Pyay,Bago
Site 4336,95.171597,18.72121,Pyay,Bago
Site 4337,95.224127,18.837222,Pyay,Bago
Site 4338,95.503665,18.787989,Pyay,Bago
Site 4339,95.268964,18.99743,Pyay,Bago
Site 4340,95.418498,18.737493,Pyay,Bago
Site 4341,95.129051,18.930869,Pyay,Bago
Site 4342,95.199257,18.829906,Pyay,Bago
Site 4343,95.226504,18.992721,Pyay,Bago
Site 4344,95.165743,18.619226,Pyay,Bago
Site 4345,95.369056,18.939568,Pyay,Bago
Site 4346,95.329553,18.79485,Pyay,Bago
Site 4347,94.872506,18.825826,Pyay,Bago
Site 4348,95.228527,18.882353,Pyay,Bago
Site 4349,95.211835,18.747066,Pyay,Bago
Site 4350,95.235354,18.941623,Pyay,Bago
Site 4351,95.227684,18.962533,Pyay,Bago
Site 4352,95.246673,18.736103,Pyay,Bago
Site 4353,95.048848,18.897939,Pyay,Bago
Site 4354,95.235519,18.874233,Pyay,Bago
Site 4355,95.050074,18.886778,Pyay,Bago
Site 4356,95.082029,18.900023,Pyay,Bago
Site 4357,95.288515,18.646514,Pyay,Bago
Site 4358,94.998781,18.817757,Pyay,Bago
Site 4359,95.050364,18.734554,Pyay,Bago
Site 4360,95.167547,18.693546,Pyay,Bago
Site 4361,95.118826,18.728053,Pyay,Bago
Site 4362,95.293896,18.874802,Pyay,Bago
Site 4363,95.147464,18.932895,Pyay,Bago
Site 4364,95.010157,18.890033,Pyay,Bago
Site 4365,95.241527,18.941661,Pyay,Bago
Site 4366,95.017792,18.902199,Pyay,Bago
Site 4367,95.093435,18.964048,Pyay,Bago
Site 4368,95.257719,18.964032,Pyay,Bago
Site 4369,95.081787,18.738101,Pyay,Bago
Site 4370,95.423347,18.686065,Pyay,Bago
Site 4371,95.139379,18.975239,Pyay,Bago
Site 4372,95.08564,18.916525,Pyay,Bago
Site 4373,95.068753,18.835727,Pyay,Bago
Site 4374,95.080329,18.737566,Pyay,Bago
Site 4375,95.427529,18.715424,Pyay,Bago
Site 4376,95.135684,18.76611,Pyay,Bago
Site 4377,95.171301,18.858526,Pyay,Bago
Site 4378,95.056065,18.873149,Pyay,Bago
Site 4379,95.134386,18.732548,Pyay,Bago
Site 4380,95.241501,18.806152,Pyay,Bago
Site 4381,95.106907,18.59467,Pyay,Bago
Site 4382,95.107129,18.803055,Pyay,Bago
Site 4383,95.309839,18.885613,Pyay,Bago
Site 4384,95.120542,18.961137,Pyay,Bago
Site 4385,95.199706,18.787307,Pyay,Bago
Site 4386,95.423381,18.926624,Pyay,Bago
Site 4387,94.943263,18.782235,Pyay,Bago
Site 4388,95.161559,18.861234,Pyay,Bago
Site 4389,95.111179,18.705947,Pyay,Bago
Site 4390,95.365418,18.869388,Pyay,Bago
Site 4391,95.056039,18.868691,Pyay,Bago
Site 4392,95.30507,18.902034,Pyay,Bago
Site 4393,95.225194,19.013043,Pyay,Bago
Site 4394,95.193828,18.662756,Pyay,Bago
Site 4395,95.26197,18.899262,Pyay,Bago
Site 4396,95.018787,18.856907,Pyay,Bago
Site 4397,95.448491,18.95317,Pyay,Bago
Site 4398,95.036435,18.783819,Pyay,Bago
Site 4399,95.13797,18.890448,Pyay,Bago
Site 4400,95.303959,18.866844,Pyay,Bago
Site 4401,94.996122,18.714871,Pyay,Bago
Site 4402,95.40743,18.789743,Pyay,Bago
Site 4403,95.220471,18.807684,Pyay,Bago
Site 4404,95.409353,18.729763,Pyay,Bago
Site 4405,95.287158,18.692693,Pyay,Bago
Site 4406,95.486648,18.773908,Pyay,Bago
Site 4407,95.361121,18.819954,Pyay,Bago
Site 4408,95.312384,18.849069,Pyay,Bago
Site 4409,95.279698,18.753088,Pyay,Bago
Site 4410,94.977306,19.018674,Pyay,Bago
Site 4411,95.244179,18.58489,Pyay,Bago
Site 4412,95.265576,18.748361,Pyay,Bago
Site 4413,95.17139,18.662486,Pyay,Bago
Site 4414,95.40512,19.038038,Pyay,Bago
Site 4415,95.084414,19.013344,Pyay,Bago
Site 4416,95.032856,18.726366,Pyay,Bago
Site 4417,95.244963,18.737144,Pyay,Bago
Site 4418,94.896274,18.83826,Pyay,Bago
Site 4419,95.086935,18.866317,Pyay,Bago
Site 4420,95.214474,18.682754,Pyay,Bago
Site 4421,95.370718,18.748799,Pyay,Bago
Site 4422,95.279377,18.712377,Pyay,Bago
Site 4423,95.131966,18.706268,Pyay,Bago
Site 4424,95.218238,18.81251,Pyay,Bago
Site 4425,94.948396,18.562017,Pyay,Bago
Site 4426,95.259598,19.040043,Pyay,Bago
Site 4427,95.112542,18.847144,Pyay,Bago
Site 4428,94.991536,18.92807,Pyay,Bago
Site 4429,95.362828,18.822323,Pyay,Bago
Site 4430,95.34352,19.066732,Pyay,Bago
Site 4431,95.102895,18.728966,Pyay,Bago
Site 4432,95.502384,18.71734,Pyay,Bago
Site 4433,95.083715,18.835804,Pyay,Bago
Site 4434,95.327832,18.640762,Pyay,Bago
Site 4435,95.226731,18.891871,Pyay,Bago
Site 4436,95.333961,18.756116,Pyay,Bago
Site 4437,95.24711,18.824299,Pyay,Bago
Site 4438,95.39584,18.908096,Pyay,Bago
Site 4439,95.144329,18.765638,Pyay,Bago
Site 4440,94.905282,18.831036,Pyay,Bago
Site 4441,95.178183,18.898127,Pyay,Bago
Site 4442,95.16693,18.622199,Pyay,Bago
Site 4443,96.588199,17.935499,Nyaunglebin,Bago
Site 4444,96.806565,17.800809,Nyaunglebin,Bago
Site 4445,96.863293,17.951087,Nyaunglebin,Bago
Site 4446,96.506516,17.741829,Nyaunglebin,Bago
Site 4447,96.798505,18.027401,Nyaunglebin,Bago
Site 4448,96.558099,17.831021,Nyaunglebin,Bago
Site 4449,96.716462,17.992399,Nyaunglebin,Bago
Site 4450,96.813559,18.096575,Nyaunglebin,Bago
Site 4451,96.783115,17.992273,Nyaunglebin,Bago
Site 4452,96.676842,17.984587,Nyaunglebin,Bago
Site 4453,96.785038,18.183066,Nyaunglebin,Bago
Site 4454,96.633694,17.744441,Nyaunglebin,Bago
Site 4455,96.816423,17.711225,Nyaunglebin,Bago
Site 4456,96.846443,17.908144,Nyaunglebin,Bago
Site 4457,96.772947,18.07601,Nyaunglebin,Bago
Site 4458,96.723001,17.882221,Nyaunglebin,Bago
Site 4459,96.696262,17.979992,Nyaunglebin,Bago
Site 4460,96.661518,17.969505,Nyaunglebin,Bago
Site 4461,96.720269,18.016065,Nyaunglebin,Bago
Site 4462,96.659555,18.107551,Nyaunglebin,Bago
Site 4463,96.731721,17.806639,Nyaunglebin,Bago
Site 4464,96.72187,18.137131,Nyaunglebin,Bago
Site 4465,96.795309,17.783245,Nyaunglebin,Bago
Site 4466,96.68905,17.91281,Nyaunglebin,Bago
Site 4467,96.592459,17.979226,Nyaunglebin,Bago
Site 4468,96.831437,17.928711,Nyaunglebin,Bago
Site 4469,96.533059,17.608399,Nyaunglebin,Bago
Site 4470,96.751142,17.967609,Nyaunglebin,Bago
Site 4471,96.680441,17.897318,Nyaunglebin,Bago
Site 4472,96.967506,17.769366,Nyaunglebin,Bago
Site 4473,96.713456,18.043639,Nyaunglebin,Bago
Site 4474,96.548967,17.99036,Nyaunglebin,Bago
Site 4475,96.876803,18.130589,Nyaunglebin,Bago
Site 4476,96.679205,18.00511,Nyaunglebin,Bago
Site 4477,96.743021,17.920572,Nyaunglebin,Bago
Site 4478,96.647104,17.843408,Nyaunglebin,Bago
Site 4479,96.643129,17.899269,Nyaunglebin,Bago
Site 4480,96.65231,17.811486,Nyaunglebin,Bago
Site 4481,96.632753,17.878645,Nyaunglebin,Bago
Site 4482,96.919062,18.076508,Nyaunglebin,Bago
Site 4483,96.800963,18.152905,Nyaunglebin,Bago
Site 4484,96.842051,18.178323,Nyaunglebin,Bago
Site 4485,96.812769,18.020101,Nyaunglebin,Bago
Site 4486,96.647378,17.7659,Nyaunglebin,Bago
Site 4487,96.723964,17.791053,Nyaunglebin,Bago
Site 4488,96.898822,18.017596,Nyaunglebin,Bago
Site 4489,96.657849,17.883905,Nyaunglebin,Bago
Site 4490,96.862723,17.839175,Nyaunglebin,Bago
Site 4491,96.601893,17.841189,Nyaunglebin,Bago
Site 4492,96.77843,17.932831,Nyaunglebin,Bago
Site 4493,96.73976,17.874223,Nyaunglebin,Bago
Site 4494,96.745396,17.960888,Nyaunglebin,Bago
Site 4495,96.711174,17.917372,Nyaunglebin,Bago
Site 4496,96.458062,17.916852,Nyaunglebin,Bago
Site 4497,96.730623,18.190321,Nyaunglebin,Bago
Site 4498,96.621586,17.958039,Nyaunglebin,Bago
Site 4499,96.713938,17.958045,Nyaunglebin,Bago
Site 4500,96.816965,18.02987,Nyaunglebin,Bago
Site 4501,96.763782,18.070243,Nyaunglebin,Bago
Site 4502,96.797813,17.950185,Nyaunglebin,Bago
Site 4503,96.756818,17.784884,Nyaunglebin,Bago
Site 4504,96.691722,18.114945,Nyaunglebin,Bago
Site 4505,96.678228,18.004756,Nyaunglebin,Bago
Site 4506,96.841503,18.087068,Nyaunglebin,Bago
Site 4507,96.835029,17.86039,Nyaunglebin,Bago
Site 4508,96.77408,18.066344,Nyaunglebin,Bago
Site 4509,96.797506,17.988595,Nyaunglebin,Bago
Site 4510,96.815297,17.851829,Nyaunglebin,Bago
Site 4511,96.722338,18.091945,Nyaunglebin,Bago
Site 4512,96.814875,18.050693,Nyaunglebin,Bago
Site 4513,96.844584,18.003071,Nyaunglebin,Bago
Site 4514,96.593691,18.114134,Nyaunglebin,Bago
Site 4515,96.828126,18.063897,Nyaunglebin,Bago
Site 4516,96.569709,17.948317,Daik-U,Bago
Site 4517,96.619983,17.776967,Daik-U,Bago
Site 4518,96.626508,17.947695,Daik-U,Bago
Site 4519,96.69737,17.779283,Daik-U,Bago
Site 4520,96.671449,17.745349,Daik-U,Bago
Site 4521,96.776031,17.664268,Daik-U,Bago
Site 4522,96.64228,17.886617,Daik-U,Bago
Site 4523,96.435801,17.711899,Daik-U,Bago
Site 4524,96.592573,17.839908,Daik-U,Bago
Site 4525,96.637915,17.774022,Daik-U,Bago
Site 4526,96.730225,17.845959,Daik-U,Bago
Site 4527,96.727609,17.734676,Daik-U,Bago
Site 4528,96.751109,17.720524,Daik-U,Bago
Site 4529,96.456699,17.94212,Daik-U,Bago
Site 4530,96.847428,17.806283,Daik-U,Bago
Site 4531,96.797329,17.744014,Daik-U,Bago
Site 4532,96.762797,17.786611,Daik-U,Bago
Site 4533,96.805838,17.835044,Daik-U,Bago
Site 4534,96.843121,17.712603,Daik-U,Bago
Site 4535,96.483361,17.686914,Daik-U,Bago
Site 4536,96.932925,17.793326,Daik-U,Bago
Site 4537,96.612591,17.582401,Daik-U,Bago
Site 4538,96.696517,17.754662,Daik-U,Bago
Site 4539,96.748598,17.847125,Daik-U,Bago
Site 4540,96.467039,17.809346,Daik-U,Bago
Site 4541,96.573201,17.900268,Daik-U,Bago
Site 4542,96.754757,17.681579,Daik-U,Bago
Site 4543,96.594662,17.71768,Daik-U,Bago
Site 4544,96.565415,17.74655,Daik-U,Bago
Site 4545,96.509837,17.930841,Daik-U,Bago
Site 4546,96.496173,17.744477,Daik-U,Bago
Site 4547,96.672096,17.692559,Daik-U,Bago
Site 4548,96.641284,17.979815,Daik-U,Bago
Site 4549,96.668203,17.550703,Daik-U,Bago
Site 4550,96.659408,17.892248,Daik-U,Bago
Site 4551,96.472296,17.634928,Daik-U,Bago
Site 4552,96.582258,17.819111,Daik-U,Bago
Site 4553,96.403873,17.850139,Daik-U,Bago
Site 4554,96.773668,17.830957,Daik-U,Bago
Site 4555,96.578387,17.72764,Daik-U,Bago
Site 4556,96.655823,18.013978,Daik-U,Bago
Site 4557,96.666281,17.811511,Daik-U,Bago
Site 4558,96.661972,17.785966,Daik-U,Bago
Site 4559,96.60761,17.659449,Daik-U,Bago
Site 4560,96.499935,17.818871,Daik-U,Bago
Site 4561,96.68235,17.795346,Daik-U,Bago
Site 4562,96.638146,17.720048,Daik-U,Bago
Site 4563,96.5954,17.829114,Daik-U,Bago
Site 4564,96.512128,17.944483,Daik-U,Bago
Site 4565,96.748051,17.709444,Daik-U,Bago
Site 4566,96.617594,17.841455,Daik-U,Bago
Site 4567,96.804013,17.770542,Daik-U,Bago
Site 4568,96.527494,17.834439,Daik-U,Bago
Site 4569,96.909394,17.885491,Daik-U,Bago
Site 4570,96.635783,17.662659,Daik-U,Bago
Site 4571,95.224394,18.939595,Shwedaung,Bago
Site 4572,95.063553,18.650571,Shwedaung,Bago
Site 4573,95.193496,18.683986,Shwedaung,Bago
Site 4574,95.330825,18.780682,Shwedaung,Bago
Site 4575,95.431231,18.825368,Shwedaung,Bago
Site 4576,95.231344,18.960045,Shwedaung,Bago
Site 4577,95.275336,19.028677,Shwedaung,Bago
Site 4578,95.194329,19.030897,Shwedaung,Bago
Site 4579,95.209593,18.946564,Shwedaung,Bago
Site 4580,95.179075,19.016647,Shwedaung,Bago
Site 4581,95.417705,19.19923,Shwedaung,Bago
Site 4582,95.129297,18.861539,Shwedaung,Bago
Site 4583,95.090139,18.784028,Shwedaung,Bago
Site 4584,95.110854,18.758501,Shwedaung,Bago
Site 4585,95.016177,19.01185,Shwedaung,Bago
Site 4586,95.255048,19.044812,Shwedaung,Bago
Site 4587,95.435449,18.995293,Shwedaung,Bago
Site 4588,95.124592,18.747886,Shwedaung,Bago
Site 4589,95.431756,18.985973,Shwedaung,Bago
Site 4590,95.278894,18.973206,Shwedaung,Bago
Site 4591,95.144998,18.969621,Shwedaung,Bago
Site 4592,95.109649,19.051581,Shwedaung,Bago
Site 4593,95.263316,19.071512,Shwedaung,Bago
Site 4594,95.175713,18.88821,Shwedaung,Bago
Site 4595,95.388329,18.84731,Shwedaung,Bago
Site 4596,95.491137,18.973628,Shwedaung,Bago
Site 4597,95.018487,18.653869,Shwedaung,Bago
Site 4598,95.047497,18.951458,Shwedaung,Bago
Site 4599,95.18381,18.875826,Shwedaung,Bago
Site 4600,95.38234,18.945768,Shwedaung,Bago
Site 4601,95.289449,18.814785,Shwedaung,Bago
Site 4602,95.327048,19.076427,Shwedaung,Bago
Site 4603,95.354273,18.902688,Shwedaung,Bago
Site 4604,95.189902,18.922176,Shwedaung,Bago
Site 4605,94.986438,18.82524,Shwedaung,Bago
Site 4606,94.993959,18.872452,Shwedaung,Bago
Site 4607,95.016928,18.935325,Shwedaung,Bago
Site 4608,95.264393,18.86022,Shwedaung,Bago
Site 4609,95.218608,18.953615,Shwedaung,Bago
Site 4610,95.397991,19.032134,Shwedaung,Bago
Site 4611,95.205845,18.712502,Shwedaung,Bago
Site 4612,95.072254,18.983757,Shwedaung,Bago
Site 4613,95.221308,18.916104,Shwedaung,Bago
Site 4614,95.048262,19.036907,Shwedaung,Bago
Site 4615,95.210388,19.051816,Shwedaung,Bago
Site 4616,95.195338,19.040519,Shwedaung,Bago
Site 4617,95.707238,17.488765,Letpadan,Bago
Site 4618,95.651077,17.710126,Letpadan,Bago
Site 4619,95.877301,17.656436,Letpadan,Bago
Site 4620,95.740595,17.730654,Letpadan,Bago
Site 4621,96.020205,17.940936,Letpadan,Bago
Site 4622,95.739061,17.741854,Letpadan,Bago
Site 4623,95.463938,17.86717,Letpadan,Bago
Site 4624,95.724307,17.938936,Letpadan,Bago
Site 4625,95.946368,17.772701,Letpadan,Bago
Site 4626,95.65231,17.674605,Letpadan,Bago
Site 4627,95.977072,17.89464,Letpadan,Bago
Site 4628,95.804822,17.863258,Letpadan,Bago
Site 4629,95.842568,17.848246,Letpadan,Bago
Site 4630,95.50214,17.719149,Letpadan,Bago
Site 4631,95.844135,18.112942,Letpadan,Bago
Site 4632,95.730938,17.761104,Letpadan,Bago
Site 4633,96.029503,17.754595,Letpadan,Bago
Site 4634,95.700749,17.669182,Letpadan,Bago
Site 4635,95.775029,17.793552,Letpadan,Bago
Site 4636,95.62379,17.801306,Letpadan,Bago
Site 4637,95.819033,17.667155,Letpadan,Bago
Site 4638,95.638703,17.725155,Letpadan,Bago
Site 4639,95.835821,17.714652,Letpadan,Bago
Site 4640,95.698822,17.661392,Letpadan,Bago
Site 4641,95.647231,17.78516,Letpadan,Bago
Site 4642,95.848906,17.832536,Letpadan,Bago
Site 4643,95.801505,17.555739,Letpadan,Bago
Site 4644,95.730311,17.730205,Letpadan,Bago
Site 4645,95.696955,17.918097,Letpadan,Bago
Site 4646,95.878305,17.593682,Letpadan,Bago
Site 4647,95.680188,17.72182,Letpadan,Bago
Site 4648,95.568377,17.814452,Letpadan,Bago
Site 4649,95.758644,17.747291,Letpadan,Bago
Site 4650,95.713872,17.552212,Letpadan,Bago
Site 4651,95.843444,17.942013,Letpadan,Bago
Site 4652,95.940007,17.917268,Letpadan,Bago
Site 4653,96.036589,17.796253,Letpadan,Bago
Site 4654,95.785113,18.071334,Letpadan,Bago
Site 4655,95.853253,17.828018,Letpadan,Bago
Site 4656,95.745234,17.99682,Letpadan,Bago
Site 4657,95.908823,17.936466,Letpadan,Bago
Site 4658,95.743909,17.597981,Letpadan,Bago
Site 4659,95.82515,17.833298,Letpadan,Bago
Site 4660,95.665294,17.831866,Letpadan,Bago
Site 4661,95.588897,17.842757,Letpadan,Bago
Site 4662,95.749603,17.761254,Letpadan,Bago
Site 4663,95.666461,18.816962,Paungde,Bago
Site 4664,95.572197,18.597891,Paungde,Bago
Site 4665,95.508589,18.491202,Paungde,Bago
Site 4666,95.672337,18.547196,Paungde,Bago
Site 4667,95.550388,18.363858,Paungde,Bago
Site 4668,95.357296,18.507029,Paungde,Bago
Site 4669,95.625362,18.423625,Paungde,Bago
Site 4670,95.569844,18.280419,Paungde,Bago
Site 4671,95.600645,18.43237,Paungde,Bago
Site 4672,95.536861,18.576595,Paungde,Bago
Site 4673,95.485445,18.348929,Paungde,Bago
Site 4674,95.669088,18.354584,Paungde,Bago
Site 4675,95.312975,18.35977,Paungde,Bago
Site 4676,95.632298,18.553343,Paungde,Bago
Site 4677,95.669254,18.641202,Paungde,Bago
Site 4678,95.710095,18.501347,Paungde,Bago
Site 4679,95.607039,18.54103,Paungde,Bago
Site 4680,95.133778,18.631591,Paungde,Bago
Site 4681,95.533518,18.465066,Paungde,Bago
Site 4682,95.519274,18.557016,Paungde,Bago
Site 4683,95.443864,18.425201,Paungde,Bago
Site 4684,95.648849,18.467906,Paungde,Bago
Site 4685,95.556816,18.448263,Paungde,Bago
Site 4686,95.402908,18.295843,Paungde,Bago
Site 4687,95.732369,18.578233,Paungde,Bago
Site 4688,95.450439,18.561272,Paungde,Bago
Site 4689,95.558958,18.541107,Paungde,Bago
Site 4690,95.331987,18.445465,Paungde,Bago
Site 4691,95.441686,18.51343,Paungde,Bago
Site 4692,95.515073,18.495354,Paungde,Bago
Site 4693,95.54268,18.617814,Paungde,Bago
Site 4694,95.518613,18.393487,Paungde,Bago
Site 4695,95.735842,18.439691,Paungde,Bago
Site 4696,95.59082,18.435025,Paungde,Bago
Site 4697,95.356112,18.474727,Paungde,Bago
Site 4698,95.451058,18.626512,Paungde,Bago
Site 4699,95.575379,18.492533,Paungde,Bago
Site 4700,95.585718,18.535417,Paukkaung,Bago
Site 4701,95.344442,18.804305,Paukkaung,Bago
Site 4702,95.670988,18.724212,Paukkaung,Bago
Site 4703,95.243099,18.919778,Paukkaung,Bago
Site 4704,95.337502,18.626785,Paukkaung,Bago
Site 4705,95.383226,18.583191,Paukkaung,Bago
Site 4706,95.533241,18.610646,Paukkaung,Bago
Site 4707,95.246133,18.58357,Paukkaung,Bago
Site 4708,95.512184,18.5902,Paukkaung,Bago
Site 4709,95.436593,18.485449,Paukkaung,Bago
Site 4710,95.294952,18.633053,Paukkaung,Bago
Site 4711,95.339964,18.795019,Paukkaung,Bago
Site 4712,95.654813,18.731625,Paukkaung,Bago
Site 4713,95.482869,18.735615,Paukkaung,Bago
Site 4714,95.467273,18.533679,Paukkaung,Bago
Site 4715,95.439073,18.630227,Paukkaung,Bago
Site 4716,95.486338,18.657227,Paukkaung,Bago
Site 4717,95.291439,18.446233,Paukkaung,Bago
Site 4718,95.498658,18.67279,Paukkaung,Bago
Site 4719,95.353848,18.501443,Paukkaung,Bago
Site 4720,95.24999,18.679859,Paukkaung,Bago
Site 4721,95.483716,18.53877,Paukkaung,Bago
Site 4722,95.427716,18.647263,Paukkaung,Bago
Site 4723,95.3472,18.746826,Paukkaung,Bago
Site 4724,95.546743,18.43618,Paukkaung,Bago
Site 4725,95.474057,18.46624,Paukkaung,Bago
Site 4726,95.166054,18.603395,Paukkaung,Bago
Site 4727,95.449179,18.518352,Paukkaung,Bago
Site 4728,95.457157,18.801786,Paukkaung,Bago
Site 4729,95.397362,18.668436,Paukkaung,Bago
Site 4730,95.135653,18.506792,Paukkaung,Bago
Site 4731,95.502793,18.524439,Paukkaung,Bago
Site 4732,95.174884,18.517255,Paukkaung,Bago
Site 4733,95.454971,18.605561,Paukkaung,Bago
Site 4734,95.481305,18.520238,Paukkaung,Bago
Site 4735,95.415039,18.605339,Paukkaung,Bago
Site 4736,95.503023,18.591833,Paukkaung,Bago
Site 4737,95.472108,18.055301,Minhla,Bago
Site 4738,95.42949,17.897553,Minhla,Bago
Site 4739,95.660065,17.920692,Minhla,Bago
Site 4740,95.4155,17.894195,Minhla,Bago
Site 4741,95.65366,17.941598,Minhla,Bago
Site 4742,95.526072,17.911672,Minhla,Bago
Site 4743,95.567003,17.912609,Minhla,Bago
Site 4744,95.500535,17.994011,Minhla,Bago
Site 4745,95.618855,17.94784,Minhla,Bago
Site 4746,95.446404,18.028929,Minhla,Bago
Site 4747,95.342983,17.702893,Minhla,Bago
Site 4748,95.635332,17.948055,Minhla,Bago
Site 4749,95.416252,18.053134,Minhla,Bago
Site 4750,95.474398,17.969589,Minhla,Bago
Site 4751,95.601366,18.004361,Minhla,Bago
Site 4752,95.601351,17.949074,Minhla,Bago
Site 4753,95.417507,17.943851,Minhla,Bago
Site 4754,95.400154,18.105499,Minhla,Bago
Site 4755,95.743235,17.786825,Minhla,Bago
Site 4756,95.456678,17.936309,Minhla,Bago
Site 4757,95.792108,17.717404,Minhla,Bago
Site 4758,95.570262,18.046637,Minhla,Bago
Site 4759,95.487494,18.027523,Minhla,Bago
Site 4760,95.434714,18.181802,Minhla,Bago
Site 4761,95.320487,17.814855,Minhla,Bago
Site 4762,95.280632,17.993626,Minhla,Bago
Site 4763,95.430147,17.930696,Minhla,Bago
Site 4764,95.361172,18.023191,Minhla,Bago
Site 4765,95.527145,17.817439,Minhla,Bago
Site 4766,95.512573,18.238045,Minhla,Bago
Site 4767,95.583975,18.107522,Minhla,Bago
Site 4768,95.345699,17.970495,Minhla,Bago
Site 4769,95.450797,18.162322,Minhla,Bago
Site 4770,95.437555,18.045547,Minhla,Bago
Site 4771,95.481781,17.966211,Minhla,Bago
Site 4772,95.427354,17.98713,Minhla,Bago
Site 4773,95.515935,17.906141,Minhla,Bago
Site 4774,95.812768,18.288876,Gyobingauk,Bago
Site 4775,95.424873,18.250365,Gyobingauk,Bago
Site 4776,95.521764,18.212434,Gyobingauk,Bago
Site 4777,95.728187,18.219712,Gyobingauk,Bago
Site 4778,95.658066,18.370316,Gyobingauk,Bago
Site 4779,95.539277,18.403065,Gyobingauk,Bago
Site 4780,95.653204,18.149139,Gyobingauk,Bago
Site 4781,95.596534,18.086842,Gyobingauk,Bago
Site 4782,95.603825,18.228697,Gyobingauk,Bago
Site 4783,95.535987,17.898893,Gyobingauk,Bago
Site 4784,95.696056,18.285195,Gyobingauk,Bago
Site 4785,95.577677,18.18703,Gyobingauk,Bago
Site 4786,95.576734,18.167516,Gyobingauk,Bago
Site 4787,95.724103,18.164655,Gyobingauk,Bago
Site 4788,95.954035,18.049724,Gyobingauk,Bago
Site 4789,95.552828,18.28368,Gyobingauk,Bago
Site 4790,95.669649,18.21194,Gyobingauk,Bago
Site 4791,95.630761,18.022378,Gyobingauk,Bago
Site 4792,95.48247,18.113914,Gyobingauk,Bago
Site 4793,95.66122,18.336897,Gyobingauk,Bago
Site 4794,95.511626,18.227268,Gyobingauk,Bago
Site 4795,95.646501,18.203516,Gyobingauk,Bago
Site 4796,95.793983,18.119928,Gyobingauk,Bago
Site 4797,95.562622,18.117953,Gyobingauk,Bago
Site 4798,95.522056,18.168135,Gyobingauk,Bago
Site 4799,95.46859,18.18766,Gyobingauk,Bago
Site 4800,95.296207,18.484988,Gyobingauk,Bago
Site 4801,95.404299,18.242515,Gyobingauk,Bago
Site 4802,96.658795,17.311071,Thanatpin,Bago
Site 4803,96.557039,17.30114,Thanatpin,Bago
Site 4804,96.711336,17.203578,Thanatpin,Bago
Site 4805,96.769117,17.077584,Thanatpin,Bago
Site 4806,96.523695,17.315012,Thanatpin,Bago
Site 4807,96.552061,17.361088,Thanatpin,Bago
Site 4808,96.649645,17.198797,Thanatpin,Bago
Site 4809,96.794566,17.490391,Thanatpin,Bago
Site 4810,96.54472,17.219607,Thanatpin,Bago
Site 4811,96.344412,17.155115,Thanatpin,Bago
Site 4812,96.686068,17.253008,Thanatpin,Bago
Site 4813,96.64538,17.218634,Thanatpin,Bago
Site 4814,96.560529,17.103752,Thanatpin,Bago
Site 4815,96.354556,16.984302,Thanatpin,Bago
Site 4816,96.481669,17.213134,Thanatpin,Bago
Site 4817,96.617741,17.230683,Thanatpin,Bago
Site 4818,96.554924,17.408414,Thanatpin,Bago
Site 4819,96.407068,17.438518,Thanatpin,Bago
Site 4820,96.71108,17.213016,Thanatpin,Bago
Site 4821,96.501002,17.264392,Thanatpin,Bago
Site 4822,96.65147,17.27482,Thanatpin,Bago
Site 4823,96.496103,17.296877,Thanatpin,Bago
Site 4824,96.582844,17.158431,Thanatpin,Bago
Site 4825,96.580654,17.289635,Thanatpin,Bago
Site 4826,96.619371,17.303088,Thanatpin,Bago
Site 4827,96.622719,17.113517,Thanatpin,Bago
Site 4828,96.730759,17.276882,Thanatpin,Bago
Site 4829,96.59825,17.151873,Thanatpin,Bago
Site 4830,96.763423,17.395719,Kawa,Bago
Site 4831,96.622919,17.421918,Kawa,Bago
Site 4832,96.787078,17.139748,Kawa,Bago
Site 4833,96.750384,17.284826,Kawa,Bago
Site 4834,96.44879,17.216668,Kawa,Bago
Site 4835,96.856341,17.12955,Kawa,Bago
Site 4836,96.647478,17.424694,Kawa,Bago
Site 4837,96.8078,17.412873,Kawa,Bago
Site 4838,96.598732,17.368168,Kawa,Bago
Site 4839,96.75811,17.390271,Kawa,Bago
Site 4840,96.749642,17.242534,Kawa,Bago
Site 4841,96.740735,17.480033,Kawa,Bago
Site 4842,96.547067,17.087874,Kawa,Bago
Site 4843,96.562372,17.190925,Kawa,Bago
Site 4844,96.930861,17.503729,Kawa,Bago
Site 4845,96.884598,17.290283,Kawa,Bago
Site 4846,96.513144,17.518673,Kawa,Bago
Site 4847,96.823475,17.221387,Kawa,Bago
Site 4848,96.808333,17.364518,Kawa,Bago
Site 4849,96.445458,17.204298,Kawa,Bago
Site 4850,96.557359,17.136313,Kawa,Bago
Site 4851,96.72551,17.572153,Kawa,Bago
Site 4852,96.760841,17.337035,Kawa,Bago
Site 4853,96.822957,17.57221,Kawa,Bago
Site 4854,96.674206,17.487778,Kawa,Bago
Site 4855,96.975102,17.521803,Kawa,Bago
Site 4856,96.83822,17.166192,Kawa,Bago
Site 4857,96.754582,17.389753,Kawa,Bago
Site 4858,96.876751,17.454588,Waw,Bago
Site 4859,96.748068,17.56153,Waw,Bago
Site 4860,96.661966,17.524089,Waw,Bago
Site 4861,96.958669,17.312989,Waw,Bago
Site 4862,96.756977,17.487581,Waw,Bago
Site 4863,96.607537,17.268105,Waw,Bago
Site 4864,96.784114,17.428353,Waw,Bago
Site 4865,96.861181,17.157495,Waw,Bago
Site 4866,96.736373,17.591474,Waw,Bago
Site 4867,96.593727,17.516692,Waw,Bago
Site 4868,96.576293,17.415969,Waw,Bago
Site 4869,96.746484,17.549198,Waw,Bago
Site 4870,96.857802,17.587419,Waw,Bago
Site 4871,96.74202,17.47408,Waw,Bago
Site 4872,96.876611,17.74242,Waw,Bago
Site 4873,96.704115,17.401057,Waw,Bago
Site 4874,96.605703,17.665942,Waw,Bago
Site 4875,96.797596,17.426286,Waw,Bago
Site 4876,97.125608,20.741093,Taunggyi,Shan
Site 4877,97.119164,20.748667,Taunggyi,Shan
Site 4878,96.909195,20.663125,Taunggyi,Shan
Site 4879,96.898548,20.484286,Taunggyi,Shan
Site 4880,96.964501,20.628581,Taunggyi,Shan
Site 4881,97.002351,20.83888,Taunggyi,Shan
Site 4882,97.306883,20.717515,Taunggyi,Shan
Site 4883,97.266479,20.825198,Taunggyi,Shan
Site 4884,97.144583,20.607873,Taunggyi,Shan
Site 4885,97.073209,20.79155,Taunggyi,Shan
Site 4886,96.827088,20.715163,Taunggyi,Shan
Site 4887,97.015794,20.999753,Taunggyi,Shan
Site 4888,97.016389,20.977347,Taunggyi,Shan
Site 4889,96.862652,20.869561,Taunggyi,Shan
Site 4890,96.743562,20.993175,Taunggyi,Shan
Site 4891,96.873998,21.095675,Taunggyi,Shan
Site 4892,97.117525,20.90157,Taunggyi,Shan
Site 4893,96.99938,20.707335,Taunggyi,Shan
Site 4894,97.01352,20.952443,Taunggyi,Shan
Site 4895,96.951031,20.860919,Taunggyi,Shan
Site 4896,96.967039,20.815326,Taunggyi,Shan
Site 4897,96.999965,20.667187,Taunggyi,Shan
Site 4898,96.954021,20.645292,Taunggyi,Shan
Site 4899,97.006633,20.664525,Taunggyi,Shan
Site 4900,96.969072,20.752825,Taunggyi,Shan
Site 4901,96.951015,20.882339,Taunggyi,Shan
Site 4902,97.135622,20.77003,Taunggyi,Shan
Site 4903,97.084906,20.971476,Taunggyi,Shan
Site 4904,96.956317,20.837263,Taunggyi,Shan
Site 4905,96.851878,20.827536,Taunggyi,Shan
Site 4906,97.212541,20.837479,Taunggyi,Shan
Site 4907,97.009858,20.671917,Taunggyi,Shan
Site 4908,96.717025,20.855162,Taunggyi,Shan
Site 4909,97.201044,20.878653,Taunggyi,Shan
Site 4910,96.89462,20.724856,Taunggyi,Shan
Site 4911,97.227729,20.718426,Taunggyi,Shan
Site 4912,97.118345,20.831063,Taunggyi,Shan
Site 4913,97.365025,20.666316,Taunggyi,Shan
Site 4914,97.030068,21.098127,Taunggyi,Shan
Site 4915,97.260986,20.753588,Taunggyi,Shan
Site 4916,96.932424,20.794125,Taunggyi,Shan
Site 4917,96.980281,20.860493,Taunggyi,Shan
Site 4918,97.064433,20.714059,Taunggyi,Shan
Site 4919,96.90694,20.809505,Taunggyi,Shan
Site 4920,97.124437,20.898324,Taunggyi,Shan
Site 4921,96.789181,20.873118,Taunggyi,Shan
Site 4922,97.028298,20.854299,Taunggyi,Shan
Site 4923,97.001646,20.730828,Taunggyi,Shan
Site 4924,96.885467,20.560834,Taunggyi,Shan
Site 4925,96.919978,20.70815,Taunggyi,Shan
Site 4926,96.979016,20.945916,Taunggyi,Shan
Site 4927,97.032981,20.992534,Taunggyi,Shan
Site 4928,97.209532,20.579696,Taunggyi,Shan
Site 4929,97.044266,20.868239,Taunggyi,Shan
Site 4930,97.069644,20.708782,Taunggyi,Shan
Site 4931,97.103661,20.561598,Taunggyi,Shan
Site 4932,96.835359,20.696228,Taunggyi,Shan
Site 4933,97.027908,20.946926,Taunggyi,Shan
Site 4934,97.133293,20.999496,Taunggyi,Shan
Site 4935,97.009655,20.762983,Taunggyi,Shan
Site 4936,97.013941,20.892674,Taunggyi,Shan
Site 4937,97.164421,20.586813,Taunggyi,Shan
Site 4938,97.073111,20.795217,Taunggyi,Shan
Site 4939,97.102479,20.807202,Taunggyi,Shan
Site 4940,97.009048,20.748462,Taunggyi,Shan
Site 4941,97.16217,20.877907,Taunggyi,Shan
Site 4942,97.102726,20.755801,Taunggyi,Shan
Site 4943,97.135084,20.683163,Taunggyi,Shan
Site 4944,96.729229,20.598397,Taunggyi,Shan
Site 4945,96.820263,20.592604,Taunggyi,Shan
Site 4946,97.11271,20.784808,Taunggyi,Shan
Site 4947,96.978282,20.654163,Taunggyi,Shan
Site 4948,96.969161,20.603849,Taunggyi,Shan
Site 4949,97.151662,20.890576,Taunggyi,Shan
Site 4950,97.021863,20.848034,Taunggyi,Shan
Site 4951,97.107815,20.941387,Taunggyi,Shan
Site 4952,97.096336,20.973909,Taunggyi,Shan
Site 4953,96.894846,20.642371,Taunggyi,Shan
Site 4954,97.105491,20.597358,Taunggyi,Shan
Site 4955,97.050016,20.631828,Taunggyi,Shan
Site 4956,97.067894,20.68502,Taunggyi,Shan
Site 4957,97.041551,20.536213,Taunggyi,Shan
Site 4958,97.069318,20.892256,Taunggyi,Shan
Site 4959,97.411428,20.799273,Taunggyi,Shan
Site 4960,96.911647,20.907037,Taunggyi,Shan
Site 4961,96.906263,20.858307,Taunggyi,Shan
Site 4962,97.009346,20.778024,Taunggyi,Shan
Site 4963,96.735688,20.798974,Taunggyi,Shan
Site 4964,97.171532,20.730045,Taunggyi,Shan
Site 4965,97.193667,20.706923,Taunggyi,Shan
Site 4966,97.028534,20.966273,Taunggyi,Shan
Site 4967,96.990305,20.814605,Taunggyi,Shan
Site 4968,97.043697,21.006216,Taunggyi,Shan
Site 4969,96.960184,20.670743,Taunggyi,Shan
Site 4970,97.192295,20.75972,Taunggyi,Shan
Site 4971,96.939435,20.719731,Taunggyi,Shan
Site 4972,96.80308,20.581883,Taunggyi,Shan
Site 4973,97.19143,20.610316,Taunggyi,Shan
Site 4974,97.053653,20.859895,Taunggyi,Shan
Site 4975,96.989799,20.984846,Taunggyi,Shan
Site 4976,96.970608,20.554029,Taunggyi,Shan
Site 4977,96.999019,20.980496,Taunggyi,Shan
Site 4978,96.969351,20.701354,Taunggyi,Shan
Site 4979,97.089551,20.877043,Taunggyi,Shan
Site 4980,96.97633,20.748699,Taunggyi,Shan
Site 4981,97.069132,20.754146,Taunggyi,Shan
Site 4982,97.045265,20.818437,Taunggyi,Shan
Site 4983,97.210404,20.91787,Taunggyi,Shan
Site 4984,97.128668,20.851036,Taunggyi,Shan
Site 4985,97.188739,20.725673,Taunggyi,Shan
Site 4986,97.159041,20.626213,Taunggyi,Shan
Site 4987,97.042488,20.655257,Taunggyi,Shan
Site 4988,97.035635,20.714555,Taunggyi,Shan
Site 4989,96.894409,20.701455,Taunggyi,Shan
Site 4990,96.940572,20.72258,Taunggyi,Shan
Site 4991,97.117212,20.538795,Taunggyi,Shan
Site 4992,97.082673,20.69849,Taunggyi,Shan
Site 4993,97.121302,20.92507,Taunggyi,Shan
Site 4994,96.93826,20.85616,Taunggyi,Shan
Site 4995,96.960165,20.617486,Taunggyi,Shan
Site 4996,96.99452,20.87346,Taunggyi,Shan
Site 4997,97.104096,20.598773,Taunggyi,Shan
Site 4998,97.022025,20.887294,Taunggyi,Shan
Site 4999,96.951228,20.779963,Taunggyi,Shan
Site 5000,96.758646,20.878729,Taunggyi,Shan
Site 5001,96.866492,20.875128,Taunggyi,Shan
Site 5002,97.117302,20.649693,Taunggyi,Shan
Site 5003,97.159537,20.815995,Taunggyi,Shan
Site 5004,96.88519,20.708075,Taunggyi,Shan
Site 5005,97.077171,20.730035,Taunggyi,Shan
Site 5006,97.00323,20.726802,Taunggyi,Shan
Site 5007,96.839755,20.783243,Taunggyi,Shan
Site 5008,97.368328,20.741675,Taunggyi,Shan
Site 5009,97.134941,20.723501,Taunggyi,Shan
Site 5010,97.065924,20.697849,Taunggyi,Shan
Site 5011,97.048116,20.713338,Taunggyi,Shan
Site 5012,96.838845,20.782527,Taunggyi,Shan
Site 5013,97.088024,20.706717,Taunggyi,Shan
Site 5014,97.121319,20.878463,Taunggyi,Shan
Site 5015,96.911739,20.893419,Taunggyi,Shan
Site 5016,97.056768,20.994428,Taunggyi,Shan
Site 5017,97.124565,20.679847,Taunggyi,Shan
Site 5018,97.022368,20.597666,Taunggyi,Shan
Site 5019,97.013577,20.824761,Taunggyi,Shan
Site 5020,97.016036,20.72202,Taunggyi,Shan
Site 5021,96.978671,20.792026,Taunggyi,Shan
Site 5022,97.023778,20.781838,Taunggyi,Shan
Site 5023,97.196771,20.828878,Taunggyi,Shan
Site 5024,96.992591,20.768331,Taunggyi,Shan
Site 5025,96.9018,20.701816,Taunggyi,Shan
Site 5026,97.015364,20.727425,Taunggyi,Shan
Site 5027,97.128449,20.88111,Taunggyi,Shan
Site 5028,97.072963,20.774657,Taunggyi,Shan
Site 5029,97.171209,20.928937,Taunggyi,Shan
Site 5030,97.161678,20.612779,Taunggyi,Shan
Site 5031,96.918926,20.91628,Taunggyi,Shan
Site 5032,97.25495,20.892222,Taunggyi,Shan
Site 5033,97.034898,20.721326,Taunggyi,Shan
Site 5034,96.902342,20.738059,Taunggyi,Shan
Site 5035,96.981018,20.834019,Taunggyi,Shan
Site 5036,97.057653,20.686874,Taunggyi,Shan
Site 5037,97.204939,20.976483,Taunggyi,Shan
Site 5038,96.844046,20.79822,Taunggyi,Shan
Site 5039,97.121101,20.875657,Taunggyi,Shan
Site 5040,97.006186,20.660218,Taunggyi,Shan
Site 5041,97.205498,20.647373,Taunggyi,Shan
Site 5042,97.081464,20.72189,Taunggyi,Shan
Site 5043,96.920583,20.830117,Taunggyi,Shan
Site 5044,97.128667,20.751604,Taunggyi,Shan
Site 5045,96.696896,20.705992,Taunggyi,Shan
Site 5046,97.21336,20.794775,Taunggyi,Shan
Site 5047,96.956119,20.836404,Taunggyi,Shan
Site 5048,97.063687,20.915552,Taunggyi,Shan
Site 5049,97.053818,20.791081,Taunggyi,Shan
Site 5050,97.016608,20.684851,Taunggyi,Shan
Site 5051,96.991278,20.668546,Taunggyi,Shan
Site 5052,96.96385,20.902652,Taunggyi,Shan
Site 5053,97.022273,20.676594,Taunggyi,Shan
Site 5054,97.292395,20.726408,Taunggyi,Shan
Site 5055,97.116476,20.899299,Taunggyi,Shan
Site 5056,96.97328,20.74792,Taunggyi,Shan
Site 5057,96.993287,20.773068,Taunggyi,Shan
Site 5058,96.921886,20.689673,Taunggyi,Shan
Site 5059,97.108545,20.659284,Taunggyi,Shan
Site 5060,96.976278,20.896286,Taunggyi,Shan
Site 5061,97.264836,20.843398,Taunggyi,Shan
Site 5062,96.858053,20.814175,Taunggyi,Shan
Site 5063,97.168405,20.844569,Taunggyi,Shan
Site 5064,96.851089,20.696232,Taunggyi,Shan
Site 5065,96.997018,20.95281,Taunggyi,Shan
Site 5066,96.943918,20.85682,Taunggyi,Shan
Site 5067,96.979241,20.829303,Taunggyi,Shan
Site 5068,97.074754,20.808978,Taunggyi,Shan
Site 5069,96.957032,20.965107,Taunggyi,Shan
Site 5070,96.99355,20.70011,Taunggyi,Shan
Site 5071,97.059629,20.871459,Taunggyi,Shan
Site 5072,97.084436,20.725919,Taunggyi,Shan
Site 5073,97.084723,20.805356,Taunggyi,Shan
Site 5074,97.060467,20.876352,Taunggyi,Shan
Site 5075,96.667299,20.846758,Taunggyi,Shan
Site 5076,96.899698,20.602668,Taunggyi,Shan
Site 5077,96.900143,20.873579,Taunggyi,Shan
Site 5078,96.798567,20.727381,Taunggyi,Shan
Site 5079,97.107939,21.004226,Taunggyi,Shan
Site 5080,97.150707,20.758955,Taunggyi,Shan
Site 5081,96.952807,20.834193,Taunggyi,Shan
Site 5082,96.995487,20.921765,Taunggyi,Shan
Site 5083,97.203563,20.450503,Taunggyi,Shan
Site 5084,97.131124,20.835977,Taunggyi,Shan
Site 5085,97.052107,20.624804,Taunggyi,Shan
Site 5086,96.987182,20.669889,Taunggyi,Shan
Site 5087,97.026468,20.847922,Taunggyi,Shan
Site 5088,97.019546,20.766662,Taunggyi,Shan
Site 5089,96.959366,20.742988,Taunggyi,Shan
Site 5090,97.168184,20.840352,Taunggyi,Shan
Site 5091,96.798994,20.740382,Taunggyi,Shan
Site 5092,97.027639,20.713956,Taunggyi,Shan
Site 5093,97.00432,20.847344,Taunggyi,Shan
Site 5094,97.092296,20.914683,Taunggyi,Shan
Site 5095,97.065175,20.607384,Taunggyi,Shan
Site 5096,97.116473,20.800307,Taunggyi,Shan
Site 5097,97.067419,20.782189,Taunggyi,Shan
Site 5098,97.059716,20.493142,Taunggyi,Shan
Site 5099,96.862954,20.808976,Taunggyi,Shan
Site 5100,97.104646,20.804096,Taunggyi,Shan
Site 5101,97.108548,20.775364,Taunggyi,Shan
Site 5102,97.112306,20.859965,Taunggyi,Shan
Site 5103,97.132806,20.616491,Taunggyi,Shan
Site 5104,96.991551,20.667481,Taunggyi,Shan
Site 5105,97.223052,20.774084,Taunggyi,Shan
Site 5106,97.203615,20.910187,Taunggyi,Shan
Site 5107,96.859482,21.074077,Taunggyi,Shan
Site 5108,97.051175,20.739152,Taunggyi,Shan
Site 5109,96.957664,20.940388,Taunggyi,Shan
Site 5110,96.840619,20.894618,Taunggyi,Shan
Site 5111,96.995785,20.673855,Taunggyi,Shan
Site 5112,96.918477,20.528563,Taunggyi,Shan
Site 5113,96.979102,20.658895,Taunggyi,Shan
Site 5114,96.986434,20.368854,Taunggyi,Shan
Site 5115,97.711791,23.147058,Lashio,Shan
Site 5116,97.893043,23.033332,Lashio,Shan
Site 5117,97.932413,23.088551,Lashio,Shan
Site 5118,97.789365,23.166384,Lashio,Shan
Site 5119,97.709294,22.684314,Lashio,Shan
Site 5120,97.713225,22.780948,Lashio,Shan
Site 5121,97.887542,23.076947,Lashio,Shan
Site 5122,97.789471,22.939136,Lashio,Shan
Site 5123,97.677786,23.029757,Lashio,Shan
Site 5124,97.910457,22.856768,Lashio,Shan
Site 5125,97.831458,22.809856,Lashio,Shan
Site 5126,97.740347,22.917241,Lashio,Shan
Site 5127,97.776697,22.857697,Lashio,Shan
Site 5128,97.931104,22.762843,Lashio,Shan
Site 5129,97.443364,23.058419,Lashio,Shan
Site 5130,97.800167,22.907444,Lashio,Shan
Site 5131,97.704827,23.010923,Lashio,Shan
Site 5132,97.690698,22.970863,Lashio,Shan
Site 5133,98.028461,22.825298,Lashio,Shan
Site 5134,97.853411,22.955346,Lashio,Shan
Site 5135,97.688872,22.986626,Lashio,Shan
Site 5136,97.698345,23.042833,Lashio,Shan
Site 5137,97.847014,22.775075,Lashio,Shan
Site 5138,97.665609,22.770158,Lashio,Shan
Site 5139,97.64942,23.01775,Lashio,Shan
Site 5140,98.094788,23.053518,Lashio,Shan
Site 5141,97.688403,23.015201,Lashio,Shan
Site 5142,97.759493,22.856216,Lashio,Shan
Site 5143,97.852848,22.993592,Lashio,Shan
Site 5144,98.022537,22.98796,Lashio,Shan
Site 5145,97.829372,22.927402,Lashio,Shan
Site 5146,97.691165,22.610742,Lashio,Shan
Site 5147,97.639463,22.900872,Lashio,Shan
Site 5148,97.741596,23.13531,Lashio,Shan
Site 5149,97.722652,23.079595,Lashio,Shan
Site 5150,97.752053,22.702311,Lashio,Shan
Site 5151,97.868108,22.973166,Lashio,Shan
Site 5152,97.706813,22.86164,Lashio,Shan
Site 5153,97.651234,23.150065,Lashio,Shan
Site 5154,97.681611,22.863116,Lashio,Shan
Site 5155,97.710222,22.944437,Lashio,Shan
Site 5156,97.996661,23.154805,Lashio,Shan
Site 5157,97.863008,22.994586,Lashio,Shan
Site 5158,97.812725,22.92172,Lashio,Shan
Site 5159,97.861865,22.712606,Lashio,Shan
Site 5160,97.761695,23.005296,Lashio,Shan
Site 5161,97.819834,22.923415,Lashio,Shan
Site 5162,97.778504,23.037234,Lashio,Shan
Site 5163,97.621088,23.236777,Lashio,Shan
Site 5164,97.686594,22.955079,Lashio,Shan
Site 5165,97.716881,22.964493,Lashio,Shan
Site 5166,97.713481,22.782419,Lashio,Shan
Site 5167,97.76278,22.72968,Lashio,Shan
Site 5168,97.634537,23.015209,Lashio,Shan
Site 5169,97.791148,22.803769,Lashio,Shan
Site 5170,97.847334,22.804966,Lashio,Shan
Site 5171,97.758025,22.735344,Lashio,Shan
Site 5172,97.534015,23.067466,Lashio,Shan
Site 5173,97.722541,23.000767,Lashio,Shan
Site 5174,97.75163,22.925093,Lashio,Shan
Site 5175,97.621683,23.156165,Lashio,Shan
Site 5176,97.502732,22.94002,Lashio,Shan
Site 5177,97.810601,23.056677,Lashio,Shan
Site 5178,97.543469,23.064462,Lashio,Shan
Site 5179,97.812131,22.9592,Lashio,Shan
Site 5180,97.68671,22.977528,Lashio,Shan
Site 5181,97.557871,22.965761,Lashio,Shan
Site 5182,97.729207,22.990456,Lashio,Shan
Site 5183,97.69697,22.962021,Lashio,Shan
Site 5184,97.569061,23.156762,Lashio,Shan
Site 5185,97.65299,23.229004,Lashio,Shan
Site 5186,97.650954,23.053354,Lashio,Shan
Site 5187,97.825305,22.967689,Lashio,Shan
Site 5188,97.859933,22.733558,Lashio,Shan
Site 5189,97.635371,23.023866,Lashio,Shan
Site 5190,97.885121,22.880859,Lashio,Shan
Site 5191,97.657869,23.024828,Lashio,Shan
Site 5192,97.745418,22.873147,Lashio,Shan
Site 5193,97.625506,22.78335,Lashio,Shan
Site 5194,97.702485,23.059857,Lashio,Shan
Site 5195,97.917914,22.849327,Lashio,Shan
Site 5196,97.760492,23.138649,Lashio,Shan
Site 5197,97.611203,23.147157,Lashio,Shan
Site 5198,97.772464,23.199987,Lashio,Shan
Site 5199,97.598911,22.962085,Lashio,Shan
Site 5200,97.50075,22.868237,Lashio,Shan
Site 5201,97.86568,22.840964,Lashio,Shan
Site 5202,97.894474,22.989758,Lashio,Shan
Site 5203,97.591623,22.828407,Lashio,Shan
Site 5204,97.78068,22.977007,Lashio,Shan
Site 5205,97.623531,22.745681,Lashio,Shan
Site 5206,97.897161,23.124292,Lashio,Shan
Site 5207,97.809601,22.831515,Lashio,Shan
Site 5208,97.553564,22.927229,Lashio,Shan
Site 5209,97.845505,22.957535,Lashio,Shan
Site 5210,97.720994,23.071909,Lashio,Shan
Site 5211,97.650422,23.113015,Lashio,Shan
Site 5212,98.032146,22.992663,Lashio,Shan
Site 5213,97.739153,23.059016,Lashio,Shan
Site 5214,97.511897,22.966864,Lashio,Shan
Site 5215,97.736359,23.203036,Lashio,Shan
Site 5216,97.666667,22.739083,Lashio,Shan
Site 5217,97.861827,22.880621,Lashio,Shan
Site 5218,97.730017,22.876814,Lashio,Shan
Site 5219,97.641255,22.945843,Lashio,Shan
Site 5220,97.916899,23.179243,Lashio,Shan
Site 5221,97.869838,22.911441,Lashio,Shan
Site 5222,97.679784,22.852496,Lashio,Shan
Site 5223,97.843303,23.261314,Lashio,Shan
Site 5224,97.631439,22.922341,Lashio,Shan
Site 5225,97.546691,23.143659,Lashio,Shan
Site 5226,97.597191,22.845076,Lashio,Shan
Site 5227,97.76625,23.064418,Lashio,Shan
Site 5228,97.869583,22.955373,Lashio,Shan
Site 5229,97.587775,22.816678,Lashio,Shan
Site 5230,97.621543,22.866265,Lashio,Shan
Site 5231,97.748794,22.930829,Lashio,Shan
Site 5232,97.681417,22.947428,Lashio,Shan
Site 5233,97.766976,23.124291,Lashio,Shan
Site 5234,97.754698,23.020798,Lashio,Shan
Site 5235,97.831404,23.071514,Lashio,Shan
Site 5236,97.890948,23.189077,Lashio,Shan
Site 5237,97.618728,22.842113,Lashio,Shan
Site 5238,97.690478,23.159619,Lashio,Shan
Site 5239,97.796328,22.943402,Lashio,Shan
Site 5240,98.123167,22.685244,Lashio,Shan
Site 5241,97.836422,22.831524,Lashio,Shan
Site 5242,97.863851,22.980325,Lashio,Shan
Site 5243,97.824958,23.025739,Lashio,Shan
Site 5244,97.688874,22.758724,Lashio,Shan
Site 5245,97.909737,22.917046,Lashio,Shan
Site 5246,97.698939,22.844162,Lashio,Shan
Site 5247,97.534817,22.866036,Lashio,Shan
Site 5248,97.830256,23.003006,Lashio,Shan
Site 5249,97.876608,23.064024,Lashio,Shan
Site 5250,97.707825,22.869244,Lashio,Shan
Site 5251,98.030777,22.789528,Lashio,Shan
Site 5252,97.705073,23.001056,Lashio,Shan
Site 5253,97.837573,22.821321,Lashio,Shan
Site 5254,97.698218,22.920617,Lashio,Shan
Site 5255,97.896084,22.817097,Lashio,Shan
Site 5256,97.950098,22.988818,Lashio,Shan
Site 5257,97.847219,22.85953,Lashio,Shan
Site 5258,97.782033,23.192534,Lashio,Shan
Site 5259,97.69738,22.99313,Lashio,Shan
Site 5260,97.791589,22.891938,Lashio,Shan
Site 5261,97.723719,22.999523,Lashio,Shan
Site 5262,99.642152,21.262445,Kengtung,Shan
Site 5263,99.587691,21.34437,Kengtung,Shan
Site 5264,99.647771,21.422964,Kengtung,Shan
Site 5265,99.705424,21.309852,Kengtung,Shan
Site 5266,99.735726,21.322793,Kengtung,Shan
Site 5267,99.551392,21.349496,Kengtung,Shan
Site 5268,99.489106,21.518495,Kengtung,Shan
Site 5269,99.544819,21.304899,Kengtung,Shan
Site 5270,99.419068,21.25908,Kengtung,Shan
Site 5271,99.657123,21.225987,Kengtung,Shan
Site 5272,99.476667,21.341664,Kengtung,Shan
Site 5273,99.437985,21.406279,Kengtung,Shan
Site 5274,99.527463,21.255566,Kengtung,Shan
Site 5275,99.554123,21.404898,Kengtung,Shan
Site 5276,99.478787,21.196883,Kengtung,Shan
Site 5277,99.637298,21.345072,Kengtung,Shan
Site 5278,99.65112,21.25779,Kengtung,Shan
Site 5279,99.526428,20.993737,Kengtung,Shan
Site 5280,99.389882,21.416266,Kengtung,Shan
Site 5281,99.536692,21.200653,Kengtung,Shan
Site 5282,99.725327,21.176493,Kengtung,Shan
Site 5283,99.537894,21.1555,Kengtung,Shan
Site 5284,99.62606,21.266084,Kengtung,Shan
Site 5285,99.635563,21.256908,Kengtung,Shan
Site 5286,99.645598,21.011415,Kengtung,Shan
Site 5287,99.436627,21.179933,Kengtung,Shan
Site 5288,99.635561,21.284632,Kengtung,Shan
Site 5289,99.685477,21.205897,Kengtung,Shan
Site 5290,99.590218,21.248647,Kengtung,Shan
Site 5291,99.705427,21.351596,Kengtung,Shan
Site 5292,99.621556,21.164496,Kengtung,Shan
Site 5293,99.770841,21.212435,Kengtung,Shan
Site 5294,99.598373,21.44729,Kengtung,Shan
Site 5295,99.688272,21.378305,Kengtung,Shan
Site 5296,99.585382,21.205709,Kengtung,Shan
Site 5297,99.552213,21.286071,Kengtung,Shan
Site 5298,99.517609,21.269686,Kengtung,Shan
Site 5299,99.828705,21.108523,Kengtung,Shan
Site 5300,99.543302,20.931795,Kengtung,Shan
Site 5301,99.489127,21.353602,Kengtung,Shan
Site 5302,99.567916,21.339775,Kengtung,Shan
Site 5303,99.728236,21.199378,Kengtung,Shan
Site 5304,99.458218,21.146824,Kengtung,Shan
Site 5305,99.672014,21.389999,Kengtung,Shan
Site 5306,99.690288,21.432615,Kengtung,Shan
Site 5307,99.623729,21.494072,Kengtung,Shan
Site 5308,99.64663,21.223829,Kengtung,Shan
Site 5309,99.76739,21.48888,Kengtung,Shan
Site 5310,99.691955,21.434653,Kengtung,Shan
Site 5311,99.433218,21.282371,Kengtung,Shan
Site 5312,99.602018,21.020955,Kengtung,Shan
Site 5313,99.656894,21.322838,Kengtung,Shan
Site 5314,99.595741,21.394629,Kengtung,Shan
Site 5315,99.689829,21.321196,Kengtung,Shan
Site 5316,99.448945,21.3414,Kengtung,Shan
Site 5317,99.339527,21.306375,Kengtung,Shan
Site 5318,99.575024,21.351873,Kengtung,Shan
Site 5319,99.593621,21.184999,Kengtung,Shan
Site 5320,99.327318,21.367403,Kengtung,Shan
Site 5321,99.558886,21.317184,Kengtung,Shan
Site 5322,99.689649,21.158207,Kengtung,Shan
Site 5323,99.556531,21.163336,Kengtung,Shan
Site 5324,99.759448,21.260511,Kengtung,Shan
Site 5325,99.789086,21.226097,Kengtung,Shan
Site 5326,99.528591,21.420906,Kengtung,Shan
Site 5327,99.804896,21.239918,Kengtung,Shan
Site 5328,99.519182,21.196602,Kengtung,Shan
Site 5329,99.671031,21.444451,Kengtung,Shan
Site 5330,99.588532,21.188633,Kengtung,Shan
Site 5331,99.508731,21.302887,Kengtung,Shan
Site 5332,99.660835,21.14747,Kengtung,Shan
Site 5333,99.484903,21.252146,Kengtung,Shan
Site 5334,99.579558,21.44562,Kengtung,Shan
Site 5335,99.562575,21.279504,Kengtung,Shan
Site 5336,99.644905,21.210467,Kengtung,Shan
Site 5337,99.474966,21.375874,Kengtung,Shan
Site 5338,99.859826,21.054365,Kengtung,Shan
Site 5339,99.476025,21.217458,Kengtung,Shan
Site 5340,99.635836,21.269466,Kengtung,Shan
Site 5341,99.667352,21.366753,Kengtung,Shan
Site 5342,99.476936,21.227685,Kengtung,Shan
Site 5343,99.823027,21.237648,Kengtung,Shan
Site 5344,99.48755,21.430523,Kengtung,Shan
Site 5345,99.488469,21.167115,Kengtung,Shan
Site 5346,99.571469,21.382152,Kengtung,Shan
Site 5347,99.447113,21.126257,Kengtung,Shan
Site 5348,99.806134,21.25855,Kengtung,Shan
Site 5349,99.48063,21.400541,Kengtung,Shan
Site 5350,99.546922,21.243909,Kengtung,Shan
Site 5351,99.511542,21.514574,Kengtung,Shan
Site 5352,99.516872,21.114193,Kengtung,Shan
Site 5353,99.833307,21.179665,Kengtung,Shan
Site 5354,99.652498,21.355199,Kengtung,Shan
Site 5355,99.553692,21.420537,Kengtung,Shan
Site 5356,99.627253,21.341684,Kengtung,Shan
Site 5357,99.611412,21.229955,Kengtung,Shan
Site 5358,99.702845,21.391226,Kengtung,Shan
Site 5359,99.573414,21.275724,Kengtung,Shan
Site 5360,99.560048,21.48846,Kengtung,Shan
Site 5361,99.673722,21.342253,Kengtung,Shan
Site 5362,99.660953,21.457754,Kengtung,Shan
Site 5363,99.60416,21.441832,Kengtung,Shan
Site 5364,99.672331,21.120663,Kengtung,Shan
Site 5365,99.56199,21.118823,Kengtung,Shan
Site 5366,99.664115,21.265499,Kengtung,Shan
Site 5367,99.589835,21.290937,Kengtung,Shan
Site 5368,99.502931,21.414625,Kengtung,Shan
Site 5369,99.4621,21.300018,Kengtung,Shan
Site 5370,99.525546,21.308492,Kengtung,Shan
Site 5371,99.545396,21.337694,Kengtung,Shan
Site 5372,99.955705,20.341508,Tachileik,Shan
Site 5373,99.724504,20.493717,Tachileik,Shan
Site 5374,99.852951,20.491527,Tachileik,Shan
Site 5375,99.974751,20.518287,Tachileik,Shan
Site 5376,99.897578,20.448758,Tachileik,Shan
Site 5377,99.986543,20.506736,Tachileik,Shan
Site 5378,99.796131,20.30142,Tachileik,Shan
Site 5379,99.976037,20.578254,Tachileik,Shan
Site 5380,99.887211,20.309095,Tachileik,Shan
Site 5381,99.682629,20.522255,Tachileik,Shan
Site 5382,100.01833,20.2564,Tachileik,Shan
Site 5383,100.192114,20.409819,Tachileik,Shan
Site 5384,99.754069,20.624554,Tachileik,Shan
Site 5385,99.788425,20.273323,Tachileik,Shan
Site 5386,99.889312,20.425472,Tachileik,Shan
Site 5387,100.03087,20.326616,Tachileik,Shan
Site 5388,99.809371,20.429126,Tachileik,Shan
Site 5389,99.947303,20.348644,Tachileik,Shan
Site 5390,99.877282,20.324584,Tachileik,Shan
Site 5391,99.956516,20.652465,Tachileik,Shan
Site 5392,99.560066,20.428967,Tachileik,Shan
Site 5393,99.840882,20.469933,Tachileik,Shan
Site 5394,99.868759,20.441024,Tachileik,Shan
Site 5395,99.992545,20.460793,Tachileik,Shan
Site 5396,99.875112,20.52312,Tachileik,Shan
Site 5397,99.985472,20.686642,Tachileik,Shan
Site 5398,99.693812,20.394936,Tachileik,Shan
Site 5399,99.830695,20.60305,Tachileik,Shan
Site 5400,99.931015,20.440558,Tachileik,Shan
Site 5401,99.883441,20.454159,Tachileik,Shan
Site 5402,100.015878,20.48076,Tachileik,Shan
Site 5403,99.992468,20.44623,Tachileik,Shan
Site 5404,99.975969,20.554702,Tachileik,Shan
Site 5405,100.025131,20.359352,Tachileik,Shan
Site 5406,99.995372,20.513216,Tachileik,Shan
Site 5407,99.855434,20.637156,Tachileik,Shan
Site 5408,100.068897,20.347631,Tachileik,Shan
Site 5409,99.717025,20.520014,Tachileik,Shan
Site 5410,99.937327,20.385375,Tachileik,Shan
Site 5411,99.966426,20.483974,Tachileik,Shan
Site 5412,99.616804,20.460264,Tachileik,Shan
Site 5413,99.932947,20.507257,Tachileik,Shan
Site 5414,99.850446,20.297709,Tachileik,Shan
Site 5415,99.840516,20.475538,Tachileik,Shan
Site 5416,99.909456,20.600287,Tachileik,Shan
Site 5417,99.850329,20.431439,Tachileik,Shan
Site 5418,99.849221,20.675894,Tachileik,Shan
Site 5419,99.954152,20.321696,Tachileik,Shan
Site 5420,99.878118,20.277447,Tachileik,Shan
Site 5421,99.816086,20.403658,Tachileik,Shan
Site 5422,99.94883,20.445433,Tachileik,Shan
Site 5423,99.988453,20.335441,Tachileik,Shan
Site 5424,100.127697,20.323635,Tachileik,Shan
Site 5425,99.801338,20.496824,Tachileik,Shan
Site 5426,100.109439,20.418363,Tachileik,Shan
Site 5427,99.981453,20.317057,Tachileik,Shan
Site 5428,99.865494,20.646389,Tachileik,Shan
Site 5429,99.760791,20.609695,Tachileik,Shan
Site 5430,99.73641,20.656368,Tachileik,Shan
Site 5431,99.84007,20.526,Tachileik,Shan
Site 5432,100.061871,20.454878,Tachileik,Shan
Site 5433,99.994972,20.422336,Tachileik,Shan
Site 5434,99.949681,20.431956,Tachileik,Shan
Site 5435,99.790334,20.407623,Tachileik,Shan
Site 5436,99.8815,20.232075,Tachileik,Shan
Site 5437,99.97685,20.515121,Tachileik,Shan
Site 5438,99.794442,20.178814,Tachileik,Shan
Site 5439,99.941686,20.242395,Tachileik,Shan
Site 5440,99.955594,20.6141,Tachileik,Shan
Site 5441,99.980841,20.4911,Tachileik,Shan
Site 5442,99.927029,20.434633,Tachileik,Shan
Site 5443,99.847416,20.683475,Tachileik,Shan
Site 5444,99.882441,20.30411,Tachileik,Shan
Site 5445,97.424332,22.45384,Hsipaw,Shan
Site 5446,97.44427,22.637195,Hsipaw,Shan
Site 5447,97.247973,22.353448,Hsipaw,Shan
Site 5448,97.43573,22.732457,Hsipaw,Shan
Site 5449,97.263936,22.663191,Hsipaw,Shan
Site 5450,97.276612,22.548865,Hsipaw,Shan
Site 5451,97.448075,22.763499,Hsipaw,Shan
Site 5452,97.38376,22.640343,Hsipaw,Shan
Site 5453,97.233881,22.652516,Hsipaw,Shan
Site 5454,97.2862,22.831616,Hsipaw,Shan
Site 5455,97.375218,22.582978,Hsipaw,Shan
Site 5456,97.169132,22.472926,Hsipaw,Shan
Site 5457,97.093725,22.6407,Hsipaw,Shan
Site 5458,97.412804,22.584919,Hsipaw,Shan
Site 5459,97.352386,22.652067,Hsipaw,Shan
Site 5460,97.296562,22.471252,Hsipaw,Shan
Site 5461,97.506383,22.582164,Hsipaw,Shan
Site 5462,97.341824,22.612756,Hsipaw,Shan
Site 5463,97.407636,22.597334,Hsipaw,Shan
Site 5464,97.250163,22.823111,Hsipaw,Shan
Site 5465,97.298703,22.623747,Hsipaw,Shan
Site 5466,97.445102,22.648106,Hsipaw,Shan
Site 5467,97.539906,22.759995,Hsipaw,Shan
Site 5468,97.167577,22.618747,Hsipaw,Shan
Site 5469,97.335106,22.649661,Hsipaw,Shan
Site 5470,97.233149,22.501341,Hsipaw,Shan
Site 5471,97.204836,22.647019,Hsipaw,Shan
Site 5472,97.382158,22.630997,Hsipaw,Shan
Site 5473,97.20734,22.767602,Hsipaw,Shan
Site 5474,97.325132,22.663189,Hsipaw,Shan
Site 5475,97.306828,22.615635,Hsipaw,Shan
Site 5476,97.296496,22.816243,Hsipaw,Shan
Site 5477,97.311824,22.58183,Hsipaw,Shan
Site 5478,97.248837,22.49175,Hsipaw,Shan
Site 5479,97.37575,22.506724,Hsipaw,Shan
Site 5480,97.417723,22.601294,Hsipaw,Shan
Site 5481,97.258164,22.536348,Hsipaw,Shan
Site 5482,97.322899,22.763296,Hsipaw,Shan
Site 5483,97.233812,22.67421,Hsipaw,Shan
Site 5484,97.259295,22.611476,Hsipaw,Shan
Site 5485,97.260051,22.574928,Hsipaw,Shan
Site 5486,97.218361,22.652823,Hsipaw,Shan
Site 5487,97.438632,22.71484,Hsipaw,Shan
Site 5488,97.113273,22.554242,Hsipaw,Shan
Site 5489,97.318069,22.57867,Hsipaw,Shan
Site 5490,97.450632,22.651919,Hsipaw,Shan
Site 5491,97.298979,22.740345,Hsipaw,Shan
Site 5492,97.268775,22.575176,Hsipaw,Shan
Site 5493,97.061422,22.546043,Hsipaw,Shan
Site 5494,97.225339,22.607432,Hsipaw,Shan
Site 5495,97.395832,22.584616,Hsipaw,Shan
Site 5496,97.152762,22.641994,Hsipaw,Shan
Site 5497,97.389559,22.646171,Hsipaw,Shan
Site 5498,97.229623,22.443983,Hsipaw,Shan
Site 5499,97.154068,22.524828,Hsipaw,Shan
Site 5500,97.224149,22.804951,Hsipaw,Shan
Site 5501,97.073195,22.593668,Hsipaw,Shan
Site 5502,97.40464,22.65038,Hsipaw,Shan
Site 5503,97.127837,22.453399,Hsipaw,Shan
Site 5504,97.193273,22.74421,Hsipaw,Shan
Site 5505,97.250385,22.56337,Hsipaw,Shan
Site 5506,97.188598,22.682409,Hsipaw,Shan
Site 5507,97.387231,22.60321,Hsipaw,Shan
Site 5508,97.341302,22.728135,Hsipaw,Shan
Site 5509,97.448045,22.628327,Hsipaw,Shan
Site 5510,97.240765,22.384066,Hsipaw,Shan
Site 5511,97.299982,22.594911,Hsipaw,Shan
Site 5512,97.21899,22.545629,Hsipaw,Shan
Site 5513,97.347897,22.700599,Hsipaw,Shan
Site 5514,97.21886,22.870859,Hsipaw,Shan
Site 5515,97.354705,22.532632,Hsipaw,Shan
Site 5516,97.589575,22.465811,Hsipaw,Shan
Site 5517,97.377332,22.658366,Hsipaw,Shan
Site 5518,96.583404,20.678212,Kalaw,Shan
Site 5519,96.441484,20.512954,Kalaw,Shan
Site 5520,96.310854,20.806545,Kalaw,Shan
Site 5521,96.505278,20.659606,Kalaw,Shan
Site 5522,96.717704,20.579166,Kalaw,Shan
Site 5523,96.336674,20.478498,Kalaw,Shan
Site 5524,96.536703,20.616243,Kalaw,Shan
Site 5525,96.48443,20.597261,Kalaw,Shan
Site 5526,96.712879,20.669142,Kalaw,Shan
Site 5527,96.693156,20.672616,Kalaw,Shan
Site 5528,96.621237,20.641742,Kalaw,Shan
Site 5529,96.490576,20.583862,Kalaw,Shan
Site 5530,96.719266,20.788244,Kalaw,Shan
Site 5531,96.599245,20.465283,Kalaw,Shan
Site 5532,96.758283,20.638581,Kalaw,Shan
Site 5533,96.808098,20.598588,Kalaw,Shan
Site 5534,96.548617,20.612001,Kalaw,Shan
Site 5535,96.517553,20.709702,Kalaw,Shan
Site 5536,96.811833,20.743546,Kalaw,Shan
Site 5537,96.525995,20.78841,Kalaw,Shan
Site 5538,96.623685,20.594655,Kalaw,Shan
Site 5539,96.752994,20.504585,Kalaw,Shan
Site 5540,96.760166,20.918778,Kalaw,Shan
Site 5541,96.835556,20.638043,Kalaw,Shan
Site 5542,96.564065,20.63991,Kalaw,Shan
Site 5543,96.77955,20.821115,Kalaw,Shan
Site 5544,96.476543,20.737337,Kalaw,Shan
Site 5545,96.467723,20.718374,Kalaw,Shan
Site 5546,96.632908,20.471892,Kalaw,Shan
Site 5547,96.485314,20.795648,Kalaw,Shan
Site 5548,96.585817,20.55425,Kalaw,Shan
Site 5549,96.688454,20.692342,Kalaw,Shan
Site 5550,96.619696,20.875507,Kalaw,Shan
Site 5551,96.72504,20.647932,Kalaw,Shan
Site 5552,96.617178,20.633424,Kalaw,Shan
Site 5553,96.625337,20.579077,Kalaw,Shan
Site 5554,96.529471,20.363774,Kalaw,Shan
Site 5555,96.380193,20.743076,Kalaw,Shan
Site 5556,96.575928,20.555067,Kalaw,Shan
Site 5557,96.720397,20.443588,Kalaw,Shan
Site 5558,96.497575,20.889532,Kalaw,Shan
Site 5559,96.6247,20.677947,Kalaw,Shan
Site 5560,96.717958,20.658068,Kalaw,Shan
Site 5561,96.50866,20.727645,Kalaw,Shan
Site 5562,96.547001,20.798087,Kalaw,Shan
Site 5563,96.454647,20.744002,Kalaw,Shan
Site 5564,96.552269,20.595095,Kalaw,Shan
Site 5565,96.343406,20.802167,Kalaw,Shan
Site 5566,96.420503,20.587735,Kalaw,Shan
Site 5567,96.719724,20.555196,Kalaw,Shan
Site 5568,96.553268,20.654649,Kalaw,Shan
Site 5569,96.276648,20.488607,Kalaw,Shan
Site 5570,96.547523,20.620055,Kalaw,Shan
Site 5571,96.384143,20.579044,Kalaw,Shan
Site 5572,96.691664,20.680492,Kalaw,Shan
Site 5573,96.611976,20.753573,Kalaw,Shan
Site 5574,96.384884,20.715414,Kalaw,Shan
Site 5575,96.705242,20.512904,Kalaw,Shan
Site 5576,96.767861,20.611398,Kalaw,Shan
Site 5577,96.49275,20.62461,Kalaw,Shan
Site 5578,96.635573,20.534123,Kalaw,Shan
Site 5579,96.348459,20.532441,Kalaw,Shan
Site 5580,96.666877,20.463874,Kalaw,Shan
Site 5581,96.565455,20.593945,Kalaw,Shan
Site 5582,97.670314,24.028861,Muse,Shan
Site 5583,97.7415,24.068536,Muse,Shan
Site 5584,97.63046,24.100687,Muse,Shan
Site 5585,97.66551,24.040906,Muse,Shan
Site 5586,97.804244,23.996126,Muse,Shan
Site 5587,97.675876,24.049193,Muse,Shan
Site 5588,97.708546,24.109163,Muse,Shan
Site 5589,97.700917,24.168665,Muse,Shan
Site 5590,97.501745,23.906681,Muse,Shan
Site 5591,97.479469,23.806682,Muse,Shan
Site 5592,97.708645,24.218991,Muse,Shan
Site 5593,97.921762,24.043282,Muse,Shan
Site 5594,97.528502,24.158895,Muse,Shan
Site 5595,97.579778,23.976539,Muse,Shan
Site 5596,97.775863,23.919614,Muse,Shan
Site 5597,97.520263,24.028724,Muse,Shan
Site 5598,97.713727,23.806778,Muse,Shan
Site 5599,97.829872,23.846855,Muse,Shan
Site 5600,97.879089,23.976788,Muse,Shan
Site 5601,97.78135,23.995323,Muse,Shan
Site 5602,97.738141,24.108063,Muse,Shan
Site 5603,97.634293,24.055214,Muse,Shan
Site 5604,97.667522,24.022091,Muse,Shan
Site 5605,97.720079,23.856237,Muse,Shan
Site 5606,97.798026,24.099903,Muse,Shan
Site 5607,97.726512,23.891534,Muse,Shan
Site 5608,97.868367,23.702257,Muse,Shan
Site 5609,97.450718,24.157486,Muse,Shan
Site 5610,97.788513,23.891952,Muse,Shan
Site 5611,97.962588,24.093448,Muse,Shan
Site 5612,97.584399,24.093282,Muse,Shan
Site 5613,97.637162,24.048511,Muse,Shan
Site 5614,97.603665,23.941224,Muse,Shan
Site 5615,97.682281,24.042801,Muse,Shan
Site 5616,97.870217,23.915992,Muse,Shan
Site 5617,97.527895,24.061383,Muse,Shan
Site 5618,97.877786,23.75033,Muse,Shan
Site 5619,97.714733,23.941552,Muse,Shan
Site 5620,97.712207,23.878608,Muse,Shan
Site 5621,97.797224,24.003737,Muse,Shan
Site 5622,97.762633,23.998364,Muse,Shan
Site 5623,97.595319,24.108863,Muse,Shan
Site 5624,97.733711,24.146075,Muse,Shan
Site 5625,97.62755,23.885003,Muse,Shan
Site 5626,97.6913,23.818274,Muse,Shan
Site 5627,97.521636,24.073491,Muse,Shan
Site 5628,97.801862,24.214054,Muse,Shan
Site 5629,97.927825,24.018464,Muse,Shan
Site 5630,97.72907,24.006739,Muse,Shan
Site 5631,97.716653,23.897235,Muse,Shan
Site 5632,97.695062,23.848723,Muse,Shan
Site 5633,97.95635,24.058988,Muse,Shan
Site 5634,97.85933,24.153757,Muse,Shan
Site 5635,97.646189,23.823953,Muse,Shan
Site 5636,97.800667,24.001251,Muse,Shan
Site 5637,97.043711,20.627222,Nyaungshwe,Shan
Site 5638,97.055132,20.674818,Nyaungshwe,Shan
Site 5639,96.822655,20.625307,Nyaungshwe,Shan
Site 5640,96.849193,20.597515,Nyaungshwe,Shan
Site 5641,97.026615,20.712146,Nyaungshwe,Shan
Site 5642,96.927902,20.709342,Nyaungshwe,Shan
Site 5643,96.988762,20.51915,Nyaungshwe,Shan
Site 5644,96.924279,20.714913,Nyaungshwe,Shan
Site 5645,96.987707,20.779298,Nyaungshwe,Shan
Site 5646,96.848342,20.558743,Nyaungshwe,Shan
Site 5647,97.119301,20.346173,Nyaungshwe,Shan
Site 5648,96.990541,20.516626,Nyaungshwe,Shan
Site 5649,96.790148,20.648111,Nyaungshwe,Shan
Site 5650,97.09987,20.709574,Nyaungshwe,Shan
Site 5651,97.03381,20.699097,Nyaungshwe,Shan
Site 5652,96.87716,20.676348,Nyaungshwe,Shan
Site 5653,96.952143,20.542725,Nyaungshwe,Shan
Site 5654,96.847959,20.441411,Nyaungshwe,Shan
Site 5655,96.84166,20.589556,Nyaungshwe,Shan
Site 5656,97.107878,20.68152,Nyaungshwe,Shan
Site 5657,96.971747,20.650293,Nyaungshwe,Shan
Site 5658,97.035888,20.654588,Nyaungshwe,Shan
Site 5659,96.893537,20.769029,Nyaungshwe,Shan
Site 5660,97.091762,20.509433,Nyaungshwe,Shan
Site 5661,96.96786,20.621826,Nyaungshwe,Shan
Site 5662,96.956652,20.642252,Nyaungshwe,Shan
Site 5663,97.031695,20.350422,Nyaungshwe,Shan
Site 5664,96.873285,20.678048,Nyaungshwe,Shan
Site 5665,96.889458,20.58392,Nyaungshwe,Shan
Site 5666,96.637281,20.782215,Nyaungshwe,Shan
Site 5667,96.968097,20.572111,Nyaungshwe,Shan
Site 5668,97.030723,20.532817,Nyaungshwe,Shan
Site 5669,96.802489,20.629087,Nyaungshwe,Shan
Site 5670,96.89563,20.780187,Nyaungshwe,Shan
Site 5671,96.938719,20.463231,Nyaungshwe,Shan
Site 5672,96.932555,20.614971,Nyaungshwe,Shan
Site 5673,96.793739,20.547006,Nyaungshwe,Shan
Site 5674,96.973796,20.422807,Nyaungshwe,Shan
Site 5675,96.950945,20.495368,Nyaungshwe,Shan
Site 5676,97.111968,20.719828,Nyaungshwe,Shan
Site 5677,97.069641,20.60436,Nyaungshwe,Shan
Site 5678,97.108619,20.583187,Nyaungshwe,Shan
Site 5679,96.846554,20.614491,Nyaungshwe,Shan
Site 5680,96.991263,20.800288,Nyaungshwe,Shan
Site 5681,96.872201,20.757523,Nyaungshwe,Shan
Site 5682,96.966493,20.596781,Nyaungshwe,Shan
Site 5683,96.970507,20.599283,Nyaungshwe,Shan
Site 5684,97.112956,20.569972,Nyaungshwe,Shan
Site 5685,97.149518,20.440624,Nyaungshwe,Shan
Site 5686,96.728096,20.894131,Nyaungshwe,Shan
Site 5687,96.898256,20.605556,Nyaungshwe,Shan
Site 5688,96.991975,20.639287,Nyaungshwe,Shan
Site 5689,96.961434,20.541052,Nyaungshwe,Shan
Site 5690,96.970517,20.783627,Nyaungshwe,Shan
Site 5691,96.828562,20.656926,Nyaungshwe,Shan
Site 5692,96.837167,22.13953,Kyaukme,Shan
Site 5693,97.364388,22.017386,Kyaukme,Shan
Site 5694,97.285673,22.020312,Kyaukme,Shan
Site 5695,97.176107,22.158029,Kyaukme,Shan
Site 5696,97.215539,22.168466,Kyaukme,Shan
Site 5697,97.152085,22.047176,Kyaukme,Shan
Site 5698,97.039774,22.126199,Kyaukme,Shan
Site 5699,97.133132,22.189689,Kyaukme,Shan
Site 5700,97.036995,21.932888,Kyaukme,Shan
Site 5701,96.989149,22.221251,Kyaukme,Shan
Site 5702,97.261874,21.984692,Kyaukme,Shan
Site 5703,97.237512,22.135023,Kyaukme,Shan
Site 5704,97.234201,22.143379,Kyaukme,Shan
Site 5705,97.101342,22.013576,Kyaukme,Shan
Site 5706,97.062559,21.91761,Kyaukme,Shan
Site 5707,97.18295,22.168181,Kyaukme,Shan
Site 5708,96.913398,22.144158,Kyaukme,Shan
Site 5709,97.283963,22.027527,Kyaukme,Shan
Site 5710,97.195589,22.015318,Kyaukme,Shan
Site 5711,97.038951,22.31501,Kyaukme,Shan
Site 5712,97.167135,21.899649,Kyaukme,Shan
Site 5713,96.976572,22.044235,Kyaukme,Shan
Site 5714,97.124909,22.233695,Kyaukme,Shan
Site 5715,97.023661,21.874007,Kyaukme,Shan
Site 5716,97.150882,21.958575,Kyaukme,Shan
Site 5717,97.213726,22.143707,Kyaukme,Shan
Site 5718,97.100878,22.038714,Kyaukme,Shan
Site 5719,97.159082,22.089261,Kyaukme,Shan
Site 5720,97.179161,22.252068,Kyaukme,Shan
Site 5721,97.327751,22.309308,Kyaukme,Shan
Site 5722,97.257788,22.328345,Kyaukme,Shan
Site 5723,97.21867,22.129715,Kyaukme,Shan
Site 5724,97.139323,22.262851,Kyaukme,Shan
Site 5725,97.169448,22.13267,Kyaukme,Shan
Site 5726,97.413122,22.226182,Kyaukme,Shan
Site 5727,97.244258,21.931628,Kyaukme,Shan
Site 5728,97.063216,22.044126,Kyaukme,Shan
Site 5729,97.289164,22.060944,Kyaukme,Shan
Site 5730,97.068128,22.294594,Kyaukme,Shan
Site 5731,97.262056,22.250588,Kyaukme,Shan
Site 5732,97.178979,22.170108,Kyaukme,Shan
Site 5733,97.23505,22.167354,Kyaukme,Shan
Site 5734,97.237177,22.264056,Kyaukme,Shan
Site 5735,97.159732,22.247257,Kyaukme,Shan
Site 5736,97.353497,21.990391,Kyaukme,Shan
Site 5737,97.137036,22.059761,Kyaukme,Shan
Site 5738,96.629821,20.882746,Pindaya,Shan
Site 5739,96.751023,20.8378,Pindaya,Shan
Site 5740,96.546959,20.824576,Pindaya,Shan
Site 5741,96.771528,20.881748,Pindaya,Shan
Site 5742,96.551161,20.792884,Pindaya,Shan
Site 5743,96.535605,21.003484,Pindaya,Shan
Site 5744,96.563852,21.017665,Pindaya,Shan
Site 5745,96.519791,20.806455,Pindaya,Shan
Site 5746,96.683183,21.031025,Pindaya,Shan
Site 5747,96.737841,20.807744,Pindaya,Shan
Site 5748,96.701498,21.035768,Pindaya,Shan
Site 5749,96.587312,20.756747,Pindaya,Shan
Site 5750,96.569116,21.180475,Pindaya,Shan
Site 5751,96.910106,21.209817,Pindaya,Shan
Site 5752,96.817381,20.984244,Pindaya,Shan
Site 5753,96.618649,20.741914,Pindaya,Shan
Site 5754,96.787855,21.1315,Pindaya,Shan
Site 5755,96.760549,20.840498,Pindaya,Shan
Site 5756,96.595948,20.975425,Pindaya,Shan
Site 5757,96.724418,21.104884,Pindaya,Shan
Site 5758,96.672343,20.757834,Pindaya,Shan
Site 5759,96.619703,20.885959,Pindaya,Shan
Site 5760,96.744534,21.009765,Pindaya,Shan
Site 5761,96.650974,20.992959,Pindaya,Shan
Site 5762,96.621094,20.810162,Pindaya,Shan
Site 5763,96.654478,20.950305,Pindaya,Shan
Site 5764,96.480745,21.105174,Pindaya,Shan
Site 5765,96.666961,21.005718,Pindaya,Shan
Site 5766,96.807838,21.022181,Pindaya,Shan
Site 5767,96.815868,21.002163,Pindaya,Shan
Site 5768,96.682522,21.175248,Pindaya,Shan
Site 5769,96.674299,20.904721,Pindaya,Shan
Site 5770,96.686824,21.159585,Pindaya,Shan
Site 5771,96.545392,21.054883,Pindaya,Shan
Site 5772,96.702934,20.818594,Pindaya,Shan
Site 5773,96.430006,20.97255,Pindaya,Shan
Site 5774,96.943133,20.85907,Pindaya,Shan
Site 5775,97.158037,23.092221,Namtu,Shan
Site 5776,97.339322,22.795301,Namtu,Shan
Site 5777,97.532621,23.172504,Namtu,Shan
Site 5778,97.434765,23.28839,Namtu,Shan
Site 5779,97.135136,23.200843,Namtu,Shan
Site 5780,97.322998,23.175253,Namtu,Shan
Site 5781,97.389678,23.157445,Namtu,Shan
Site 5782,97.644057,23.223959,Namtu,Shan
Site 5783,97.514157,23.30606,Namtu,Shan
Site 5784,97.391617,23.01137,Namtu,Shan
Site 5785,97.563721,23.109459,Namtu,Shan
Site 5786,97.44232,23.109203,Namtu,Shan
Site 5787,97.390632,23.011002,Namtu,Shan
Site 5788,97.544837,22.973526,Namtu,Shan
Site 5789,97.304776,23.139849,Namtu,Shan
Site 5790,97.339297,23.126314,Namtu,Shan
Site 5791,97.400573,23.1324,Namtu,Shan
Site 5792,97.375073,23.162677,Namtu,Shan
Site 5793,97.564693,23.074707,Namtu,Shan
Site 5794,97.314817,23.167301,Namtu,Shan
Site 5795,97.313302,22.999524,Namtu,Shan
Site 5796,97.48539,22.991894,Namtu,Shan
Site 5797,97.224698,23.383411,Namtu,Shan
Site 5798,97.373426,22.915675,Namtu,Shan
Site 5799,97.359835,23.092171,Namtu,Shan
Site 5800,97.527242,23.163907,Namtu,Shan
Site 5801,97.395825,22.945739,Namtu,Shan
Site 5802,97.343244,23.007877,Namtu,Shan
Site 5803,97.229764,23.018161,Namtu,Shan
Site 5804,97.330699,23.14187,Namtu,Shan
Site 5805,97.498744,23.158067,Namtu,Shan
Site 5806,97.317957,23.157539,Namtu,Shan
Site 5807,97.257636,23.083531,Namtu,Shan
Site 5808,97.321512,22.998313,Namtu,Shan
Site 5809,97.219856,23.028208,Namtu,Shan
Site 5810,97.341003,23.161788,Namtu,Shan
Site 5811,97.486508,23.01749,Namtu,Shan
Site 5812,97.821442,23.663376,Kutkai,Shan
Site 5813,97.685579,23.536952,Kutkai,Shan
Site 5814,97.916472,23.351852,Kutkai,Shan
Site 5815,98.009357,23.119475,Kutkai,Shan
Site 5816,97.769155,23.467676,Kutkai,Shan
Site 5817,97.992765,23.601552,Kutkai,Shan
Site 5818,97.981952,23.540744,Kutkai,Shan
Site 5819,98.047554,23.5702,Kutkai,Shan
Site 5820,97.987937,23.423406,Kutkai,Shan
Site 5821,98.056346,23.608745,Kutkai,Shan
Site 5822,97.946855,23.353735,Kutkai,Shan
Site 5823,98.030391,23.370705,Kutkai,Shan
Site 5824,97.821536,23.358911,Kutkai,Shan
Site 5825,97.885027,23.537865,Kutkai,Shan
Site 5826,97.807916,23.575552,Kutkai,Shan
Site 5827,97.896275,23.278307,Kutkai,Shan
Site 5828,97.519233,23.526575,Kutkai,Shan
Site 5829,97.837613,23.43705,Kutkai,Shan
Site 5830,98.003681,23.470364,Kutkai,Shan
Site 5831,97.944368,23.600219,Kutkai,Shan
Site 5832,97.857305,23.537444,Kutkai,Shan
Site 5833,97.983332,23.477309,Kutkai,Shan
Site 5834,97.911515,23.541331,Kutkai,Shan
Site 5835,97.806508,23.347893,Kutkai,Shan
Site 5836,97.84892,23.443702,Kutkai,Shan
Site 5837,98.16071,23.313201,Kutkai,Shan
Site 5838,97.937573,23.247104,Kutkai,Shan
Site 5839,98.046192,23.492388,Kutkai,Shan
Site 5840,97.77186,23.417744,Kutkai,Shan
Site 5841,97.78304,23.332408,Kutkai,Shan
Site 5842,97.980343,23.600059,Kutkai,Shan
Site 5843,98.010796,23.470248,Kutkai,Shan
Site 5844,98.009676,23.440194,Kutkai,Shan
Site 5845,97.938271,23.368862,Kutkai,Shan
Site 5846,98.094568,23.559858,Kutkai,Shan
Site 5847,98.00992,23.41623,Kutkai,Shan
Site 5848,97.687926,23.529641,Kutkai,Shan
Site 5849,97.330082,20.81919,Hopong,Shan
Site 5850,97.332318,20.731771,Hopong,Shan
Site 5851,97.235661,20.993795,Hopong,Shan
Site 5852,97.035973,20.886795,Hopong,Shan
Site 5853,97.176435,20.724561,Hopong,Shan
Site 5854,97.049473,20.8253,Hopong,Shan
Site 5855,97.034654,20.966151,Hopong,Shan
Site 5856,97.189739,20.493952,Hopong,Shan
Site 5857,97.175476,20.742588,Hopong,Shan
Site 5858,97.147123,20.986148,Hopong,Shan
Site 5859,97.313937,20.731192,Hopong,Shan
Site 5860,97.097909,20.975128,Hopong,Shan
Site 5861,97.195495,20.842248,Hopong,Shan
Site 5862,97.182329,20.556277,Hopong,Shan
Site 5863,97.197252,20.850618,Hopong,Shan
Site 5864,97.322618,21.059249,Hopong,Shan
Site 5865,97.185954,20.785266,Hopong,Shan
Site 5866,97.008196,20.60708,Hopong,Shan
Site 5867,97.206192,20.632233,Hopong,Shan
Site 5868,97.31229,20.692538,Hopong,Shan
Site 5869,97.365472,20.715906,Hopong,Shan
Site 5870,97.054185,20.855225,Hopong,Shan
Site 5871,97.165981,20.740866,Hopong,Shan
Site 5872,97.203051,20.410165,Hopong,Shan
Site 5873,97.098025,20.658639,Hopong,Shan
Site 5874,97.103639,20.841649,Hopong,Shan
Site 5875,97.073725,20.641096,Hopong,Shan
Site 5876,97.185845,20.790995,Hopong,Shan
Site 5877,97.748204,24.01295,Namkham,Shan
Site 5878,97.764211,23.879093,Namkham,Shan
Site 5879,97.725588,23.840926,Namkham,Shan
Site 5880,97.702085,23.937865,Namkham,Shan
Site 5881,97.688571,23.698455,Namkham,Shan
Site 5882,97.58139,24.108575,Namkham,Shan
Site 5883,97.671961,23.729537,Namkham,Shan
Site 5884,97.583077,23.752085,Namkham,Shan
Site 5885,97.699255,23.840258,Namkham,Shan
Site 5886,97.818235,23.801448,Namkham,Shan
Site 5887,97.465671,23.761266,Namkham,Shan
Site 5888,97.66254,23.933909,Namkham,Shan
Site 5889,97.803231,23.62945,Namkham,Shan
Site 5890,97.761899,23.690581,Namkham,Shan
Site 5891,97.74293,23.716176,Namkham,Shan
Site 5892,97.64317,23.855296,Namkham,Shan
Site 5893,97.971004,23.550151,Namkham,Shan
Site 5894,97.755337,23.780922,Namkham,Shan
Site 5895,97.639357,23.894562,Namkham,Shan
Site 5896,97.635728,23.919996,Namkham,Shan
Site 5897,97.83018,23.90343,Namkham,Shan
Site 5898,97.673723,23.81876,Namkham,Shan
Site 5899,97.84183,23.705877,Namkham,Shan
Site 5900,97.632107,23.69498,Namkham,Shan
Site 5901,97.838009,23.916199,Namkham,Shan
Site 5902,97.870394,23.924849,Namkham,Shan
Site 5903,97.717985,23.812796,Namkham,Shan
Site 5904,97.558698,23.754157,Namkham,Shan
Site 5905,96.801866,20.270278,Pinlaung,Shan
Site 5906,96.749464,20.072141,Pinlaung,Shan
Site 5907,96.777312,20.083883,Pinlaung,Shan
Site 5908,96.774014,20.08878,Pinlaung,Shan
Site 5909,96.763354,20.083509,Pinlaung,Shan
Site 5910,96.911606,20.1107,Pinlaung,Shan
Site 5911,96.553968,20.162252,Pinlaung,Shan
Site 5912,96.865544,19.852192,Pinlaung,Shan
Site 5913,96.578224,20.000541,Pinlaung,Shan
Site 5914,96.727857,19.894014,Pinlaung,Shan
Site 5915,96.902036,20.262707,Pinlaung,Shan
Site 5916,96.84518,20.034063,Pinlaung,Shan
Site 5917,96.682364,20.00163,Pinlaung,Shan
Site 5918,96.784645,20.196557,Pinlaung,Shan
Site 5919,96.7368,19.957276,Pinlaung,Shan
Site 5920,96.745227,20.179173,Pinlaung,Shan
Site 5921,96.882037,20.068015,Pinlaung,Shan
Site 5922,97.025256,20.148778,Pinlaung,Shan
Site 5923,96.704603,20.150498,Pinlaung,Shan
Site 5924,96.844545,20.086865,Pinlaung,Shan
Site 5925,96.582723,19.79263,Pinlaung,Shan
Site 5926,96.703843,19.916465,Pinlaung,Shan
Site 5927,96.75895,20.046776,Pinlaung,Shan
Site 5928,96.71915,20.046824,Pinlaung,Shan
Site 5929,96.727545,20.114075,Pinlaung,Shan
Site 5930,96.674826,19.966788,Pinlaung,Shan
Site 5931,97.010607,19.94786,Pinlaung,Shan
Site 5932,96.720814,20.04848,Pinlaung,Shan
Site 5933,98.027343,20.200932,Loi-Lem,Shan
Site 5934,98.009849,20.036096,Loi-Lem,Shan
Site 5935,98.106449,20.042962,Loi-Lem,Shan
Site 5936,98.484015,20.013107,Loi-Lem,Shan
Site 5937,98.021277,20.031777,Loi-Lem,Shan
Site 5938,97.808961,19.928036,Loi-Lem,Shan
Site 5939,98.116448,20.36892,Loi-Lem,Shan
Site 5940,98.063157,20.003366,Loi-Lem,Shan
Site 5941,97.945915,20.138756,Loi-Lem,Shan
Site 5942,98.152123,20.175163,Loi-Lem,Shan
Site 5943,98.002601,20.184558,Loi-Lem,Shan
Site 5944,98.110583,20.067669,Loi-Lem,Shan
Site 5945,98.046755,20.16974,Loi-Lem,Shan
Site 5946,98.140084,19.905855,Loi-Lem,Shan
Site 5947,98.034971,20.115863,Loi-Lem,Shan
Site 5948,98.233854,19.992964,Loi-Lem,Shan
Site 5949,97.985486,20.29415,Loi-Lem,Shan
Site 5950,98.055689,19.96641,Loi-Lem,Shan
Site 5951,94.923161,21.953577,Monywa,Sagaing
Site 5952,94.963594,22.276822,Monywa,Sagaing
Site 5953,94.959192,22.16525,Monywa,Sagaing
Site 5954,95.302293,22.101184,Monywa,Sagaing
Site 5955,95.132165,22.285605,Monywa,Sagaing
Site 5956,95.217136,22.019971,Monywa,Sagaing
Site 5957,95.013956,22.009969,Monywa,Sagaing
Site 5958,95.159624,22.023644,Monywa,Sagaing
Site 5959,95.133132,22.20956,Monywa,Sagaing
Site 5960,95.036318,22.107669,Monywa,Sagaing
Site 5961,95.037734,22.117362,Monywa,Sagaing
Site 5962,95.254212,22.120596,Monywa,Sagaing
Site 5963,95.109556,22.008895,Monywa,Sagaing
Site 5964,95.073274,22.257097,Monywa,Sagaing
Site 5965,95.19411,22.118503,Monywa,Sagaing
Site 5966,94.921476,22.140772,Monywa,Sagaing
Site 5967,95.357015,21.964532,Monywa,Sagaing
Site 5968,95.185204,21.957691,Monywa,Sagaing
Site 5969,95.002471,22.222082,Monywa,Sagaing
Site 5970,95.236795,22.25519,Monywa,Sagaing
Site 5971,95.030803,21.994228,Monywa,Sagaing
Site 5972,95.184976,22.160312,Monywa,Sagaing
Site 5973,95.072758,22.000306,Monywa,Sagaing
Site 5974,95.219042,21.947555,Monywa,Sagaing
Site 5975,95.286289,22.0416,Monywa,Sagaing
Site 5976,95.236362,22.260254,Monywa,Sagaing
Site 5977,95.204086,22.147652,Monywa,Sagaing
Site 5978,95.219488,22.139675,Monywa,Sagaing
Site 5979,94.891906,21.888933,Monywa,Sagaing
Site 5980,95.154402,22.106027,Monywa,Sagaing
Site 5981,95.08898,21.981511,Monywa,Sagaing
Site 5982,95.251227,21.980972,Monywa,Sagaing
Site 5983,95.270502,22.281699,Monywa,Sagaing
Site 5984,95.21673,22.253336,Monywa,Sagaing
Site 5985,95.100097,22.141703,Monywa,Sagaing
Site 5986,94.936742,21.877487,Monywa,Sagaing
Site 5987,95.315336,22.001438,Monywa,Sagaing
Site 5988,94.969725,22.020342,Monywa,Sagaing
Site 5989,95.256765,22.096589,Monywa,Sagaing
Site 5990,94.984142,22.068673,Monywa,Sagaing
Site 5991,95.136323,22.193715,Monywa,Sagaing
Site 5992,94.953041,22.219363,Monywa,Sagaing
Site 5993,95.014957,22.193287,Monywa,Sagaing
Site 5994,95.111216,22.084765,Monywa,Sagaing
Site 5995,95.170541,22.257995,Monywa,Sagaing
Site 5996,95.170936,22.066359,Monywa,Sagaing
Site 5997,95.124971,22.129387,Monywa,Sagaing
Site 5998,95.251111,22.106429,Monywa,Sagaing
Site 5999,95.151121,22.164496,Monywa,Sagaing
Site 6000,94.970761,22.208848,Monywa,Sagaing
Site 6001,94.984914,21.988414,Monywa,Sagaing
Site 6002,95.25183,22.091271,Monywa,Sagaing
Site 6003,95.402745,22.193552,Monywa,Sagaing
Site 6004,95.20155,22.193734,Monywa,Sagaing
Site 6005,94.973997,22.056427,Monywa,Sagaing
Site 6006,95.2025,22.282123,Monywa,Sagaing
Site 6007,94.965573,21.896939,Monywa,Sagaing
Site 6008,95.341248,22.114784,Monywa,Sagaing
Site 6009,95.303066,22.056025,Monywa,Sagaing
Site 6010,95.005709,21.922473,Monywa,Sagaing
Site 6011,95.008289,22.168628,Monywa,Sagaing
Site 6012,95.060813,22.016849,Monywa,Sagaing
Site 6013,95.038419,22.307352,Monywa,Sagaing
Site 6014,95.191092,22.124869,Monywa,Sagaing
Site 6015,95.194342,21.994647,Monywa,Sagaing
Site 6016,95.176627,21.957144,Monywa,Sagaing
Site 6017,95.02,21.93102,Monywa,Sagaing
Site 6018,95.280766,22.139519,Monywa,Sagaing
Site 6019,95.216741,22.101674,Monywa,Sagaing
Site 6020,95.340477,22.16483,Monywa,Sagaing
Site 6021,94.88841,21.92117,Monywa,Sagaing
Site 6022,95.292391,22.074089,Monywa,Sagaing
Site 6023,94.997636,22.213906,Monywa,Sagaing
Site 6024,94.936276,21.934303,Monywa,Sagaing
Site 6025,95.223185,22.046148,Monywa,Sagaing
Site 6026,95.300314,21.992698,Monywa,Sagaing
Site 6027,94.948059,22.100646,Monywa,Sagaing
Site 6028,95.199479,22.239296,Monywa,Sagaing
Site 6029,95.046373,21.985679,Monywa,Sagaing
Site 6030,94.896911,22.0515,Monywa,Sagaing
Site 6031,95.293447,22.307261,Monywa,Sagaing
Site 6032,95.269935,22.204036,Monywa,Sagaing
Site 6033,95.376618,22.012124,Monywa,Sagaing
Site 6034,95.376743,22.109369,Monywa,Sagaing
Site 6035,95.092211,22.191884,Monywa,Sagaing
Site 6036,95.180437,21.998661,Monywa,Sagaing
Site 6037,95.063344,22.101734,Monywa,Sagaing
Site 6038,95.08975,22.254483,Monywa,Sagaing
Site 6039,95.226389,22.16255,Monywa,Sagaing
Site 6040,95.189623,22.288631,Monywa,Sagaing
Site 6041,95.309445,22.167681,Monywa,Sagaing
Site 6042,94.828292,22.155573,Monywa,Sagaing
Site 6043,95.002926,22.090053,Monywa,Sagaing
Site 6044,95.141902,22.119682,Monywa,Sagaing
Site 6045,95.054829,22.170655,Monywa,Sagaing
Site 6046,95.306556,21.875411,Monywa,Sagaing
Site 6047,95.063648,21.861769,Monywa,Sagaing
Site 6048,95.14879,22.053817,Monywa,Sagaing
Site 6049,95.37436,22.051512,Monywa,Sagaing
Site 6050,95.045415,22.052778,Monywa,Sagaing
Site 6051,95.179114,21.809353,Monywa,Sagaing
Site 6052,95.065115,22.245521,Monywa,Sagaing
Site 6053,95.131256,22.239481,Monywa,Sagaing
Site 6054,95.032742,22.213473,Monywa,Sagaing
Site 6055,95.055742,22.234098,Monywa,Sagaing
Site 6056,95.164192,22.138282,Monywa,Sagaing
Site 6057,94.979097,22.190332,Monywa,Sagaing
Site 6058,95.297176,22.055174,Monywa,Sagaing
Site 6059,95.019544,22.189872,Monywa,Sagaing
Site 6060,95.177231,22.083099,Monywa,Sagaing
Site 6061,95.046481,22.063599,Monywa,Sagaing
Site 6062,95.067559,21.985767,Monywa,Sagaing
Site 6063,95.103724,22.163195,Monywa,Sagaing
Site 6064,95.106842,21.985583,Monywa,Sagaing
Site 6065,95.14081,22.180817,Monywa,Sagaing
Site 6066,95.133745,22.108271,Monywa,Sagaing
Site 6067,95.31701,22.160025,Monywa,Sagaing
Site 6068,95.202405,22.143905,Monywa,Sagaing
Site 6069,95.088453,21.946526,Monywa,Sagaing
Site 6070,95.187862,22.143471,Monywa,Sagaing
Site 6071,95.172848,22.327625,Monywa,Sagaing
Site 6072,95.431284,22.083963,Monywa,Sagaing
Site 6073,95.192182,22.228471,Monywa,Sagaing
Site 6074,95.187238,22.022737,Monywa,Sagaing
Site 6075,95.054821,22.100295,Monywa,Sagaing
Site 6076,95.003402,22.505916,Monywa,Sagaing
Site 6077,95.245558,22.055091,Monywa,Sagaing
Site 6078,94.905665,22.032148,Monywa,Sagaing
Site 6079,95.139517,22.278677,Monywa,Sagaing
Site 6080,95.104562,22.185561,Monywa,Sagaing
Site 6081,95.3287,22.099765,Monywa,Sagaing
Site 6082,95.214197,21.991823,Monywa,Sagaing
Site 6083,94.945496,22.3653,Monywa,Sagaing
Site 6084,95.069921,22.133176,Monywa,Sagaing
Site 6085,95.06592,22.152958,Monywa,Sagaing
Site 6086,95.004263,22.121202,Monywa,Sagaing
Site 6087,95.231813,22.022665,Monywa,Sagaing
Site 6088,94.989022,22.031325,Monywa,Sagaing
Site 6089,95.201358,22.270959,Monywa,Sagaing
Site 6090,95.339211,21.783424,Monywa,Sagaing
Site 6091,94.966367,22.207091,Monywa,Sagaing
Site 6092,95.054018,22.076881,Monywa,Sagaing
Site 6093,95.257073,22.475265,Monywa,Sagaing
Site 6094,95.226055,22.192366,Monywa,Sagaing
Site 6095,95.027982,21.950213,Monywa,Sagaing
Site 6096,94.945012,22.138182,Monywa,Sagaing
Site 6097,95.242014,22.136545,Monywa,Sagaing
Site 6098,95.126159,22.009899,Monywa,Sagaing
Site 6099,95.03265,22.079657,Monywa,Sagaing
Site 6100,95.199653,22.089134,Monywa,Sagaing
Site 6101,95.129871,22.15942,Monywa,Sagaing
Site 6102,95.278993,22.09294,Monywa,Sagaing
Site 6103,95.232164,22.320821,Monywa,Sagaing
Site 6104,95.231694,22.103469,Monywa,Sagaing
Site 6105,95.173766,22.105216,Monywa,Sagaing
Site 6106,94.981548,22.251493,Monywa,Sagaing
Site 6107,95.074161,21.885553,Monywa,Sagaing
Site 6108,95.192692,22.028527,Monywa,Sagaing
Site 6109,95.30728,22.250063,Monywa,Sagaing
Site 6110,95.181511,21.965218,Monywa,Sagaing
Site 6111,95.220258,22.093058,Monywa,Sagaing
Site 6112,95.10481,22.024106,Monywa,Sagaing
Site 6113,95.166916,22.238317,Monywa,Sagaing
Site 6114,95.109782,22.024804,Monywa,Sagaing
Site 6115,94.915081,22.149278,Monywa,Sagaing
Site 6116,94.957641,22.17835,Monywa,Sagaing
Site 6117,95.367909,21.979776,Monywa,Sagaing
Site 6118,95.102083,22.197262,Monywa,Sagaing
Site 6119,95.218383,22.114994,Monywa,Sagaing
Site 6120,95.11522,22.05319,Monywa,Sagaing
Site 6121,94.931407,22.294004,Monywa,Sagaing
Site 6122,95.188848,22.046835,Monywa,Sagaing
Site 6123,95.171419,22.051741,Monywa,Sagaing
Site 6124,95.089638,22.220017,Monywa,Sagaing
Site 6125,95.156254,21.953447,Monywa,Sagaing
Site 6126,95.177394,22.12497,Monywa,Sagaing
Site 6127,95.159002,22.10996,Monywa,Sagaing
Site 6128,95.196166,21.842235,Monywa,Sagaing
Site 6129,95.073147,22.057176,Monywa,Sagaing
Site 6130,95.137388,22.09458,Monywa,Sagaing
Site 6131,95.052352,21.871643,Monywa,Sagaing
Site 6132,94.981622,22.200176,Monywa,Sagaing
Site 6133,95.072275,22.079474,Monywa,Sagaing
Site 6134,95.359445,22.11925,Monywa,Sagaing
Site 6135,95.290372,22.186283,Monywa,Sagaing
Site 6136,95.235508,22.040877,Monywa,Sagaing
Site 6137,95.08406,22.250464,Monywa,Sagaing
Site 6138,95.233234,22.015019,Monywa,Sagaing
Site 6139,94.980812,22.111067,Monywa,Sagaing
Site 6140,95.166992,22.213955,Monywa,Sagaing
Site 6141,95.047095,22.049976,Monywa,Sagaing
Site 6142,95.158417,22.014184,Monywa,Sagaing
Site 6143,94.984723,22.2694,Monywa,Sagaing
Site 6144,95.004472,22.196901,Monywa,Sagaing
Site 6145,95.336045,22.169545,Monywa,Sagaing
Site 6146,95.345385,22.185118,Monywa,Sagaing
Site 6147,95.123108,21.949823,Monywa,Sagaing
Site 6148,95.143614,22.02658,Monywa,Sagaing
Site 6149,95.100806,22.196057,Monywa,Sagaing
Site 6150,95.180605,22.241502,Monywa,Sagaing
Site 6151,95.1856,22.123123,Monywa,Sagaing
Site 6152,95.171961,22.180107,Monywa,Sagaing
Site 6153,95.791641,22.577243,Shwebo,Sagaing
Site 6154,95.51955,22.725433,Shwebo,Sagaing
Site 6155,95.807695,22.456964,Shwebo,Sagaing
Site 6156,95.519575,22.402952,Shwebo,Sagaing
Site 6157,95.693051,22.63584,Shwebo,Sagaing
Site 6158,95.637455,22.58958,Shwebo,Sagaing
Site 6159,95.491088,22.500637,Shwebo,Sagaing
Site 6160,95.645441,22.604662,Shwebo,Sagaing
Site 6161,95.564651,22.660472,Shwebo,Sagaing
Site 6162,95.54488,22.616605,Shwebo,Sagaing
Site 6163,95.613761,22.494642,Shwebo,Sagaing
Site 6164,95.529891,22.578105,Shwebo,Sagaing
Site 6165,95.578541,22.455978,Shwebo,Sagaing
Site 6166,95.668098,22.626024,Shwebo,Sagaing
Site 6167,95.728071,22.672058,Shwebo,Sagaing
Site 6168,95.564742,22.467287,Shwebo,Sagaing
Site 6169,95.784472,22.637246,Shwebo,Sagaing
Site 6170,95.605174,22.619872,Shwebo,Sagaing
Site 6171,95.72855,22.48751,Shwebo,Sagaing
Site 6172,95.548359,22.606038,Shwebo,Sagaing
Site 6173,95.75361,22.715075,Shwebo,Sagaing
Site 6174,95.754961,22.63752,Shwebo,Sagaing
Site 6175,95.684769,22.30145,Shwebo,Sagaing
Site 6176,95.763197,22.549427,Shwebo,Sagaing
Site 6177,95.791822,22.578356,Shwebo,Sagaing
Site 6178,95.710567,22.432573,Shwebo,Sagaing
Site 6179,95.726048,22.539863,Shwebo,Sagaing
Site 6180,95.799762,22.694873,Shwebo,Sagaing
Site 6181,95.574397,22.452682,Shwebo,Sagaing
Site 6182,95.663924,22.284107,Shwebo,Sagaing
Site 6183,95.722574,22.75857,Shwebo,Sagaing
Site 6184,95.828807,22.527668,Shwebo,Sagaing
Site 6185,95.723564,22.799112,Shwebo,Sagaing
Site 6186,95.617152,22.569187,Shwebo,Sagaing
Site 6187,95.741104,22.516925,Shwebo,Sagaing
Site 6188,95.74561,22.562661,Shwebo,Sagaing
Site 6189,95.929663,22.600046,Shwebo,Sagaing
Site 6190,95.82106,22.664271,Shwebo,Sagaing
Site 6191,95.666545,22.60075,Shwebo,Sagaing
Site 6192,95.620615,22.491106,Shwebo,Sagaing
Site 6193,95.681333,22.699058,Shwebo,Sagaing
Site 6194,95.749144,22.521086,Shwebo,Sagaing
Site 6195,95.704065,22.342637,Shwebo,Sagaing
Site 6196,95.778373,22.424385,Shwebo,Sagaing
Site 6197,95.773276,22.669077,Shwebo,Sagaing
Site 6198,95.500587,22.56816,Shwebo,Sagaing
Site 6199,95.8578,22.630709,Shwebo,Sagaing
Site 6200,95.818203,22.23723,Shwebo,Sagaing
Site 6201,95.618112,22.481092,Shwebo,Sagaing
Site 6202,95.575024,22.447443,Shwebo,Sagaing
Site 6203,95.688865,22.67086,Shwebo,Sagaing
Site 6204,95.707125,22.543186,Shwebo,Sagaing
Site 6205,95.740061,22.554868,Shwebo,Sagaing
Site 6206,95.662414,22.54249,Shwebo,Sagaing
Site 6207,95.801152,22.529507,Shwebo,Sagaing
Site 6208,95.527636,22.780125,Shwebo,Sagaing
Site 6209,95.912983,22.681763,Shwebo,Sagaing
Site 6210,95.78122,22.500256,Shwebo,Sagaing
Site 6211,95.547584,22.460191,Shwebo,Sagaing
Site 6212,95.612789,22.573284,Shwebo,Sagaing
Site 6213,95.621923,22.753134,Shwebo,Sagaing
Site 6214,95.523427,22.644137,Shwebo,Sagaing
Site 6215,95.6451,22.735819,Shwebo,Sagaing
Site 6216,95.71928,22.678408,Shwebo,Sagaing
Site 6217,95.836654,22.493286,Shwebo,Sagaing
Site 6218,95.685378,22.65441,Shwebo,Sagaing
Site 6219,95.725321,22.532515,Shwebo,Sagaing
Site 6220,95.669655,22.727823,Shwebo,Sagaing
Site 6221,95.705771,22.503169,Shwebo,Sagaing
Site 6222,95.836855,22.549275,Shwebo,Sagaing
Site 6223,95.669821,22.690971,Shwebo,Sagaing
Site 6224,95.856525,22.389872,Shwebo,Sagaing
Site 6225,95.43133,22.491564,Shwebo,Sagaing
Site 6226,95.569612,22.517703,Shwebo,Sagaing
Site 6227,95.703116,22.591324,Shwebo,Sagaing
Site 6228,95.693489,22.409652,Shwebo,Sagaing
Site 6229,95.500195,22.293662,Shwebo,Sagaing
Site 6230,95.670556,22.569223,Shwebo,Sagaing
Site 6231,95.648375,22.658267,Shwebo,Sagaing
Site 6232,95.440433,22.499788,Shwebo,Sagaing
Site 6233,95.773471,22.5636,Shwebo,Sagaing
Site 6234,95.809837,22.682309,Shwebo,Sagaing
Site 6235,95.633954,22.530009,Shwebo,Sagaing
Site 6236,95.776933,22.485413,Shwebo,Sagaing
Site 6237,95.541772,22.73872,Shwebo,Sagaing
Site 6238,95.575369,22.572956,Shwebo,Sagaing
Site 6239,95.746988,22.548318,Shwebo,Sagaing
Site 6240,95.507964,22.611204,Shwebo,Sagaing
Site 6241,95.697664,22.580891,Shwebo,Sagaing
Site 6242,95.723614,22.340478,Shwebo,Sagaing
Site 6243,95.632594,22.780033,Shwebo,Sagaing
Site 6244,95.761643,22.56731,Shwebo,Sagaing
Site 6245,95.865572,22.662174,Shwebo,Sagaing
Site 6246,95.573857,22.58784,Shwebo,Sagaing
Site 6247,95.74968,22.474578,Shwebo,Sagaing
Site 6248,95.475751,22.737976,Shwebo,Sagaing
Site 6249,95.885141,22.488417,Shwebo,Sagaing
Site 6250,95.62453,22.403963,Shwebo,Sagaing
Site 6251,95.800923,22.646901,Shwebo,Sagaing
Site 6252,95.522136,22.633962,Shwebo,Sagaing
Site 6253,95.633243,22.521167,Shwebo,Sagaing
Site 6254,95.469153,22.692656,Shwebo,Sagaing
Site 6255,95.695007,22.582711,Shwebo,Sagaing
Site 6256,95.55476,22.538692,Shwebo,Sagaing
Site 6257,95.866493,22.628531,Shwebo,Sagaing
Site 6258,95.815526,22.700562,Shwebo,Sagaing
Site 6259,95.449373,22.37602,Shwebo,Sagaing
Site 6260,95.800161,22.51938,Shwebo,Sagaing
Site 6261,95.6536,22.48011,Shwebo,Sagaing
Site 6262,95.660611,22.565254,Shwebo,Sagaing
Site 6263,95.43872,22.527552,Shwebo,Sagaing
Site 6264,95.619072,22.517683,Shwebo,Sagaing
Site 6265,95.859575,22.623191,Shwebo,Sagaing
Site 6266,95.794215,22.603574,Shwebo,Sagaing
Site 6267,95.815358,22.440288,Shwebo,Sagaing
Site 6268,95.690458,22.42082,Shwebo,Sagaing
Site 6269,95.550972,22.71414,Shwebo,Sagaing
Site 6270,95.686762,22.454551,Shwebo,Sagaing
Site 6271,95.704996,22.371334,Shwebo,Sagaing
Site 6272,95.663412,22.424502,Shwebo,Sagaing
Site 6273,95.607523,22.475156,Shwebo,Sagaing
Site 6274,95.498252,22.638748,Shwebo,Sagaing
Site 6275,95.67427,22.865292,Shwebo,Sagaing
Site 6276,95.880371,22.502282,Shwebo,Sagaing
Site 6277,95.678784,22.586856,Shwebo,Sagaing
Site 6278,95.796938,22.582099,Shwebo,Sagaing
Site 6279,95.729743,22.605142,Shwebo,Sagaing
Site 6280,95.652089,22.706532,Shwebo,Sagaing
Site 6281,95.95139,21.989519,Sagaing,Sagaing
Site 6282,96.234052,21.791634,Sagaing,Sagaing
Site 6283,95.936375,22.105808,Sagaing,Sagaing
Site 6284,95.855246,21.992441,Sagaing,Sagaing
Site 6285,95.770205,21.854665,Sagaing,Sagaing
Site 6286,96.077685,22.135731,Sagaing,Sagaing
Site 6287,95.828136,21.718568,Sagaing,Sagaing
Site 6288,95.87525,21.868641,Sagaing,Sagaing
Site 6289,95.722854,21.718616,Sagaing,Sagaing
Site 6290,95.948267,21.983083,Sagaing,Sagaing
Site 6291,95.948092,21.926737,Sagaing,Sagaing
Site 6292,96.006866,21.755019,Sagaing,Sagaing
Site 6293,96.188263,21.597817,Sagaing,Sagaing
Site 6294,95.91665,21.946765,Sagaing,Sagaing
Site 6295,96.08486,21.802349,Sagaing,Sagaing
Site 6296,96.04276,21.794425,Sagaing,Sagaing
Site 6297,96.001478,21.646634,Sagaing,Sagaing
Site 6298,95.89178,21.884778,Sagaing,Sagaing
Site 6299,96.051748,21.854179,Sagaing,Sagaing
Site 6300,95.772486,22.016351,Sagaing,Sagaing
Site 6301,95.871757,21.940051,Sagaing,Sagaing
Site 6302,95.985238,21.891621,Sagaing,Sagaing
Site 6303,95.9726,22.052413,Sagaing,Sagaing
Site 6304,96.146918,21.835644,Sagaing,Sagaing
Site 6305,96.257638,21.913557,Sagaing,Sagaing
Site 6306,96.18332,21.99678,Sagaing,Sagaing
Site 6307,96.005203,21.784887,Sagaing,Sagaing
Site 6308,96.030155,22.013249,Sagaing,Sagaing
Site 6309,95.967222,22.043906,Sagaing,Sagaing
Site 6310,95.853631,21.923722,Sagaing,Sagaing
Site 6311,95.952102,21.71168,Sagaing,Sagaing
Site 6312,96.140131,21.882758,Sagaing,Sagaing
Site 6313,95.903312,21.779971,Sagaing,Sagaing
Site 6314,95.995951,22.072208,Sagaing,Sagaing
Site 6315,96.062034,22.126234,Sagaing,Sagaing
Site 6316,95.823175,21.908857,Sagaing,Sagaing
Site 6317,95.787546,22.047158,Sagaing,Sagaing
Site 6318,96.070022,21.841748,Sagaing,Sagaing
Site 6319,95.909285,21.719587,Sagaing,Sagaing
Site 6320,96.048542,22.010315,Sagaing,Sagaing
Site 6321,95.916059,22.058065,Sagaing,Sagaing
Site 6322,95.956796,21.836807,Sagaing,Sagaing
Site 6323,96.077971,21.840836,Sagaing,Sagaing
Site 6324,96.037846,21.976417,Sagaing,Sagaing
Site 6325,95.959081,22.191356,Sagaing,Sagaing
Site 6326,95.983387,21.80982,Sagaing,Sagaing
Site 6327,96.235021,21.856445,Sagaing,Sagaing
Site 6328,96.093824,21.829431,Sagaing,Sagaing
Site 6329,96.263747,21.775023,Sagaing,Sagaing
Site 6330,95.966787,21.876408,Sagaing,Sagaing
Site 6331,95.974389,21.62526,Sagaing,Sagaing
Site 6332,95.893738,22.025696,Sagaing,Sagaing
Site 6333,95.915073,21.922945,Sagaing,Sagaing
Site 6334,95.892786,21.95277,Sagaing,Sagaing
Site 6335,95.899863,21.961858,Sagaing,Sagaing
Site 6336,96.182238,21.718881,Sagaing,Sagaing
Site 6337,95.860743,21.989675,Sagaing,Sagaing
Site 6338,95.971154,21.734616,Sagaing,Sagaing
Site 6339,96.066804,21.970794,Sagaing,Sagaing
Site 6340,95.86256,22.125675,Sagaing,Sagaing
Site 6341,95.90522,21.814716,Sagaing,Sagaing
Site 6342,95.876449,21.757385,Sagaing,Sagaing
Site 6343,96.065257,21.812069,Sagaing,Sagaing
Site 6344,95.945241,21.839955,Sagaing,Sagaing
Site 6345,96.059983,21.967429,Sagaing,Sagaing
Site 6346,96.125802,22.124796,Sagaing,Sagaing
Site 6347,95.930473,21.744275,Sagaing,Sagaing
Site 6348,95.844777,22.011187,Sagaing,Sagaing
Site 6349,95.970112,21.736709,Sagaing,Sagaing
Site 6350,95.916252,21.975199,Sagaing,Sagaing
Site 6351,95.838729,22.07858,Sagaing,Sagaing
Site 6352,96.039366,21.835983,Sagaing,Sagaing
Site 6353,96.044492,22.000395,Sagaing,Sagaing
Site 6354,95.781963,22.03009,Sagaing,Sagaing
Site 6355,96.174038,21.695786,Sagaing,Sagaing
Site 6356,95.934145,21.795112,Sagaing,Sagaing
Site 6357,96.148547,21.902161,Sagaing,Sagaing
Site 6358,95.731022,21.771416,Sagaing,Sagaing
Site 6359,96.069998,21.913419,Sagaing,Sagaing
Site 6360,96.232362,21.994514,Sagaing,Sagaing
Site 6361,95.99378,21.895968,Sagaing,Sagaing
Site 6362,96.182415,21.982203,Sagaing,Sagaing
Site 6363,96.020562,22.092424,Sagaing,Sagaing
Site 6364,95.925021,21.948478,Sagaing,Sagaing
Site 6365,95.903216,21.6749,Sagaing,Sagaing
Site 6366,95.982006,21.836132,Sagaing,Sagaing
Site 6367,96.034687,21.989093,Sagaing,Sagaing
Site 6368,96.018685,21.908931,Sagaing,Sagaing
Site 6369,95.856738,21.781015,Sagaing,Sagaing
Site 6370,95.981301,21.790184,Sagaing,Sagaing
Site 6371,96.11352,21.807397,Sagaing,Sagaing
Site 6372,95.922526,21.838117,Sagaing,Sagaing
Site 6373,96.051995,21.895758,Sagaing,Sagaing
Site 6374,95.980305,21.853103,Sagaing,Sagaing
Site 6375,95.974239,21.682688,Sagaing,Sagaing
Site 6376,96.016423,21.923876,Sagaing,Sagaing
Site 6377,95.964152,21.731705,Sagaing,Sagaing
Site 6378,96.117257,21.988516,Sagaing,Sagaing
Site 6379,95.898926,21.686353,Sagaing,Sagaing
Site 6380,95.947632,21.778525,Sagaing,Sagaing
Site 6381,95.912568,22.015895,Sagaing,Sagaing
Site 6382,95.928635,21.92709,Sagaing,Sagaing
Site 6383,95.931374,21.856902,Sagaing,Sagaing
Site 6384,95.984049,21.810015,Sagaing,Sagaing
Site 6385,96.016465,21.66503,Sagaing,Sagaing
Site 6386,95.882411,21.823693,Sagaing,Sagaing
Site 6387,96.167052,21.711645,Sagaing,Sagaing
Site 6388,95.778004,21.844076,Sagaing,Sagaing
Site 6389,95.846413,21.762984,Sagaing,Sagaing
Site 6390,95.798108,21.844036,Sagaing,Sagaing
Site 6391,93.981397,23.147373,Kalay,Sagaing
Site 6392,94.233055,23.154793,Kalay,Sagaing
Site 6393,93.99393,23.127017,Kalay,Sagaing
Site 6394,94.079011,23.453568,Kalay,Sagaing
Site 6395,93.849697,23.263816,Kalay,Sagaing
Site 6396,93.935562,23.085047,Kalay,Sagaing
Site 6397,94.117002,23.351461,Kalay,Sagaing
Site 6398,94.121713,23.295992,Kalay,Sagaing
Site 6399,93.915854,23.292203,Kalay,Sagaing
Site 6400,94.019833,23.195727,Kalay,Sagaing
Site 6401,93.900359,23.564345,Kalay,Sagaing
Site 6402,94.035479,23.084067,Kalay,Sagaing
Site 6403,93.919072,23.131422,Kalay,Sagaing
Site 6404,93.961953,23.192131,Kalay,Sagaing
Site 6405,94.088294,23.312634,Kalay,Sagaing
Site 6406,94.048246,23.248546,Kalay,Sagaing
Site 6407,93.875781,23.123872,Kalay,Sagaing
Site 6408,94.056011,23.273866,Kalay,Sagaing
Site 6409,93.899327,23.249483,Kalay,Sagaing
Site 6410,94.054063,23.044897,Kalay,Sagaing
Site 6411,93.784635,23.440236,Kalay,Sagaing
Site 6412,94.005296,23.041776,Kalay,Sagaing
Site 6413,94.191485,22.901595,Kalay,Sagaing
Site 6414,93.945678,23.085609,Kalay,Sagaing
Site 6415,93.994171,23.204443,Kalay,Sagaing
Site 6416,94.038314,23.033331,Kalay,Sagaing
Site 6417,94.146251,23.183043,Kalay,Sagaing
Site 6418,93.82636,23.494936,Kalay,Sagaing
Site 6419,93.932319,23.117903,Kalay,Sagaing
Site 6420,93.79976,23.13332,Kalay,Sagaing
Site 6421,94.021509,23.203048,Kalay,Sagaing
Site 6422,94.051459,23.355059,Kalay,Sagaing
Site 6423,94.081257,23.048509,Kalay,Sagaing
Site 6424,94.203662,23.317794,Kalay,Sagaing
Site 6425,93.952782,23.154979,Kalay,Sagaing
Site 6426,94.025933,23.214002,Kalay,Sagaing
Site 6427,94.125332,23.259854,Kalay,Sagaing
Site 6428,94.088203,23.193161,Kalay,Sagaing
Site 6429,93.901624,23.125824,Kalay,Sagaing
Site 6430,93.94321,23.240005,Kalay,Sagaing
Site 6431,94.134054,23.171488,Kalay,Sagaing
Site 6432,94.167264,23.103907,Kalay,Sagaing
Site 6433,94.042178,23.258308,Kalay,Sagaing
Site 6434,93.963759,23.167348,Kalay,Sagaing
Site 6435,94.036625,23.364664,Kalay,Sagaing
Site 6436,94.039718,23.154142,Kalay,Sagaing
Site 6437,94.100816,23.375795,Kalay,Sagaing
Site 6438,94.09875,23.11519,Kalay,Sagaing
Site 6439,94.103457,23.127808,Kalay,Sagaing
Site 6440,93.801101,23.391344,Kalay,Sagaing
Site 6441,94.038629,23.280731,Kalay,Sagaing
Site 6442,94.29445,23.173038,Kalay,Sagaing
Site 6443,94.072782,23.184622,Kalay,Sagaing
Site 6444,94.12189,22.837051,Kalay,Sagaing
Site 6445,94.159839,22.918128,Kalay,Sagaing
Site 6446,94.08191,23.010971,Kalay,Sagaing
Site 6447,94.122954,23.319562,Kalay,Sagaing
Site 6448,93.961397,23.21235,Kalay,Sagaing
Site 6449,94.031426,23.154728,Kalay,Sagaing
Site 6450,94.140742,23.144452,Kalay,Sagaing
Site 6451,94.127917,23.179625,Kalay,Sagaing
Site 6452,93.999133,23.255897,Kalay,Sagaing
Site 6453,93.980436,23.454598,Kalay,Sagaing
Site 6454,93.961302,23.423144,Kalay,Sagaing
Site 6455,94.279344,23.080095,Kalay,Sagaing
Site 6456,94.185991,23.19266,Kalay,Sagaing
Site 6457,94.127103,23.178116,Kalay,Sagaing
Site 6458,94.21847,23.137778,Kalay,Sagaing
Site 6459,94.02597,23.236381,Kalay,Sagaing
Site 6460,94.058843,22.997857,Kalay,Sagaing
Site 6461,93.912034,23.259071,Kalay,Sagaing
Site 6462,94.111024,23.169032,Kalay,Sagaing
Site 6463,93.919816,23.292603,Kalay,Sagaing
Site 6464,94.221127,23.228396,Kalay,Sagaing
Site 6465,94.133486,23.462158,Kalay,Sagaing
Site 6466,94.052553,23.490755,Kalay,Sagaing
Site 6467,94.078856,23.100203,Kalay,Sagaing
Site 6468,93.800384,23.005865,Kalay,Sagaing
Site 6469,94.217854,23.338341,Kalay,Sagaing
Site 6470,94.244271,23.15905,Kalay,Sagaing
Site 6471,94.142881,23.215873,Kalay,Sagaing
Site 6472,94.21123,23.295772,Kalay,Sagaing
Site 6473,93.887707,23.285584,Kalay,Sagaing
Site 6474,93.921216,23.258052,Kalay,Sagaing
Site 6475,93.958624,23.044512,Kalay,Sagaing
Site 6476,93.935682,23.135872,Kalay,Sagaing
Site 6477,94.101274,23.179803,Kalay,Sagaing
Site 6478,94.108875,23.097628,Kalay,Sagaing
Site 6479,94.052176,23.117995,Kalay,Sagaing
Site 6480,94.022107,23.166803,Kalay,Sagaing
Site 6481,94.008975,23.076196,Kalay,Sagaing
Site 6482,94.083219,23.18352,Kalay,Sagaing
Site 6483,96.143347,24.207697,Katha,Sagaing
Site 6484,96.427655,23.981335,Katha,Sagaing
Site 6485,96.358749,24.182371,Katha,Sagaing
Site 6486,96.271562,24.229059,Katha,Sagaing
Site 6487,96.140334,24.031482,Katha,Sagaing
Site 6488,96.356639,24.165801,Katha,Sagaing
Site 6489,96.492357,24.262932,Katha,Sagaing
Site 6490,96.462434,24.288109,Katha,Sagaing
Site 6491,96.414867,24.300881,Katha,Sagaing
Site 6492,96.510133,24.232013,Katha,Sagaing
Site 6493,96.205635,24.206762,Katha,Sagaing
Site 6494,96.469587,24.355744,Katha,Sagaing
Site 6495,96.366899,24.155667,Katha,Sagaing
Site 6496,96.213058,24.101879,Katha,Sagaing
Site 6497,96.429499,24.07338,Katha,Sagaing
Site 6498,96.379117,24.021377,Katha,Sagaing
Site 6499,96.390736,24.182991,Katha,Sagaing
Site 6500,96.449992,24.006873,Katha,Sagaing
Site 6501,96.441312,24.048045,Katha,Sagaing
Site 6502,96.231355,24.101643,Katha,Sagaing
Site 6503,96.372548,24.235753,Katha,Sagaing
Site 6504,96.182803,24.048907,Katha,Sagaing
Site 6505,96.320972,24.182077,Katha,Sagaing
Site 6506,96.231482,24.104074,Katha,Sagaing
Site 6507,96.288409,24.453352,Katha,Sagaing
Site 6508,96.318502,24.131168,Katha,Sagaing
Site 6509,96.297169,24.111843,Katha,Sagaing
Site 6510,96.180806,24.175618,Katha,Sagaing
Site 6511,96.219728,24.430942,Katha,Sagaing
Site 6512,96.543589,23.948429,Katha,Sagaing
Site 6513,96.334321,24.132461,Katha,Sagaing
Site 6514,96.41339,24.443076,Katha,Sagaing
Site 6515,96.216186,24.24933,Katha,Sagaing
Site 6516,96.07554,24.011615,Katha,Sagaing
Site 6517,96.219683,23.972662,Katha,Sagaing
Site 6518,96.510629,23.997658,Katha,Sagaing
Site 6519,96.356868,24.372895,Katha,Sagaing
Site 6520,96.421323,24.116306,Katha,Sagaing
Site 6521,96.35813,24.121495,Katha,Sagaing
Site 6522,96.235468,24.194302,Katha,Sagaing
Site 6523,96.332037,24.010969,Katha,Sagaing
Site 6524,96.322555,24.080611,Katha,Sagaing
Site 6525,96.516135,24.189248,Katha,Sagaing
Site 6526,96.507205,24.240219,Katha,Sagaing
Site 6527,96.472719,24.229549,Katha,Sagaing
Site 6528,96.567845,24.101653,Katha,Sagaing
Site 6529,96.27596,23.988514,Katha,Sagaing
Site 6530,96.254272,24.215134,Katha,Sagaing
Site 6531,96.508335,24.275291,Katha,Sagaing
Site 6532,96.096171,23.913723,Katha,Sagaing
Site 6533,96.277374,24.235868,Katha,Sagaing
Site 6534,96.19632,24.322319,Katha,Sagaing
Site 6535,96.376017,24.297312,Katha,Sagaing
Site 6536,96.346084,24.136402,Katha,Sagaing
Site 6537,96.374676,24.331023,Katha,Sagaing
Site 6538,96.48205,24.221138,Katha,Sagaing
Site 6539,96.187071,24.226715,Katha,Sagaing
Site 6540,96.347583,24.385699,Katha,Sagaing
Site 6541,96.333476,24.049305,Katha,Sagaing
Site 6542,96.481004,24.148523,Katha,Sagaing
Site 6543,96.394701,24.25389,Katha,Sagaing
Site 6544,96.382779,24.175186,Katha,Sagaing
Site 6545,96.469663,24.099396,Katha,Sagaing
Site 6546,96.311592,24.046522,Katha,Sagaing
Site 6547,96.313466,24.381942,Katha,Sagaing
Site 6548,96.194888,23.993758,Katha,Sagaing
Site 6549,96.31859,24.376045,Katha,Sagaing
Site 6550,96.448392,24.453907,Katha,Sagaing
Site 6551,96.52105,24.168631,Katha,Sagaing
Site 6552,96.273749,23.973822,Katha,Sagaing
Site 6553,96.600909,24.12977,Katha,Sagaing
Site 6554,96.34231,24.112446,Katha,Sagaing
Site 6555,96.320442,24.044703,Katha,Sagaing
Site 6556,94.050775,24.094413,Tamu,Sagaing
Site 6557,94.554335,24.084534,Tamu,Sagaing
Site 6558,94.329031,24.154712,Tamu,Sagaing
Site 6559,94.432294,24.201669,Tamu,Sagaing
Site 6560,94.284292,24.358293,Tamu,Sagaing
Site 6561,94.354582,24.362748,Tamu,Sagaing
Site 6562,94.346816,24.078397,Tamu,Sagaing
Site 6563,94.211694,24.314536,Tamu,Sagaing
Site 6564,94.503339,24.143075,Tamu,Sagaing
Site 6565,94.407574,23.964884,Tamu,Sagaing
Site 6566,94.203597,23.988285,Tamu,Sagaing
Site 6567,94.285928,24.188035,Tamu,Sagaing
Site 6568,94.427578,24.390619,Tamu,Sagaing
Site 6569,94.344815,24.190403,Tamu,Sagaing
Site 6570,94.486729,24.208183,Tamu,Sagaing
Site 6571,94.333148,24.328454,Tamu,Sagaing
Site 6572,93.990814,24.321591,Tamu,Sagaing
Site 6573,94.263277,23.969187,Tamu,Sagaing
Site 6574,94.332587,24.410839,Tamu,Sagaing
Site 6575,94.521863,23.942322,Tamu,Sagaing
Site 6576,94.464069,24.145442,Tamu,Sagaing
Site 6577,94.186655,24.350943,Tamu,Sagaing
Site 6578,94.324672,24.347042,Tamu,Sagaing
Site 6579,94.22094,23.943585,Tamu,Sagaing
Site 6580,94.262374,23.940826,Tamu,Sagaing
Site 6581,94.169556,24.277457,Tamu,Sagaing
Site 6582,94.282954,24.268677,Tamu,Sagaing
Site 6583,94.32606,24.106755,Tamu,Sagaing
Site 6584,94.478001,24.080341,Tamu,Sagaing
Site 6585,94.464824,24.225706,Tamu,Sagaing
Site 6586,94.52295,24.262097,Tamu,Sagaing
Site 6587,94.422142,24.115452,Tamu,Sagaing
Site 6588,94.15946,24.304691,Tamu,Sagaing
Site 6589,94.498247,24.303626,Tamu,Sagaing
Site 6590,94.210885,24.21385,Tamu,Sagaing
Site 6591,94.211796,24.226386,Tamu,Sagaing
Site 6592,94.333227,24.393624,Tamu,Sagaing
Site 6593,94.137419,24.210407,Tamu,Sagaing
Site 6594,94.185718,24.13894,Tamu,Sagaing
Site 6595,94.300033,24.337521,Tamu,Sagaing
Site 6596,94.50328,24.413645,Tamu,Sagaing
Site 6597,94.274785,24.150724,Tamu,Sagaing
Site 6598,94.2618,24.293902,Tamu,Sagaing
Site 6599,94.408571,24.362154,Tamu,Sagaing
Site 6600,94.282803,24.262697,Tamu,Sagaing
Site 6601,94.326549,24.298468,Tamu,Sagaing
Site 6602,95.457305,22.276104,Budalin,Sagaing
Site 6603,95.375784,22.566336,Budalin,Sagaing
Site 6604,95.380768,22.390728,Budalin,Sagaing
Site 6605,95.358636,22.324292,Budalin,Sagaing
Site 6606,95.596467,22.384579,Budalin,Sagaing
Site 6607,95.469931,22.737379,Budalin,Sagaing
Site 6608,95.271267,22.450953,Budalin,Sagaing
Site 6609,95.371575,22.306649,Budalin,Sagaing
Site 6610,95.570801,22.635441,Budalin,Sagaing
Site 6611,95.328821,22.455656,Budalin,Sagaing
Site 6612,95.305501,22.627066,Budalin,Sagaing
Site 6613,95.340788,22.464268,Budalin,Sagaing
Site 6614,95.435285,22.345583,Budalin,Sagaing
Site 6615,95.260604,22.731154,Budalin,Sagaing
Site 6616,95.308722,22.339764,Budalin,Sagaing
Site 6617,95.446177,22.502241,Budalin,Sagaing
Site 6618,95.274192,22.445296,Budalin,Sagaing
Site 6619,95.377749,22.450244,Budalin,Sagaing
Site 6620,95.450909,22.540973,Budalin,Sagaing
Site 6621,95.29555,22.288321,Budalin,Sagaing
Site 6622,95.485648,22.324098,Budalin,Sagaing
Site 6623,95.612995,22.463946,Budalin,Sagaing
Site 6624,95.179085,22.230314,Budalin,Sagaing
Site 6625,95.311779,22.347764,Budalin,Sagaing
Site 6626,95.276426,22.460512,Budalin,Sagaing
Site 6627,95.513755,22.234136,Budalin,Sagaing
Site 6628,95.214463,22.425914,Budalin,Sagaing
Site 6629,95.362996,22.441204,Budalin,Sagaing
Site 6630,95.278998,22.382079,Budalin,Sagaing
Site 6631,95.290447,22.33096,Budalin,Sagaing
Site 6632,95.30295,22.239104,Budalin,Sagaing
Site 6633,95.215432,22.44766,Budalin,Sagaing
Site 6634,95.457519,22.464981,Budalin,Sagaing
Site 6635,95.314801,22.533118,Budalin,Sagaing
Site 6636,95.452566,22.248466,Budalin,Sagaing
Site 6637,95.329361,22.412562,Budalin,Sagaing
Site 6638,95.523323,22.449469,Budalin,Sagaing
Site 6639,95.244768,22.174582,Yinmabin,Sagaing
Site 6640,95.522999,21.981998,Yinmabin,Sagaing
Site 6641,95.368535,22.319605,Yinmabin,Sagaing
Site 6642,95.32236,22.193333,Yinmabin,Sagaing
Site 6643,95.48649,21.913163,Yinmabin,Sagaing
Site 6644,95.518962,22.430863,Yinmabin,Sagaing
Site 6645,95.509966,22.179225,Yinmabin,Sagaing
Site 6646,95.468445,22.437832,Yinmabin,Sagaing
Site 6647,95.190431,22.271224,Yinmabin,Sagaing
Site 6648,95.474216,22.063805,Yinmabin,Sagaing
Site 6649,95.323848,22.44811,Yinmabin,Sagaing
Site 6650,95.448816,21.993086,Yinmabin,Sagaing
Site 6651,95.286119,21.945596,Yinmabin,Sagaing
Site 6652,95.406689,22.405672,Yinmabin,Sagaing
Site 6653,95.31317,22.111797,Yinmabin,Sagaing
Site 6654,95.117069,22.215771,Yinmabin,Sagaing
Site 6655,95.430132,22.188117,Yinmabin,Sagaing
Site 6656,95.441852,22.358194,Yinmabin,Sagaing
Site 6657,95.803683,22.209723,Yinmabin,Sagaing
Site 6658,95.329298,22.205869,Yinmabin,Sagaing
Site 6659,95.231154,22.210509,Yinmabin,Sagaing
Site 6660,95.505083,22.213759,Yinmabin,Sagaing
Site 6661,95.196443,22.088428,Yinmabin,Sagaing
Site 6662,95.217648,22.046477,Yinmabin,Sagaing
Site 6663,95.517388,22.014161,Yinmabin,Sagaing
Site 6664,95.332236,22.055618,Yinmabin,Sagaing
Site 6665,95.260762,22.323338,Yinmabin,Sagaing
Site 6666,95.405278,22.232363,Yinmabin,Sagaing
Site 6667,95.279406,22.103146,Yinmabin,Sagaing
Site 6668,95.429477,22.058429,Yinmabin,Sagaing
Site 6669,95.27016,22.145468,Yinmabin,Sagaing
Site 6670,95.144317,22.248507,Yinmabin,Sagaing
Site 6671,95.390311,22.223658,Yinmabin,Sagaing
Site 6672,95.200065,22.225748,Yinmabin,Sagaing
Site 6673,95.192504,22.207721,Yinmabin,Sagaing
Site 6674,95.483043,22.043302,Yinmabin,Sagaing
Site 6675,95.512855,21.94354,Yinmabin,Sagaing
Site 6676,95.066988,22.312335,Kani,Sagaing
Site 6677,95.172944,22.253314,Kani,Sagaing
Site 6678,95.006578,22.49926,Kani,Sagaing
Site 6679,94.930817,22.467899,Kani,Sagaing
Site 6680,95.043154,22.436164,Kani,Sagaing
Site 6681,95.161894,22.339512,Kani,Sagaing
Site 6682,94.999,22.368021,Kani,Sagaing
Site 6683,95.260411,22.506877,Kani,Sagaing
Site 6684,94.937657,22.448416,Kani,Sagaing
Site 6685,95.118498,22.581944,Kani,Sagaing
Site 6686,95.146927,22.259811,Kani,Sagaing
Site 6687,95.126732,22.638228,Kani,Sagaing
Site 6688,95.057597,22.522287,Kani,Sagaing
Site 6689,95.045693,22.478482,Kani,Sagaing
Site 6690,95.070082,22.51107,Kani,Sagaing
Site 6691,95.140332,22.411568,Kani,Sagaing
Site 6692,94.956421,22.663446,Kani,Sagaing
Site 6693,94.969753,22.207526,Kani,Sagaing
Site 6694,94.853506,22.43796,Kani,Sagaing
Site 6695,95.184593,22.419038,Kani,Sagaing
Site 6696,95.060469,22.605183,Kani,Sagaing
Site 6697,95.172374,22.500114,Kani,Sagaing
Site 6698,95.04577,22.622435,Kani,Sagaing
Site 6699,94.892278,22.63091,Kani,Sagaing
Site 6700,95.229443,22.311375,Kani,Sagaing
Site 6701,95.137816,22.488868,Kani,Sagaing
Site 6702,95.030148,22.252649,Kani,Sagaing
Site 6703,95.012819,22.361059,Kani,Sagaing
Site 6704,94.85247,22.92665,Taze,Sagaing
Site 6705,95.002659,22.945776,Taze,Sagaing
Site 6706,94.996376,22.869798,Taze,Sagaing
Site 6707,95.052466,22.923458,Taze,Sagaing
Site 6708,94.889079,22.83668,Taze,Sagaing
Site 6709,94.754661,22.902646,Taze,Sagaing
Site 6710,94.870843,22.962085,Taze,Sagaing
Site 6711,94.945068,22.861013,Taze,Sagaing
Site 6712,94.885399,22.93371,Taze,Sagaing
Site 6713,94.84409,22.999304,Taze,Sagaing
Site 6714,94.976959,23.091556,Taze,Sagaing
Site 6715,95.088526,23.189817,Taze,Sagaing
Site 6716,94.886319,22.964118,Taze,Sagaing
Site 6717,95.03607,22.891623,Taze,Sagaing
Site 6718,94.901828,22.727002,Taze,Sagaing
Site 6719,94.949722,22.835991,Taze,Sagaing
Site 6720,95.040233,23.280531,Taze,Sagaing
Site 6721,94.900853,22.820312,Taze,Sagaing
Site 6722,94.832342,22.945145,Taze,Sagaing
Site 6723,95.064181,22.791752,Taze,Sagaing
Site 6724,94.783913,23.046637,Taze,Sagaing
Site 6725,94.850747,22.984233,Taze,Sagaing
Site 6726,94.940057,23.183358,Taze,Sagaing
Site 6727,94.98121,22.955946,Taze,Sagaing
Site 6728,95.134402,22.92241,Taze,Sagaing
Site 6729,94.828806,22.820074,Taze,Sagaing
Site 6730,94.897148,22.739185,Taze,Sagaing
Site 6731,94.891954,23.072517,Taze,Sagaing
Site 6732,95.736302,23.563094,Htigyaing,Sagaing
Site 6733,95.785745,23.553557,Htigyaing,Sagaing
Site 6734,95.801025,23.782848,Htigyaing,Sagaing
Site 6735,95.760659,23.791075,Htigyaing,Sagaing
Site 6736,95.937494,23.616319,Htigyaing,Sagaing
Site 6737,95.708062,23.890134,Htigyaing,Sagaing
Site 6738,95.657157,23.695488,Htigyaing,Sagaing
Site 6739,95.66358,23.561304,Htigyaing,Sagaing
Site 6740,95.611612,23.658628,Htigyaing,Sagaing
Site 6741,95.708644,23.600548,Htigyaing,Sagaing
Site 6742,95.927221,23.712809,Htigyaing,Sagaing
Site 6743,95.734187,23.589151,Htigyaing,Sagaing
Site 6744,95.77938,23.73272,Htigyaing,Sagaing
Site 6745,95.883203,23.745106,Htigyaing,Sagaing
Site 6746,96.107556,23.533846,Htigyaing,Sagaing
Site 6747,95.928982,23.625559,Htigyaing,Sagaing
Site 6748,95.666295,23.761024,Htigyaing,Sagaing
Site 6749,95.532062,23.676534,Htigyaing,Sagaing
Site 6750,95.821154,23.36544,Htigyaing,Sagaing
Site 6751,95.59915,23.696549,Htigyaing,Sagaing
Site 6752,95.799644,23.761284,Htigyaing,Sagaing
Site 6753,95.535062,23.603898,Htigyaing,Sagaing
Site 6754,95.681797,23.589785,Htigyaing,Sagaing
Site 6755,95.616384,23.790659,Htigyaing,Sagaing
Site 6756,95.680091,23.683336,Htigyaing,Sagaing
Site 6757,95.710021,23.759715,Htigyaing,Sagaing
Site 6758,95.876577,23.682689,Htigyaing,Sagaing
Site 6759,95.69329,23.806802,Htigyaing,Sagaing
Site 6760,94.4893,23.788177,Mawlaik,Sagaing
Site 6761,94.32131,23.504086,Mawlaik,Sagaing
Site 6762,94.28628,23.606513,Mawlaik,Sagaing
Site 6763,94.751686,23.474031,Mawlaik,Sagaing
Site 6764,94.840063,23.605287,Mawlaik,Sagaing
Site 6765,94.217726,23.414957,Mawlaik,Sagaing
Site 6766,94.78859,23.550034,Mawlaik,Sagaing
Site 6767,94.552786,23.480237,Mawlaik,Sagaing
Site 6768,94.367017,23.590898,Mawlaik,Sagaing
Site 6769,94.435848,23.630064,Mawlaik,Sagaing
Site 6770,94.771361,23.566178,Mawlaik,Sagaing
Site 6771,94.567835,23.506912,Mawlaik,Sagaing
Site 6772,94.561551,23.516812,Mawlaik,Sagaing
Site 6773,94.563387,23.627026,Mawlaik,Sagaing
Site 6774,94.531077,23.841558,Mawlaik,Sagaing
Site 6775,94.317871,23.408936,Mawlaik,Sagaing
Site 6776,94.574739,23.894718,Mawlaik,Sagaing
Site 6777,94.572135,23.652067,Mawlaik,Sagaing
Site 6778,94.380245,23.762836,Mawlaik,Sagaing
Site 6779,94.395312,23.680033,Mawlaik,Sagaing
Site 6780,94.766549,23.551519,Mawlaik,Sagaing
Site 6781,94.548671,23.518647,Mawlaik,Sagaing
Site 6782,94.38501,23.658339,Mawlaik,Sagaing
Site 6783,94.28975,23.449816,Mawlaik,Sagaing
Site 6784,94.425029,23.636898,Mawlaik,Sagaing
Site 6785,94.32376,23.518958,Mawlaik,Sagaing
Site 6786,94.590285,23.317386,Mawlaik,Sagaing
Site 6787,94.547667,23.401748,Mawlaik,Sagaing
Site 6788,96.105133,24.191746,Indaw,Sagaing
Site 6789,96.116085,24.107009,Indaw,Sagaing
Site 6790,95.917689,24.141248,Indaw,Sagaing
Site 6791,96.072159,24.141839,Indaw,Sagaing
Site 6792,95.870241,24.142194,Indaw,Sagaing
Site 6793,95.733221,24.174475,Indaw,Sagaing
Site 6794,96.225617,24.28988,Indaw,Sagaing
Site 6795,95.925821,24.24507,Indaw,Sagaing
Site 6796,96.12799,23.968096,Indaw,Sagaing
Site 6797,95.945791,24.265963,Indaw,Sagaing
Site 6798,95.949264,24.122094,Indaw,Sagaing
Site 6799,96.1594,24.237755,Indaw,Sagaing
Site 6800,96.032943,24.412956,Indaw,Sagaing
Site 6801,95.991181,23.913651,Indaw,Sagaing
Site 6802,96.223219,24.165017,Indaw,Sagaing
Site 6803,96.132155,24.253647,Indaw,Sagaing
Site 6804,95.983436,24.307905,Indaw,Sagaing
Site 6805,96.297354,24.436966,Indaw,Sagaing
Site 6806,94.171378,23.581528,Khampat,Sagaing
Site 6807,94.346957,23.666045,Khampat,Sagaing
Site 6808,94.302343,23.457332,Khampat,Sagaing
Site 6809,94.168393,23.550412,Khampat,Sagaing
Site 6810,94.287828,23.461191,Khampat,Sagaing
Site 6811,94.29554,23.698222,Khampat,Sagaing
Site 6812,94.097627,23.646875,Khampat,Sagaing
Site 6813,94.411012,23.596563,Khampat,Sagaing
Site 6814,94.451783,23.695076,Khampat,Sagaing
Site 6815,94.475124,23.780118,Khampat,Sagaing
Site 6816,94.149067,23.508858,Khampat,Sagaing
Site 6817,94.284251,23.50548,Khampat,Sagaing
Site 6818,94.378013,23.557304,Khampat,Sagaing
Site 6819,94.305711,23.430637,Khampat,Sagaing
Site 6820,94.369361,23.494881,Khampat,Sagaing
Site 6821,94.506952,23.424888,Khampat,Sagaing
Site 6822,94.437243,23.720085,Khampat,Sagaing
Site 6823,94.419917,23.425694,Khampat,Sagaing
Site 6824,94.715003,20.133401,Magway,Magway
Site 6825,94.810592,20.111726,Magway,Magway
Site 6826,94.871149,20.158134,Magway,Magway
Site 6827,95.228374,20.081477,Magway,Magway
Site 6828,94.949927,20.144105,Magway,Magway
Site 6829,94.750392,20.066951,Magway,Magway
Site 6830,94.81697,20.14238,Magway,Magway
Site 6831,94.890903,20.272401,Magway,Magway
Site 6832,95.001555,20.165862,Magway,Magway
Site 6833,94.902959,20.432227,Magway,Magway
Site 6834,94.978372,20.094722,Magway,Magway
Site 6835,94.698199,19.91276,Magway,Magway
Site 6836,94.994439,20.294466,Magway,Magway
Site 6837,94.91552,19.977515,Magway,Magway
Site 6838,94.954436,20.197875,Magway,Magway
Site 6839,95.063625,19.982214,Magway,Magway
Site 6840,94.640241,19.969423,Magway,Magway
Site 6841,95.038466,20.085801,Magway,Magway
Site 6842,94.974842,20.258736,Magway,Magway
Site 6843,94.701069,20.286909,Magway,Magway
Site 6844,94.931054,20.140707,Magway,Magway
Site 6845,94.85184,20.097843,Magway,Magway
Site 6846,95.138175,20.171619,Magway,Magway
Site 6847,94.848635,20.1658,Magway,Magway
Site 6848,94.992194,20.1431,Magway,Magway
Site 6849,94.872852,20.17967,Magway,Magway
Site 6850,95.119985,20.174293,Magway,Magway
Site 6851,94.819441,20.253349,Magway,Magway
Site 6852,94.907325,20.07549,Magway,Magway
Site 6853,95.002712,20.322945,Magway,Magway
Site 6854,94.928183,20.285806,Magway,Magway
Site 6855,94.999772,20.223164,Magway,Magway
Site 6856,94.969422,20.097345,Magway,Magway
Site 6857,95.124881,19.937968,Magway,Magway
Site 6858,94.968262,20.145197,Magway,Magway
Site 6859,94.983179,20.07653,Magway,Magway
Site 6860,95.051373,20.175691,Magway,Magway
Site 6861,94.915459,20.018306,Magway,Magway
Site 6862,94.958371,20.061751,Magway,Magway
Site 6863,94.92577,19.991793,Magway,Magway
Site 6864,94.913516,20.471134,Magway,Magway
Site 6865,94.964389,20.061799,Magway,Magway
Site 6866,94.882965,20.314326,Magway,Magway
Site 6867,94.979382,20.236643,Magway,Magway
Site 6868,95.102179,20.245146,Magway,Magway
Site 6869,94.947981,20.008472,Magway,Magway
Site 6870,94.982853,20.287736,Magway,Magway
Site 6871,94.886407,20.305248,Magway,Magway
Site 6872,94.968698,20.252038,Magway,Magway
Site 6873,94.887688,20.200241,Magway,Magway
Site 6874,94.834997,20.083275,Magway,Magway
Site 6875,94.943374,20.077202,Magway,Magway
Site 6876,95.163454,20.273379,Magway,Magway
Site 6877,94.952068,20.411221,Magway,Magway
Site 6878,95.073303,19.974041,Magway,Magway
Site 6879,94.737016,20.306675,Magway,Magway
Site 6880,94.85954,19.974811,Magway,Magway
Site 6881,94.939355,19.925306,Magway,Magway
Site 6882,95.047744,19.900986,Magway,Magway
Site 6883,94.827016,20.213528,Magway,Magway
Site 6884,95.131559,20.075699,Magway,Magway
Site 6885,94.871895,20.157779,Magway,Magway
Site 6886,94.985938,20.220972,Magway,Magway
Site 6887,94.926892,20.332777,Magway,Magway
Site 6888,95.148913,19.9723,Magway,Magway
Site 6889,95.096022,20.178477,Magway,Magway
Site 6890,95.003504,20.306604,Magway,Magway
Site 6891,94.84606,20.309632,Magway,Magway
Site 6892,94.829218,20.224066,Magway,Magway
Site 6893,94.89565,20.212451,Magway,Magway
Site 6894,95.104078,20.114964,Magway,Magway
Site 6895,94.795052,20.274291,Magway,Magway
Site 6896,95.107006,20.053604,Magway,Magway
Site 6897,95.018148,20.243475,Magway,Magway
Site 6898,94.825129,20.08275,Magway,Magway
Site 6899,94.800719,20.3195,Magway,Magway
Site 6900,94.96646,20.16745,Magway,Magway
Site 6901,95.066364,20.24629,Magway,Magway
Site 6902,94.884539,20.205648,Magway,Magway
Site 6903,94.971505,20.219509,Magway,Magway
Site 6904,94.880893,20.148581,Magway,Magway
Site 6905,94.798813,20.106748,Magway,Magway
Site 6906,94.866135,20.119392,Magway,Magway
Site 6907,95.0602,20.205568,Magway,Magway
Site 6908,95.159524,20.111748,Magway,Magway
Site 6909,94.94762,19.986964,Magway,Magway
Site 6910,94.776211,20.042203,Magway,Magway
Site 6911,94.888337,20.082243,Magway,Magway
Site 6912,94.993754,20.213195,Magway,Magway
Site 6913,94.940375,20.227569,Magway,Magway
Site 6914,94.898645,20.011369,Magway,Magway
Site 6915,94.874689,20.109564,Magway,Magway
Site 6916,94.940143,20.015841,Magway,Magway
Site 6917,95.053425,20.014735,Magway,Magway
Site 6918,95.122519,20.063143,Magway,Magway
Site 6919,94.926859,20.132895,Magway,Magway
Site 6920,95.098427,20.220672,Magway,Magway
Site 6921,94.783429,19.983996,Magway,Magway
Site 6922,94.940514,20.190708,Magway,Magway
Site 6923,94.924785,20.267521,Magway,Magway
Site 6924,95.176181,20.11049,Magway,Magway
Site 6925,94.949399,20.078108,Magway,Magway
Site 6926,94.885757,20.222343,Magway,Magway
Site 6927,94.846015,20.172617,Magway,Magway
Site 6928,95.111099,20.054953,Magway,Magway
Site 6929,94.946411,20.298772,Magway,Magway
Site 6930,94.874939,20.250002,Magway,Magway
Site 6931,94.687003,20.423394,Magway,Magway
Site 6932,94.80982,20.245376,Magway,Magway
Site 6933,94.983822,20.228148,Magway,Magway
Site 6934,94.776104,20.202764,Magway,Magway
Site 6935,94.90708,20.308101,Magway,Magway
Site 6936,95.038577,20.201569,Magway,Magway
Site 6937,95.184833,19.870332,Magway,Magway
Site 6938,94.987153,20.336671,Magway,Magway
Site 6939,95.018922,20.100466,Magway,Magway
Site 6940,94.724227,20.102169,Magway,Magway
Site 6941,94.677789,19.990149,Magway,Magway
Site 6942,94.887724,20.389624,Magway,Magway
Site 6943,94.988501,20.097551,Magway,Magway
Site 6944,94.961996,20.113181,Magway,Magway
Site 6945,95.073872,20.01172,Magway,Magway
Site 6946,94.886794,20.27583,Magway,Magway
Site 6947,94.865602,20.220156,Magway,Magway
Site 6948,94.550708,20.102948,Magway,Magway
Site 6949,94.773168,20.066995,Magway,Magway
Site 6950,94.956859,20.112999,Magway,Magway
Site 6951,94.838164,19.941826,Magway,Magway
Site 6952,94.79617,20.261061,Magway,Magway
Site 6953,94.789313,19.842527,Magway,Magway
Site 6954,95.026651,20.172789,Magway,Magway
Site 6955,94.966737,20.12231,Magway,Magway
Site 6956,95.043808,20.250844,Magway,Magway
Site 6957,94.961129,20.303675,Magway,Magway
Site 6958,94.954914,20.094136,Magway,Magway
Site 6959,94.895871,20.132513,Magway,Magway
Site 6960,95.116466,19.961657,Magway,Magway
Site 6961,94.861535,19.976291,Magway,Magway
Site 6962,95.124029,20.274716,Magway,Magway
Site 6963,94.801122,20.023358,Magway,Magway
Site 6964,94.963339,19.889181,Magway,Magway
Site 6965,95.144734,20.163571,Magway,Magway
Site 6966,94.883558,19.9123,Magway,Magway
Site 6967,95.100514,20.343694,Magway,Magway
Site 6968,94.916711,20.031143,Magway,Magway
Site 6969,95.036979,20.277033,Magway,Magway
Site 6970,94.887583,20.147651,Magway,Magway
Site 6971,94.958346,20.015152,Magway,Magway
Site 6972,95.018784,20.115926,Magway,Magway
Site 6973,94.742793,20.186765,Magway,Magway
Site 6974,95.072204,20.180851,Magway,Magway
Site 6975,94.786045,20.040602,Magway,Magway
Site 6976,94.973896,19.939805,Magway,Magway
Site 6977,94.990478,20.276392,Magway,Magway
Site 6978,94.931608,20.236744,Magway,Magway
Site 6979,95.05931,20.227647,Magway,Magway
Site 6980,94.792204,20.262844,Magway,Magway
Site 6981,94.80517,20.021684,Magway,Magway
Site 6982,94.97949,20.170864,Magway,Magway
Site 6983,94.928649,20.079492,Magway,Magway
Site 6984,94.83856,20.179648,Magway,Magway
Site 6985,95.071592,20.252418,Magway,Magway
Site 6986,94.883753,19.929392,Magway,Magway
Site 6987,94.693216,20.255524,Magway,Magway
Site 6988,94.879554,20.147753,Magway,Magway
Site 6989,95.118961,21.190824,Pakokku,Magway
Site 6990,95.017461,21.472366,Pakokku,Magway
Site 6991,95.1914,21.462697,Pakokku,Magway
Site 6992,95.193423,21.364299,Pakokku,Magway
Site 6993,95.013448,21.359106,Pakokku,Magway
Site 6994,95.020428,21.190783,Pakokku,Magway
Site 6995,95.274702,21.354534,Pakokku,Magway
Site 6996,94.909757,21.393294,Pakokku,Magway
Site 6997,95.076224,21.2629,Pakokku,Magway
Site 6998,94.858056,21.289929,Pakokku,Magway
Site 6999,95.136237,21.270335,Pakokku,Magway
Site 7000,95.235982,21.315883,Pakokku,Magway
Site 7001,95.155423,21.454279,Pakokku,Magway
Site 7002,94.922084,21.137686,Pakokku,Magway
Site 7003,95.124738,21.473018,Pakokku,Magway
Site 7004,95.007259,21.526766,Pakokku,Magway
Site 7005,95.029654,21.311671,Pakokku,Magway
Site 7006,95.090602,21.185948,Pakokku,Magway
Site 7007,95.059472,21.518088,Pakokku,Magway
Site 7008,94.957235,21.291907,Pakokku,Magway
Site 7009,94.811236,21.359628,Pakokku,Magway
Site 7010,94.987802,21.450848,Pakokku,Magway
Site 7011,95.058031,21.149046,Pakokku,Magway
Site 7012,95.164348,21.437379,Pakokku,Magway
Site 7013,95.007264,21.197548,Pakokku,Magway
Site 7014,95.062377,21.297003,Pakokku,Magway
Site 7015,94.853398,21.416845,Pakokku,Magway
Site 7016,94.935117,21.288647,Pakokku,Magway
Site 7017,95.176322,21.528161,Pakokku,Magway
Site 7018,95.011253,21.534272,Pakokku,Magway
Site 7019,94.953978,21.266391,Pakokku,Magway
Site 7020,95.137404,21.253641,Pakokku,Magway
Site 7021,95.076999,21.168522,Pakokku,Magway
Site 7022,95.079981,21.22458,Pakokku,Magway
Site 7023,95.015673,21.343728,Pakokku,Magway
Site 7024,94.958621,21.255762,Pakokku,Magway
Site 7025,95.218455,21.609864,Pakokku,Magway
Site 7026,95.09329,21.331301,Pakokku,Magway
Site 7027,95.182679,21.382694,Pakokku,Magway
Site 7028,95.051623,21.328841,Pakokku,Magway
Site 7029,95.125065,21.133705,Pakokku,Magway
Site 7030,95.044707,21.181155,Pakokku,Magway
Site 7031,94.921846,21.307394,Pakokku,Magway
Site 7032,95.224066,21.35347,Pakokku,Magway
Site 7033,95.168525,21.283638,Pakokku,Magway
Site 7034,95.211299,21.286597,Pakokku,Magway
Site 7035,95.254978,21.533183,Pakokku,Magway
Site 7036,95.078275,21.204702,Pakokku,Magway
Site 7037,94.903723,21.562905,Pakokku,Magway
Site 7038,95.071316,21.332663,Pakokku,Magway
Site 7039,95.086227,21.234642,Pakokku,Magway
Site 7040,95.106108,21.307927,Pakokku,Magway
Site 7041,95.110839,21.451543,Pakokku,Magway
Site 7042,94.996254,21.244659,Pakokku,Magway
Site 7043,94.97607,21.571319,Pakokku,Magway
Site 7044,95.019352,21.275171,Pakokku,Magway
Site 7045,95.204541,21.218037,Pakokku,Magway
Site 7046,95.27917,21.19802,Pakokku,Magway
Site 7047,94.991882,21.426256,Pakokku,Magway
Site 7048,95.150388,21.361072,Pakokku,Magway
Site 7049,95.261492,21.177454,Pakokku,Magway
Site 7050,95.197772,21.26914,Pakokku,Magway
Site 7051,95.150264,21.198659,Pakokku,Magway
Site 7052,95.143754,21.326193,Pakokku,Magway
Site 7053,94.888249,21.325416,Pakokku,Magway
Site 7054,94.959575,21.156542,Pakokku,Magway
Site 7055,95.086782,21.344314,Pakokku,Magway
Site 7056,95.069348,21.180325,Pakokku,Magway
Site 7057,95.054084,21.438137,Pakokku,Magway
Site 7058,95.141482,21.234127,Pakokku,Magway
Site 7059,95.281208,21.489851,Pakokku,Magway
Site 7060,95.08081,21.28447,Pakokku,Magway
Site 7061,94.907718,21.591721,Pakokku,Magway
Site 7062,95.17377,21.247603,Pakokku,Magway
Site 7063,95.181252,21.409816,Pakokku,Magway
Site 7064,94.884372,21.026535,Pakokku,Magway
Site 7065,95.161933,21.474751,Pakokku,Magway
Site 7066,94.924326,21.257429,Pakokku,Magway
Site 7067,95.067233,21.589961,Pakokku,Magway
Site 7068,95.19548,21.241736,Pakokku,Magway
Site 7069,95.042019,21.198129,Pakokku,Magway
Site 7070,95.322053,21.388853,Pakokku,Magway
Site 7071,94.935263,21.203113,Pakokku,Magway
Site 7072,95.098822,21.21167,Pakokku,Magway
Site 7073,95.274008,21.415648,Pakokku,Magway
Site 7074,95.092334,21.30865,Pakokku,Magway
Site 7075,95.023631,21.580253,Pakokku,Magway
Site 7076,95.157251,21.316754,Pakokku,Magway
Site 7077,95.097741,21.288342,Pakokku,Magway
Site 7078,94.908289,21.152372,Pakokku,Magway
Site 7079,94.943234,21.345392,Pakokku,Magway
Site 7080,95.086356,21.426759,Pakokku,Magway
Site 7081,95.051831,21.112802,Pakokku,Magway
Site 7082,95.207329,21.326675,Pakokku,Magway
Site 7083,95.000538,21.260178,Pakokku,Magway
Site 7084,95.030824,21.063758,Pakokku,Magway
Site 7085,95.12288,21.421474,Pakokku,Magway
Site 7086,95.086353,21.565065,Pakokku,Magway
Site 7087,95.036363,21.470188,Pakokku,Magway
Site 7088,95.203045,21.331831,Pakokku,Magway
Site 7089,94.922788,21.475762,Pakokku,Magway
Site 7090,95.341748,21.004395,Pakokku,Magway
Site 7091,95.062981,21.210918,Pakokku,Magway
Site 7092,95.056391,21.471257,Pakokku,Magway
Site 7093,95.131983,21.554274,Pakokku,Magway
Site 7094,95.079593,21.267044,Pakokku,Magway
Site 7095,95.2884,21.221161,Pakokku,Magway
Site 7096,95.109492,21.386437,Pakokku,Magway
Site 7097,95.178324,21.397878,Pakokku,Magway
Site 7098,94.921229,21.275706,Pakokku,Magway
Site 7099,95.062987,20.341125,Yenangyaung,Magway
Site 7100,94.832723,20.326724,Yenangyaung,Magway
Site 7101,94.738334,20.376977,Yenangyaung,Magway
Site 7102,94.727979,20.454775,Yenangyaung,Magway
Site 7103,95.031022,20.669287,Yenangyaung,Magway
Site 7104,94.878476,20.435734,Yenangyaung,Magway
Site 7105,94.894594,20.612521,Yenangyaung,Magway
Site 7106,94.788188,20.675257,Yenangyaung,Magway
Site 7107,94.910466,20.317196,Yenangyaung,Magway
Site 7108,94.995139,20.451278,Yenangyaung,Magway
Site 7109,94.62676,20.279329,Yenangyaung,Magway
Site 7110,95.013915,20.489399,Yenangyaung,Magway
Site 7111,94.843644,20.53721,Yenangyaung,Magway
Site 7112,94.676251,20.422297,Yenangyaung,Magway
Site 7113,94.840308,20.411382,Yenangyaung,Magway
Site 7114,94.845834,20.641187,Yenangyaung,Magway
Site 7115,94.908173,20.415507,Yenangyaung,Magway
Site 7116,94.831638,20.258181,Yenangyaung,Magway
Site 7117,94.838691,20.406867,Yenangyaung,Magway
Site 7118,94.926966,20.541086,Yenangyaung,Magway
Site 7119,94.913735,20.369422,Yenangyaung,Magway
Site 7120,94.894804,20.217659,Yenangyaung,Magway
Site 7121,94.778552,20.336645,Yenangyaung,Magway
Site 7122,94.938845,20.559006,Yenangyaung,Magway
Site 7123,94.825775,20.465002,Yenangyaung,Magway
Site 7124,94.857445,20.485473,Yenangyaung,Magway
Site 7125,95.071671,20.380467,Yenangyaung,Magway
Site 7126,94.893013,20.463611,Yenangyaung,Magway
Site 7127,94.844566,20.273032,Yenangyaung,Magway
Site 7128,94.679017,20.268205,Yenangyaung,Magway
Site 7129,94.737664,20.544516,Yenangyaung,Magway
Site 7130,95.140203,20.528591,Yenangyaung,Magway
Site 7131,94.86678,20.762727,Yenangyaung,Magway
Site 7132,94.92262,20.46707,Yenangyaung,Magway
Site 7133,95.116794,20.406083,Yenangyaung,Magway
Site 7134,94.902274,20.415969,Yenangyaung,Magway
Site 7135,94.882549,20.416479,Yenangyaung,Magway
Site 7136,94.752436,20.457756,Yenangyaung,Magway
Site 7137,94.793215,20.357174,Yenangyaung,Magway
Site 7138,94.884321,20.366081,Yenangyaung,Magway
Site 7139,94.781545,20.248617,Yenangyaung,Magway
Site 7140,94.939288,20.573785,Yenangyaung,Magway
Site 7141,95.078582,20.593336,Yenangyaung,Magway
Site 7142,94.867702,20.338273,Yenangyaung,Magway
Site 7143,94.866025,20.354712,Yenangyaung,Magway
Site 7144,94.854498,20.607997,Yenangyaung,Magway
Site 7145,95.101699,20.414917,Yenangyaung,Magway
Site 7146,94.925805,20.382304,Yenangyaung,Magway
Site 7147,94.92785,20.369867,Yenangyaung,Magway
Site 7148,94.750007,20.416037,Yenangyaung,Magway
Site 7149,94.912103,20.58427,Yenangyaung,Magway
Site 7150,94.793066,20.419327,Yenangyaung,Magway
Site 7151,94.980663,20.456328,Yenangyaung,Magway
Site 7152,94.874406,20.503604,Yenangyaung,Magway
Site 7153,94.796878,20.433945,Yenangyaung,Magway
Site 7154,94.993109,20.432295,Yenangyaung,Magway
Site 7155,94.843918,20.350678,Yenangyaung,Magway
Site 7156,94.839354,20.610191,Yenangyaung,Magway
Site 7157,94.943125,20.469576,Yenangyaung,Magway
Site 7158,94.744958,20.351712,Yenangyaung,Magway
Site 7159,95.068506,20.226979,Yenangyaung,Magway
Site 7160,94.601703,20.339183,Yenangyaung,Magway
Site 7161,94.681814,20.529595,Yenangyaung,Magway
Site 7162,94.914024,20.42324,Yenangyaung,Magway
Site 7163,95.033572,20.541231,Yenangyaung,Magway
Site 7164,94.673321,20.570933,Yenangyaung,Magway
Site 7165,94.753271,20.359151,Yenangyaung,Magway
Site 7166,94.949657,20.595956,Yenangyaung,Magway
Site 7167,94.905986,20.581937,Yenangyaung,Magway
Site 7168,94.788275,20.474656,Yenangyaung,Magway
Site 7169,94.94326,20.587221,Yenangyaung,Magway
Site 7170,94.872091,20.435516,Yenangyaung,Magway
Site 7171,94.894853,20.595095,Yenangyaung,Magway
Site 7172,94.837288,20.856567,Chauk,Magway
Site 7173,94.907092,20.932094,Chauk,Magway
Site 7174,94.936914,20.857446,Chauk,Magway
Site 7175,94.707535,20.969275,Chauk,Magway
Site 7176,94.771746,20.936376,Chauk,Magway
Site 7177,94.919084,21.21565,Chauk,Magway
Site 7178,94.8453,20.966216,Chauk,Magway
Site 7179,94.88101,20.901215,Chauk,Magway
Site 7180,95.00217,20.928545,Chauk,Magway
Site 7181,94.776094,20.959395,Chauk,Magway
Site 7182,94.823373,20.825778,Chauk,Magway
Site 7183,94.906092,20.876959,Chauk,Magway
Site 7184,94.650258,20.931488,Chauk,Magway
Site 7185,94.941702,20.903001,Chauk,Magway
Site 7186,94.844308,20.983636,Chauk,Magway
Site 7187,94.788784,20.555246,Chauk,Magway
Site 7188,95.029779,20.801023,Chauk,Magway
Site 7189,94.91028,20.813846,Chauk,Magway
Site 7190,94.924785,20.936669,Chauk,Magway
Site 7191,94.861333,20.822194,Chauk,Magway
Site 7192,94.639177,20.842578,Chauk,Magway
Site 7193,94.892219,21.011305,Chauk,Magway
Site 7194,94.807705,20.906298,Chauk,Magway
Site 7195,94.686049,20.946247,Chauk,Magway
Site 7196,95.032753,20.924044,Chauk,Magway
Site 7197,94.882888,20.99162,Chauk,Magway
Site 7198,94.698394,20.925127,Chauk,Magway
Site 7199,94.921088,20.786272,Chauk,Magway
Site 7200,94.73239,20.858805,Chauk,Magway
Site 7201,94.811862,21.002719,Chauk,Magway
Site 7202,94.524364,20.929332,Chauk,Magway
Site 7203,94.650676,21.014185,Chauk,Magway
Site 7204,94.709024,20.810143,Chauk,Magway
Site 7205,95.082505,20.800676,Chauk,Magway
Site 7206,94.765239,20.855631,Chauk,Magway
Site 7207,94.785525,20.765549,Chauk,Magway
Site 7208,94.96673,20.85294,Chauk,Magway
Site 7209,94.713149,20.981358,Chauk,Magway
Site 7210,94.905761,20.909541,Chauk,Magway
Site 7211,94.814826,20.787011,Chauk,Magway
Site 7212,94.857334,20.864332,Chauk,Magway
Site 7213,94.999733,20.786092,Chauk,Magway
Site 7214,94.87084,20.985976,Chauk,Magway
Site 7215,94.835642,20.882215,Chauk,Magway
Site 7216,94.803117,20.87218,Chauk,Magway
Site 7217,95.040699,20.792971,Chauk,Magway
Site 7218,94.909184,20.848029,Chauk,Magway
Site 7219,94.824289,20.968096,Chauk,Magway
Site 7220,94.975706,21.001762,Chauk,Magway
Site 7221,94.835351,20.863995,Chauk,Magway
Site 7222,94.941423,20.793596,Chauk,Magway
Site 7223,94.75333,20.6996,Chauk,Magway
Site 7224,94.665322,21.085579,Chauk,Magway
Site 7225,94.812549,20.861247,Chauk,Magway
Site 7226,94.885371,21.078772,Chauk,Magway
Site 7227,94.804129,21.066808,Chauk,Magway
Site 7228,95.016084,20.969079,Chauk,Magway
Site 7229,94.812682,20.728353,Chauk,Magway
Site 7230,94.727501,20.800075,Chauk,Magway
Site 7231,95.092406,20.98811,Chauk,Magway
Site 7232,94.890328,20.9522,Chauk,Magway
Site 7233,94.699695,20.834274,Chauk,Magway
Site 7234,94.980595,20.834378,Chauk,Magway
Site 7235,94.734871,20.972543,Chauk,Magway
Site 7236,94.647815,20.068717,Minbu,Magway
Site 7237,94.61082,20.343048,Minbu,Magway
Site 7238,94.888955,20.170239,Minbu,Magway
Site 7239,94.725872,19.978793,Minbu,Magway
Site 7240,94.876919,20.160818,Minbu,Magway
Site 7241,94.640132,20.357401,Minbu,Magway
Site 7242,94.660919,20.203407,Minbu,Magway
Site 7243,94.682333,20.119955,Minbu,Magway
Site 7244,94.79934,20.203882,Minbu,Magway
Site 7245,94.625927,20.219105,Minbu,Magway
Site 7246,94.705111,20.153567,Minbu,Magway
Site 7247,94.724559,20.30368,Minbu,Magway
Site 7248,94.7909,20.097094,Minbu,Magway
Site 7249,94.790499,20.007927,Minbu,Magway
Site 7250,94.788536,20.390612,Minbu,Magway
Site 7251,94.700491,20.198702,Minbu,Magway
Site 7252,94.808617,20.221706,Minbu,Magway
Site 7253,94.773755,20.128075,Minbu,Magway
Site 7254,94.721283,20.024297,Minbu,Magway
Site 7255,94.89048,20.01914,Minbu,Magway
Site 7256,94.469741,20.17575,Minbu,Magway
Site 7257,94.843823,20.195674,Minbu,Magway
Site 7258,94.572847,20.367273,Minbu,Magway
Site 7259,94.591659,20.316403,Minbu,Magway
Site 7260,94.566207,20.452157,Minbu,Magway
Site 7261,94.761813,20.16207,Minbu,Magway
Site 7262,94.693993,20.088688,Minbu,Magway
Site 7263,94.473959,20.253452,Minbu,Magway
Site 7264,94.517634,19.975286,Minbu,Magway
Site 7265,94.539135,20.215273,Minbu,Magway
Site 7266,94.936948,20.191401,Minbu,Magway
Site 7267,94.650781,20.164671,Minbu,Magway
Site 7268,94.701148,20.170938,Minbu,Magway
Site 7269,94.429499,20.176578,Minbu,Magway
Site 7270,94.68337,20.191795,Minbu,Magway
Site 7271,94.812849,20.193728,Minbu,Magway
Site 7272,94.588215,20.199779,Minbu,Magway
Site 7273,94.715384,20.144337,Minbu,Magway
Site 7274,94.754919,19.85719,Minbu,Magway
Site 7275,94.762762,20.242571,Minbu,Magway
Site 7276,94.515027,20.285099,Minbu,Magway
Site 7277,94.752384,20.329294,Minbu,Magway
Site 7278,94.807335,20.093384,Minbu,Magway
Site 7279,94.702248,20.385004,Minbu,Magway
Site 7280,94.889481,20.163343,Minbu,Magway
Site 7281,94.68455,19.987003,Minbu,Magway
Site 7282,94.853389,20.393633,Minbu,Magway
Site 7283,94.743413,20.41789,Minbu,Magway
Site 7284,94.723173,20.306836,Minbu,Magway
Site 7285,94.893367,20.133968,Minbu,Magway
Site 7286,94.802072,20.120014,Minbu,Magway
Site 7287,94.914794,19.917195,Minbu,Magway
Site 7288,94.583445,20.457925,Minbu,Magway
Site 7289,94.704353,20.142879,Minbu,Magway
Site 7290,94.57109,20.135581,Minbu,Magway
Site 7291,94.692215,20.123599,Minbu,Magway
Site 7292,94.883978,20.151457,Minbu,Magway
Site 7293,94.877517,20.118168,Minbu,Magway
Site 7294,94.701764,20.050778,Minbu,Magway
Site 7295,94.642736,20.325381,Minbu,Magway
Site 7296,94.645644,20.241063,Minbu,Magway
Site 7297,94.54611,20.119085,Minbu,Magway
Site 7298,94.615297,20.083726,Minbu,Magway
Site 7299,94.689638,20.249927,Minbu,Magway
Site 7300,95.124213,19.61328,Thayet,Magway
Site 7301,95.3892,19.236173,Thayet,Magway
Site 7302,95.138516,19.171239,Thayet,Magway
Site 7303,95.359122,19.488828,Thayet,Magway
Site 7304,95.050751,19.499971,Thayet,Magway
Site 7305,95.218708,19.560032,Thayet,Magway
Site 7306,95.051243,19.330503,Thayet,Magway
Site 7307,95.536237,19.355878,Thayet,Magway
Site 7308,95.512875,19.397371,Thayet,Magway
Site 7309,95.326582,19.271163,Thayet,Magway
Site 7310,95.276779,19.2477,Thayet,Magway
Site 7311,94.97381,19.414966,Thayet,Magway
Site 7312,95.104897,19.092499,Thayet,Magway
Site 7313,94.98313,19.531949,Thayet,Magway
Site 7314,95.288559,19.400152,Thayet,Magway
Site 7315,95.012186,19.146804,Thayet,Magway
Site 7316,95.350397,19.254174,Thayet,Magway
Site 7317,95.057185,19.3047,Thayet,Magway
Site 7318,95.359741,19.248306,Thayet,Magway
Site 7319,95.16745,19.374165,Thayet,Magway
Site 7320,95.215926,19.231774,Thayet,Magway
Site 7321,95.087345,19.294132,Thayet,Magway
Site 7322,95.217132,19.150799,Thayet,Magway
Site 7323,95.1201,19.45033,Thayet,Magway
Site 7324,95.105847,19.360821,Thayet,Magway
Site 7325,95.153713,19.499751,Thayet,Magway
Site 7326,95.31104,19.383717,Thayet,Magway
Site 7327,95.234117,19.218861,Thayet,Magway
Site 7328,95.321466,19.529867,Thayet,Magway
Site 7329,95.362452,19.411117,Thayet,Magway
Site 7330,94.897309,19.457615,Thayet,Magway
Site 7331,94.950469,19.292341,Thayet,Magway
Site 7332,94.96182,19.46679,Thayet,Magway
Site 7333,94.98256,19.187327,Thayet,Magway
Site 7334,94.999665,19.48114,Thayet,Magway
Site 7335,95.231662,19.259256,Thayet,Magway
Site 7336,95.104748,19.470943,Thayet,Magway
Site 7337,95.263355,19.425531,Thayet,Magway
Site 7338,95.105643,19.183349,Thayet,Magway
Site 7339,95.273187,19.394103,Thayet,Magway
Site 7340,95.225168,19.500023,Thayet,Magway
Site 7341,95.116816,19.427285,Thayet,Magway
Site 7342,95.18625,19.273997,Thayet,Magway
Site 7343,95.282413,19.326622,Thayet,Magway
Site 7344,94.992999,19.359772,Thayet,Magway
Site 7345,95.139852,19.336357,Thayet,Magway
Site 7346,95.550713,19.784516,Taungdwingyi,Magway
Site 7347,95.641448,20.073512,Taungdwingyi,Magway
Site 7348,95.492755,19.941034,Taungdwingyi,Magway
Site 7349,95.62903,20.252369,Taungdwingyi,Magway
Site 7350,95.475597,20.174425,Taungdwingyi,Magway
Site 7351,95.518565,19.911958,Taungdwingyi,Magway
Site 7352,95.432129,20.117832,Taungdwingyi,Magway
Site 7353,95.53431,19.827835,Taungdwingyi,Magway
Site 7354,95.394808,19.894248,Taungdwingyi,Magway
Site 7355,95.640768,20.224424,Taungdwingyi,Magway
Site 7356,95.509309,20.043713,Taungdwingyi,Magway
Site 7357,95.484736,19.918199,Taungdwingyi,Magway
Site 7358,95.568057,19.953317,Taungdwingyi,Magway
Site 7359,95.687389,19.93007,Taungdwingyi,Magway
Site 7360,95.578809,20.052662,Taungdwingyi,Magway
Site 7361,95.5009,20.127354,Taungdwingyi,Magway
Site 7362,95.603432,20.047431,Taungdwingyi,Magway
Site 7363,95.531361,19.830233,Taungdwingyi,Magway
Site 7364,95.658056,20.03452,Taungdwingyi,Magway
Site 7365,95.682947,19.991791,Taungdwingyi,Magway
Site 7366,95.779566,20.000692,Taungdwingyi,Magway
Site 7367,95.769503,20.137036,Taungdwingyi,Magway
Site 7368,95.412932,19.989533,Taungdwingyi,Magway
Site 7369,95.634111,20.106509,Taungdwingyi,Magway
Site 7370,95.310589,19.801174,Taungdwingyi,Magway
Site 7371,95.536221,20.060539,Taungdwingyi,Magway
Site 7372,95.456418,19.995432,Taungdwingyi,Magway
Site 7373,95.587324,20.110371,Taungdwingyi,Magway
Site 7374,95.647232,20.165116,Taungdwingyi,Magway
Site 7375,95.557868,20.167876,Taungdwingyi,Magway
Site 7376,95.522932,20.110658,Taungdwingyi,Magway
Site 7377,95.387958,19.898201,Taungdwingyi,Magway
Site 7378,95.460034,19.783643,Taungdwingyi,Magway
Site 7379,95.393641,19.890648,Taungdwingyi,Magway
Site 7380,95.674657,19.965379,Taungdwingyi,Magway
Site 7381,95.661097,19.986852,Taungdwingyi,Magway
Site 7382,95.544233,19.973245,Taungdwingyi,Magway
Site 7383,95.650569,19.944459,Taungdwingyi,Magway
Site 7384,95.475679,20.139318,Taungdwingyi,Magway
Site 7385,95.397143,19.982788,Taungdwingyi,Magway
Site 7386,95.396896,19.832349,Taungdwingyi,Magway
Site 7387,95.554522,20.092625,Taungdwingyi,Magway
Site 7388,95.558712,20.067425,Taungdwingyi,Magway
Site 7389,95.858354,19.885336,Taungdwingyi,Magway
Site 7390,95.78604,19.868824,Taungdwingyi,Magway
Site 7391,95.512339,19.8754,Taungdwingyi,Magway
Site 7392,95.236909,19.461653,Aunglan,Magway
Site 7393,95.136857,19.400235,Aunglan,Magway
Site 7394,95.134523,19.39684,Aunglan,Magway
Site 7395,95.204721,19.078744,Aunglan,Magway
Site 7396,95.340921,19.374703,Aunglan,Magway
Site 7397,95.261019,19.344344,Aunglan,Magway
Site 7398,95.170381,19.541912,Aunglan,Magway
Site 7399,95.289938,19.518546,Aunglan,Magway
Site 7400,95.232005,19.438144,Aunglan,Magway
Site 7401,95.290581,19.448908,Aunglan,Magway
Site 7402,95.219926,19.350807,Aunglan,Magway
Site 7403,95.199473,19.559539,Aunglan,Magway
Site 7404,95.279153,19.460496,Aunglan,Magway
Site 7405,95.232822,19.489468,Aunglan,Magway
Site 7406,95.147642,19.488939,Aunglan,Magway
Site 7407,95.096941,19.335624,Aunglan,Magway
Site 7408,95.27506,19.35436,Aunglan,Magway
Site 7409,95.254115,19.301128,Aunglan,Magway
Site 7410,95.277876,19.343737,Aunglan,Magway
Site 7411,95.185549,19.376612,Aunglan,Magway
Site 7412,95.080054,19.516476,Aunglan,Magway
Site 7413,95.282864,19.479639,Aunglan,Magway
Site 7414,95.141682,19.33263,Aunglan,Magway
Site 7415,95.302525,19.592315,Aunglan,Magway
Site 7416,95.201096,19.294489,Aunglan,Magway
Site 7417,95.32807,19.673788,Aunglan,Magway
Site 7418,95.110143,19.529935,Aunglan,Magway
Site 7419,95.115298,19.337292,Aunglan,Magway
Site 7420,95.095474,19.20644,Aunglan,Magway
Site 7421,94.985974,19.39606,Aunglan,Magway
Site 7422,95.221354,19.388585,Aunglan,Magway
Site 7423,95.107184,19.197609,Aunglan,Magway
Site 7424,95.120532,19.526488,Aunglan,Magway
Site 7425,95.066036,19.168988,Aunglan,Magway
Site 7426,95.474042,19.466422,Aunglan,Magway
Site 7427,95.199817,19.280494,Aunglan,Magway
Site 7428,95.056242,19.377681,Aunglan,Magway
Site 7429,94.072862,22.30735,Gangaw,Magway
Site 7430,94.048518,22.306468,Gangaw,Magway
Site 7431,94.143959,22.160521,Gangaw,Magway
Site 7432,94.188502,22.169709,Gangaw,Magway
Site 7433,94.158921,22.28955,Gangaw,Magway
Site 7434,94.151793,22.125628,Gangaw,Magway
Site 7435,94.176653,22.310681,Gangaw,Magway
Site 7436,93.92133,22.046617,Gangaw,Magway
Site 7437,94.129177,21.994822,Gangaw,Magway
Site 7438,93.956947,22.332798,Gangaw,Magway
Site 7439,94.258257,22.018939,Gangaw,Magway
Site 7440,94.096684,22.059453,Gangaw,Magway
Site 7441,94.248731,22.14694,Gangaw,Magway
Site 7442,93.985129,22.199339,Gangaw,Magway
Site 7443,94.112614,21.825001,Gangaw,Magway
Site 7444,94.152286,22.26556,Gangaw,Magway
Site 7445,94.438607,22.142583,Gangaw,Magway
Site 7446,94.267386,22.184145,Gangaw,Magway
Site 7447,94.154802,21.976777,Gangaw,Magway
Site 7448,93.905003,22.30946,Gangaw,Magway
Site 7449,94.187462,22.14562,Gangaw,Magway
Site 7450,94.217416,22.252157,Gangaw,Magway
Site 7451,94.114231,22.144813,Gangaw,Magway
Site 7452,94.094014,22.162746,Gangaw,Magway
Site 7453,94.299293,22.338181,Gangaw,Magway
Site 7454,94.200052,22.099557,Gangaw,Magway
Site 7455,94.077503,22.101963,Gangaw,Magway
Site 7456,94.093646,22.098415,Gangaw,Magway
Site 7457,94.092337,22.3065,Gangaw,Magway
Site 7458,94.166238,22.319767,Gangaw,Magway
Site 7459,94.206411,22.318982,Gangaw,Magway
Site 7460,94.504527,22.199253,Gangaw,Magway
Site 7461,94.234319,22.029183,Gangaw,Magway
Site 7462,94.306306,22.212233,Gangaw,Magway
Site 7463,94.370362,22.147434,Gangaw,Magway
Site 7464,94.120711,22.228947,Gangaw,Magway
Site 7465,94.029525,22.121287,Gangaw,Magway
Site 7466,95.058323,22.016705,Yesagyo,Magway
Site 7467,95.204463,22.22418,Yesagyo,Magway
Site 7468,95.188579,22.216619,Yesagyo,Magway
Site 7469,95.10846,22.020964,Yesagyo,Magway
Site 7470,95.275692,22.202701,Yesagyo,Magway
Site 7471,95.183717,22.006713,Yesagyo,Magway
Site 7472,95.18043,22.188497,Yesagyo,Magway
Site 7473,95.085048,21.968842,Yesagyo,Magway
Site 7474,95.162328,22.021271,Yesagyo,Magway
Site 7475,95.144772,21.9933,Yesagyo,Magway
Site 7476,95.34183,21.992839,Yesagyo,Magway
Site 7477,95.268684,22.069334,Yesagyo,Magway
Site 7478,95.171821,22.127417,Yesagyo,Magway
Site 7479,95.219423,21.983852,Yesagyo,Magway
Site 7480,95.248507,22.04515,Yesagyo,Magway
Site 7481,95.167811,21.849404,Yesagyo,Magway
Site 7482,95.013218,22.391795,Yesagyo,Magway
Site 7483,95.1294,22.106306,Yesagyo,Magway
Site 7484,95.094679,22.108802,Yesagyo,Magway
Site 7485,95.343048,22.249501,Yesagyo,Magway
Site 7486,95.106138,22.085829,Yesagyo,Magway
Site 7487,95.36194,22.213896,Yesagyo,Magway
Site 7488,95.256848,22.081038,Yesagyo,Magway
Site 7489,95.396532,22.045296,Yesagyo,Magway
Site 7490,95.12765,22.033574,Yesagyo,Magway
Site 7491,95.081852,22.251157,Yesagyo,Magway
Site 7492,95.322094,22.066411,Yesagyo,Magway
Site 7493,95.061355,22.02238,Yesagyo,Magway
Site 7494,95.495358,20.039051,Natmauk,Magway
Site 7495,95.443664,20.156526,Natmauk,Magway
Site 7496,95.616268,20.343477,Natmauk,Magway
Site 7497,95.544693,20.175482,Natmauk,Magway
Site 7498,95.411475,20.040157,Natmauk,Magway
Site 7499,95.511576,20.154657,Natmauk,Magway
Site 7500,95.500356,20.262712,Natmauk,Magway
Site 7501,95.612059,20.159055,Natmauk,Magway
Site 7502,95.595505,20.207112,Natmauk,Magway
Site 7503,95.635507,20.362655,Natmauk,Magway
Site 7504,95.726719,20.132936,Natmauk,Magway
Site 7505,95.748745,20.209928,Natmauk,Magway
Site 7506,95.607605,20.2689,Natmauk,Magway
Site 7507,95.646835,20.225857,Natmauk,Magway
Site 7508,95.680098,20.347263,Natmauk,Magway
Site 7509,95.520107,20.227657,Natmauk,Magway
Site 7510,95.322676,20.07656,Natmauk,Magway
Site 7511,95.22481,20.238432,Natmauk,Magway
Site 7512,95.57496,20.408498,Natmauk,Magway
Site 7513,95.513142,20.112979,Natmauk,Magway
Site 7514,95.574111,20.010254,Natmauk,Magway
Site 7515,95.757563,20.012172,Natmauk,Magway
Site 7516,95.675573,20.216629,Natmauk,Magway
Site 7517,95.527449,20.189443,Natmauk,Magway
Site 7518,95.446195,20.175403,Natmauk,Magway
Site 7519,95.788646,20.407914,Natmauk,Magway
Site 7520,95.610228,20.172974,Natmauk,Magway
Site 7521,95.517171,20.169073,Natmauk,Magway
Site 7522,94.82463,20.844807,Pwintbyu,Magway
Site 7523,94.583726,20.64846,Pwintbyu,Magway
Site 7524,94.521047,20.442917,Pwintbyu,Magway
Site 7525,94.657834,20.593844,Pwintbyu,Magway
Site 7526,94.669922,20.44977,Pwintbyu,Magway
Site 7527,94.61118,20.395515,Pwintbyu,Magway
Site 7528,94.684429,20.205631,Pwintbyu,Magway
Site 7529,94.78149,20.545824,Pwintbyu,Magway
Site 7530,94.572993,20.608852,Pwintbyu,Magway
Site 7531,94.496365,20.463172,Pwintbyu,Magway
Site 7532,94.664314,20.38595,Pwintbyu,Magway
Site 7533,94.709298,20.507393,Pwintbyu,Magway
Site 7534,94.682782,20.713782,Pwintbyu,Magway
Site 7535,94.569432,20.777824,Pwintbyu,Magway
Site 7536,94.847979,20.589687,Pwintbyu,Magway
Site 7537,94.627924,20.681041,Pwintbyu,Magway
Site 7538,94.673151,20.555819,Pwintbyu,Magway
Site 7539,94.396396,20.451897,Pwintbyu,Magway
Site 7540,94.628022,20.506679,Pwintbyu,Magway
Site 7541,94.451783,20.70871,Pwintbyu,Magway
Site 7542,94.47845,20.401978,Pwintbyu,Magway
Site 7543,94.764018,20.48904,Pwintbyu,Magway
Site 7544,94.739065,20.62945,Pwintbyu,Magway
Site 7545,94.712796,20.559928,Pwintbyu,Magway
Site 7546,94.665258,20.471815,Pwintbyu,Magway
Site 7547,94.66857,20.438236,Pwintbyu,Magway
Site 7548,94.674343,20.668469,Pwintbyu,Magway
Site 7549,94.467843,20.468282,Pwintbyu,Magway
Site 7550,94.282722,20.251053,Sidoktaya,Magway
Site 7551,94.549493,20.115938,Sidoktaya,Magway
Site 7552,94.376188,20.406849,Sidoktaya,Magway
Site 7553,94.400316,20.231244,Sidoktaya,Magway
Site 7554,94.318909,20.225503,Sidoktaya,Magway
Site 7555,94.267059,20.240674,Sidoktaya,Magway
Site 7556,94.562226,20.245254,Sidoktaya,Magway
Site 7557,94.544256,20.202362,Sidoktaya,Magway
Site 7558,94.566883,20.327389,Sidoktaya,Magway
Site 7559,94.343031,20.282737,Sidoktaya,Magway
Site 7560,94.424396,20.233948,Sidoktaya,Magway
Site 7561,94.385629,20.230876,Sidoktaya,Magway
Site 7562,94.616052,20.033592,Sidoktaya,Magway
Site 7563,94.487331,20.093689,Sidoktaya,Magway
Site 7564,94.314097,20.154616,Sidoktaya,Magway
Site 7565,94.66998,20.157895,Sidoktaya,Magway
Site 7566,94.352234,20.211158,Sidoktaya,Magway
Site 7567,94.417648,20.26367,Sidoktaya,Magway
Site 7568,94.258983,21.751022,Saw,Magway
Site 7569,94.052999,21.687715,Saw,Magway
Site 7570,94.305203,21.969877,Saw,Magway
Site 7571,94.1844,21.94461,Saw,Magway
Site 7572,94.374442,21.875761,Saw,Magway
Site 7573,94.041772,21.880868,Saw,Magway
Site 7574,94.153885,21.609289,Saw,Magway
Site 7575,93.928829,21.816968,Saw,Magway
Site 7576,94.336165,21.787374,Saw,Magway
Site 7577,94.159121,21.804528,Saw,Magway
Site 7578,94.167922,22.111134,Saw,Magway
Site 7579,94.209005,21.958615,Saw,Magway
Site 7580,94.136399,21.985329,Saw,Magway
Site 7581,94.009498,21.882047,Saw,Magway
Site 7582,94.118962,21.684309,Saw,Magway
Site 7583,94.462762,21.815475,Saw,Magway
Site 7584,94.133021,21.712783,Saw,Magway
Site 7585,94.242042,21.677491,Saw,Magway
Site 7586,97.819132,16.470336,Mawlamyine,Mon
Site 7587,97.413942,16.45893,Mawlamyine,Mon
Site 7588,97.507079,16.51412,Mawlamyine,Mon
Site 7589,97.693981,16.510365,Mawlamyine,Mon
Site 7590,97.60206,16.461321,Mawlamyine,Mon
Site 7591,97.763735,16.511731,Mawlamyine,Mon
Site 7592,97.538444,16.552674,Mawlamyine,Mon
Site 7593,97.458746,16.472077,Mawlamyine,Mon
Site 7594,97.858665,16.315194,Mawlamyine,Mon
Site 7595,97.52082,16.198094,Mawlamyine,Mon
Site 7596,97.653845,16.489091,Mawlamyine,Mon
Site 7597,97.591897,16.411497,Mawlamyine,Mon
Site 7598,97.738718,16.330583,Mawlamyine,Mon
Site 7599,97.634447,16.761867,Mawlamyine,Mon
Site 7600,97.905159,16.529919,Mawlamyine,Mon
Site 7601,97.592231,16.620311,Mawlamyine,Mon
Site 7602,97.712167,16.590449,Mawlamyine,Mon
Site 7603,97.655643,16.437854,Mawlamyine,Mon
Site 7604,97.671733,16.716574,Mawlamyine,Mon
Site 7605,97.600165,16.386532,Mawlamyine,Mon
Site 7606,97.635861,16.454901,Mawlamyine,Mon
Site 7607,97.773743,16.253387,Mawlamyine,Mon
Site 7608,97.57914,16.45731,Mawlamyine,Mon
Site 7609,97.489806,16.528102,Mawlamyine,Mon
Site 7610,97.496036,16.487927,Mawlamyine,Mon
Site 7611,97.657891,16.618488,Mawlamyine,Mon
Site 7612,97.505354,16.513362,Mawlamyine,Mon
Site 7613,97.785305,16.553419,Mawlamyine,Mon
Site 7614,97.406656,16.632587,Mawlamyine,Mon
Site 7615,97.845024,16.447519,Mawlamyine,Mon
Site 7616,97.717132,16.63111,Mawlamyine,Mon
Site 7617,97.671596,16.373086,Mawlamyine,Mon
Site 7618,97.770997,16.403689,Mawlamyine,Mon
Site 7619,97.505835,16.870793,Mawlamyine,Mon
Site 7620,97.553849,16.664392,Mawlamyine,Mon
Site 7621,97.702044,16.235421,Mawlamyine,Mon
Site 7622,97.532659,16.538342,Mawlamyine,Mon
Site 7623,97.578267,16.617485,Mawlamyine,Mon
Site 7624,97.488705,16.393126,Mawlamyine,Mon
Site 7625,97.598552,16.502862,Mawlamyine,Mon
Site 7626,97.596882,16.661295,Mawlamyine,Mon
Site 7627,97.713019,16.659177,Mawlamyine,Mon
Site 7628,97.728838,16.309814,Mawlamyine,Mon
Site 7629,97.531711,16.304995,Mawlamyine,Mon
Site 7630,97.81677,16.626254,Mawlamyine,Mon
Site 7631,97.537936,16.575817,Mawlamyine,Mon
Site 7632,97.658454,16.527461,Mawlamyine,Mon
Site 7633,97.582271,16.395565,Mawlamyine,Mon
Site 7634,97.585859,16.740206,Mawlamyine,Mon
Site 7635,97.558883,16.433738,Mawlamyine,Mon
Site 7636,97.650288,16.561515,Mawlamyine,Mon
Site 7637,97.627619,16.437187,Mawlamyine,Mon
Site 7638,97.687554,16.43461,Mawlamyine,Mon
Site 7639,97.675024,16.461906,Mawlamyine,Mon
Site 7640,97.759078,16.555342,Mawlamyine,Mon
Site 7641,97.674111,16.663977,Mawlamyine,Mon
Site 7642,97.637031,16.582008,Mawlamyine,Mon
Site 7643,97.735444,16.661796,Mawlamyine,Mon
Site 7644,97.709238,16.684982,Mawlamyine,Mon
Site 7645,97.690007,16.426806,Mawlamyine,Mon
Site 7646,97.705168,16.531832,Mawlamyine,Mon
Site 7647,97.414013,16.465146,Mawlamyine,Mon
Site 7648,97.689786,16.569442,Mawlamyine,Mon
Site 7649,97.511589,16.470334,Mawlamyine,Mon
Site 7650,97.719578,16.323767,Mawlamyine,Mon
Site 7651,97.446259,16.683067,Mawlamyine,Mon
Site 7652,97.613982,16.372317,Mawlamyine,Mon
Site 7653,97.654566,16.268231,Mawlamyine,Mon
Site 7654,97.590392,16.50492,Mawlamyine,Mon
Site 7655,97.451585,16.574001,Mawlamyine,Mon
Site 7656,97.506294,16.455809,Mawlamyine,Mon
Site 7657,97.547747,16.710438,Mawlamyine,Mon
Site 7658,97.650839,16.39689,Mawlamyine,Mon
Site 7659,97.774037,16.641465,Mawlamyine,Mon
Site 7660,97.632371,16.353558,Mawlamyine,Mon
Site 7661,97.631234,16.552075,Mawlamyine,Mon
Site 7662,97.830671,16.590663,Mawlamyine,Mon
Site 7663,97.750933,16.442801,Mawlamyine,Mon
Site 7664,97.558632,16.346573,Mawlamyine,Mon
Site 7665,97.774255,16.435642,Mawlamyine,Mon
Site 7666,97.59426,16.267509,Mawlamyine,Mon
Site 7667,97.859216,16.540944,Mawlamyine,Mon
Site 7668,97.548933,16.616556,Mawlamyine,Mon
Site 7669,97.655828,16.437687,Mawlamyine,Mon
Site 7670,97.74076,16.545717,Mawlamyine,Mon
Site 7671,97.576486,16.41926,Mawlamyine,Mon
Site 7672,97.540235,16.53874,Mawlamyine,Mon
Site 7673,97.647498,16.390429,Mawlamyine,Mon
Site 7674,97.80773,16.672473,Mawlamyine,Mon
Site 7675,97.669199,16.430601,Mawlamyine,Mon
Site 7676,97.487266,16.590111,Mawlamyine,Mon
Site 7677,97.395889,16.252266,Mawlamyine,Mon
Site 7678,97.571704,16.39345,Mawlamyine,Mon
Site 7679,97.627784,16.491624,Mawlamyine,Mon
Site 7680,97.536663,16.638244,Mawlamyine,Mon
Site 7681,97.915781,16.610908,Mawlamyine,Mon
Site 7682,97.560444,16.476387,Mawlamyine,Mon
Site 7683,97.512112,16.534945,Mawlamyine,Mon
Site 7684,97.673483,16.395372,Mawlamyine,Mon
Site 7685,97.49692,16.574621,Mawlamyine,Mon
Site 7686,97.506952,16.568126,Mawlamyine,Mon
Site 7687,97.688779,16.370846,Mawlamyine,Mon
Site 7688,97.669737,16.403956,Mawlamyine,Mon
Site 7689,97.577109,16.525809,Mawlamyine,Mon
Site 7690,97.313339,16.606236,Mawlamyine,Mon
Site 7691,97.750132,16.639954,Mawlamyine,Mon
Site 7692,97.441396,16.293803,Mawlamyine,Mon
Site 7693,97.456853,16.672296,Mawlamyine,Mon
Site 7694,97.684757,16.424994,Mawlamyine,Mon
Site 7695,97.553544,16.52484,Mawlamyine,Mon
Site 7696,97.482505,16.532124,Mawlamyine,Mon
Site 7697,97.799129,16.528819,Mawlamyine,Mon
Site 7698,97.599818,16.480855,Mawlamyine,Mon
Site 7699,97.550079,16.538269,Mawlamyine,Mon
Site 7700,97.589612,16.549599,Mawlamyine,Mon
Site 7701,97.55302,16.578351,Mawlamyine,Mon
Site 7702,97.619725,16.280542,Mawlamyine,Mon
Site 7703,97.803716,16.629619,Mawlamyine,Mon
Site 7704,97.820269,16.354278,Mawlamyine,Mon
Site 7705,97.796668,16.558163,Mawlamyine,Mon
Site 7706,97.658279,16.607823,Mawlamyine,Mon
Site 7707,97.539842,16.277719,Mawlamyine,Mon
Site 7708,97.456633,16.451298,Mawlamyine,Mon
Site 7709,97.752949,16.457632,Mawlamyine,Mon
Site 7710,97.727754,16.584817,Mawlamyine,Mon
Site 7711,97.721227,16.508926,Mawlamyine,Mon
Site 7712,97.576283,16.442939,Mawlamyine,Mon
Site 7713,97.420206,16.37881,Mawlamyine,Mon
Site 7714,97.629465,16.511449,Mawlamyine,Mon
Site 7715,97.490533,16.442513,Mawlamyine,Mon
Site 7716,97.624195,16.384444,Mawlamyine,Mon
Site 7717,97.626944,16.418607,Mawlamyine,Mon
Site 7718,97.467611,16.417596,Mawlamyine,Mon
Site 7719,97.952956,16.753231,Mawlamyine,Mon
Site 7720,97.618503,16.676834,Mawlamyine,Mon
Site 7721,97.68779,16.426073,Mawlamyine,Mon
Site 7722,97.678054,16.545694,Mawlamyine,Mon
Site 7723,97.742839,16.625895,Mawlamyine,Mon
Site 7724,97.713599,16.604506,Mawlamyine,Mon
Site 7725,97.711649,16.516916,Mawlamyine,Mon
Site 7726,97.651567,16.425536,Mawlamyine,Mon
Site 7727,97.549771,16.634042,Mawlamyine,Mon
Site 7728,97.831303,16.532619,Mawlamyine,Mon
Site 7729,97.497217,16.719849,Mawlamyine,Mon
Site 7730,97.478039,16.553071,Mawlamyine,Mon
Site 7731,97.649747,16.383188,Mawlamyine,Mon
Site 7732,97.612255,16.541302,Mawlamyine,Mon
Site 7733,97.598623,16.375292,Mawlamyine,Mon
Site 7734,97.610041,16.41621,Mawlamyine,Mon
Site 7735,97.791895,16.519063,Mawlamyine,Mon
Site 7736,97.685854,16.672957,Mawlamyine,Mon
Site 7737,97.49382,16.444028,Mawlamyine,Mon
Site 7738,97.467207,16.613646,Mawlamyine,Mon
Site 7739,97.796471,16.533967,Mawlamyine,Mon
Site 7740,97.625343,16.293213,Mawlamyine,Mon
Site 7741,97.80545,16.338177,Mawlamyine,Mon
Site 7742,97.663413,16.535147,Mawlamyine,Mon
Site 7743,97.307037,16.351792,Mawlamyine,Mon
Site 7744,97.514583,16.571774,Mawlamyine,Mon
Site 7745,97.739607,16.516341,Mawlamyine,Mon
Site 7746,97.915886,16.568635,Mawlamyine,Mon
Site 7747,97.832768,16.290157,Mawlamyine,Mon
Site 7748,97.450925,16.419848,Mawlamyine,Mon
Site 7749,97.590241,16.399366,Mawlamyine,Mon
Site 7750,97.696144,16.474832,Mawlamyine,Mon
Site 7751,97.384094,16.912777,Thaton,Mon
Site 7752,97.467806,16.899174,Thaton,Mon
Site 7753,97.466127,16.82695,Thaton,Mon
Site 7754,97.490292,17.106359,Thaton,Mon
Site 7755,97.374748,16.92563,Thaton,Mon
Site 7756,97.329067,16.915682,Thaton,Mon
Site 7757,97.498505,16.88118,Thaton,Mon
Site 7758,97.028357,17.071603,Thaton,Mon
Site 7759,97.600854,16.869314,Thaton,Mon
Site 7760,97.623903,17.057801,Thaton,Mon
Site 7761,97.214285,16.894459,Thaton,Mon
Site 7762,97.46053,17.144207,Thaton,Mon
Site 7763,97.390131,16.924853,Thaton,Mon
Site 7764,97.539076,16.848463,Thaton,Mon
Site 7765,97.332428,16.845136,Thaton,Mon
Site 7766,97.289037,17.050595,Thaton,Mon
Site 7767,97.289825,17.022455,Thaton,Mon
Site 7768,97.300727,16.877268,Thaton,Mon
Site 7769,97.43341,16.980865,Thaton,Mon
Site 7770,97.267333,16.911131,Thaton,Mon
Site 7771,97.304247,16.963294,Thaton,Mon
Site 7772,97.4507,17.025335,Thaton,Mon
Site 7773,97.429697,17.008265,Thaton,Mon
Site 7774,97.133031,16.764687,Thaton,Mon
Site 7775,97.425555,16.907115,Thaton,Mon
Site 7776,97.416067,16.920727,Thaton,Mon
Site 7777,97.272202,16.983323,Thaton,Mon
Site 7778,97.364023,16.920122,Thaton,Mon
Site 7779,97.405653,17.110716,Thaton,Mon
Site 7780,97.278086,16.880632,Thaton,Mon
Site 7781,97.397454,16.972215,Thaton,Mon
Site 7782,97.16824,17.072584,Thaton,Mon
Site 7783,97.669609,16.955152,Thaton,Mon
Site 7784,97.376655,17.120892,Thaton,Mon
Site 7785,97.413381,16.549876,Thaton,Mon
Site 7786,97.224318,16.855833,Thaton,Mon
Site 7787,97.506004,16.848603,Thaton,Mon
Site 7788,97.270254,16.939927,Thaton,Mon
Site 7789,97.453274,16.75379,Thaton,Mon
Site 7790,97.370098,16.812559,Thaton,Mon
Site 7791,97.332239,16.838446,Thaton,Mon
Site 7792,97.29558,16.743721,Thaton,Mon
Site 7793,97.576123,16.831141,Thaton,Mon
Site 7794,97.468475,16.994803,Thaton,Mon
Site 7795,97.442821,16.792747,Thaton,Mon
Site 7796,97.416563,16.988232,Thaton,Mon
Site 7797,97.324932,16.838322,Thaton,Mon
Site 7798,97.113187,16.910826,Thaton,Mon
Site 7799,97.26733,16.915559,Thaton,Mon
Site 7800,97.473994,16.909634,Thaton,Mon
Site 7801,97.283213,16.837589,Thaton,Mon
Site 7802,97.19599,16.795726,Thaton,Mon
Site 7803,97.376769,16.911649,Thaton,Mon
Site 7804,97.47579,17.120896,Thaton,Mon
Site 7805,97.57528,17.055314,Thaton,Mon
Site 7806,97.390703,16.922814,Thaton,Mon
Site 7807,97.421204,16.944821,Thaton,Mon
Site 7808,97.342259,16.918352,Thaton,Mon
Site 7809,97.175702,16.873221,Thaton,Mon
Site 7810,97.320514,16.758518,Thaton,Mon
Site 7811,97.458522,17.070384,Thaton,Mon
Site 7812,97.346215,16.868686,Thaton,Mon
Site 7813,97.349443,16.744714,Thaton,Mon
Site 7814,97.506405,16.892846,Thaton,Mon
Site 7815,97.389204,16.709728,Thaton,Mon
Site 7816,97.378382,16.838065,Thaton,Mon
Site 7817,97.459926,16.95191,Thaton,Mon
Site 7818,97.464733,16.942552,Thaton,Mon
Site 7819,97.11061,17.070273,Thaton,Mon
Site 7820,97.227288,16.990772,Thaton,Mon
Site 7821,97.438707,17.348938,Thaton,Mon
Site 7822,97.229471,16.971795,Thaton,Mon
Site 7823,97.261648,16.890448,Thaton,Mon
Site 7824,97.269805,16.910444,Thaton,Mon
Site 7825,97.373183,16.843049,Thaton,Mon
Site 7826,97.211549,17.064486,Thaton,Mon
Site 7827,97.362547,17.074088,Thaton,Mon
Site 7828,97.214067,16.80833,Thaton,Mon
Site 7829,97.503798,16.973276,Thaton,Mon
Site 7830,97.479055,17.042761,Thaton,Mon
Site 7831,97.372021,16.84791,Thaton,Mon
Site 7832,97.25328,16.808058,Thaton,Mon
Site 7833,97.246966,16.738234,Thaton,Mon
Site 7834,97.426765,16.9331,Thaton,Mon
Site 7835,97.159408,16.763969,Thaton,Mon
Site 7836,97.534468,16.933586,Thaton,Mon
Site 7837,97.323581,16.891792,Thaton,Mon
Site 7838,97.23602,16.797162,Thaton,Mon
Site 7839,97.299108,16.781515,Thaton,Mon
Site 7840,97.343005,16.934806,Thaton,Mon
Site 7841,97.342207,16.99677,Thaton,Mon
Site 7842,97.348975,16.961517,Thaton,Mon
Site 7843,97.271002,16.638938,Thaton,Mon
Site 7844,97.257514,16.760883,Thaton,Mon
Site 7845,97.287752,16.969982,Thaton,Mon
Site 7846,97.50389,16.719142,Thaton,Mon
Site 7847,97.331583,16.743941,Thaton,Mon
Site 7848,97.515644,17.080217,Thaton,Mon
Site 7849,97.424107,16.809042,Thaton,Mon
Site 7850,97.1905,16.859113,Thaton,Mon
Site 7851,97.271059,16.859197,Thaton,Mon
Site 7852,97.416477,16.867057,Thaton,Mon
Site 7853,97.642797,16.952247,Thaton,Mon
Site 7854,97.201318,16.892668,Thaton,Mon
Site 7855,97.361057,16.77623,Thaton,Mon
Site 7856,97.339061,16.798999,Thaton,Mon
Site 7857,97.351533,16.959203,Thaton,Mon
Site 7858,97.310744,16.849189,Thaton,Mon
Site 7859,97.458975,16.708414,Thaton,Mon
Site 7860,97.424155,16.836405,Thaton,Mon
Site 7861,97.598052,16.115747,Mudon,Mon
Site 7862,97.529614,16.087622,Mudon,Mon
Site 7863,97.60125,16.258348,Mudon,Mon
Site 7864,97.886963,16.187595,Mudon,Mon
Site 7865,97.827182,16.209269,Mudon,Mon
Site 7866,97.650531,16.095273,Mudon,Mon
Site 7867,97.865879,16.195664,Mudon,Mon
Site 7868,97.684003,16.407709,Mudon,Mon
Site 7869,97.642364,16.155181,Mudon,Mon
Site 7870,97.589495,16.07082,Mudon,Mon
Site 7871,97.625742,16.178002,Mudon,Mon
Site 7872,97.666225,16.121297,Mudon,Mon
Site 7873,97.798193,16.247161,Mudon,Mon
Site 7874,97.727148,16.147217,Mudon,Mon
Site 7875,97.675348,16.375128,Mudon,Mon
Site 7876,97.766659,16.368427,Mudon,Mon
Site 7877,97.829851,16.532248,Mudon,Mon
Site 7878,97.80118,16.355855,Mudon,Mon
Site 7879,97.667317,16.32656,Mudon,Mon
Site 7880,97.84958,16.210209,Mudon,Mon
Site 7881,97.725294,16.419096,Mudon,Mon
Site 7882,97.704704,16.259775,Mudon,Mon
Site 7883,97.651896,16.40354,Mudon,Mon
Site 7884,97.683765,16.260004,Mudon,Mon
Site 7885,97.575997,16.221505,Mudon,Mon
Site 7886,97.678898,16.323049,Mudon,Mon
Site 7887,97.746765,16.16521,Mudon,Mon
Site 7888,97.652966,16.392733,Mudon,Mon
Site 7889,97.773856,16.075456,Mudon,Mon
Site 7890,97.652549,16.276239,Mudon,Mon
Site 7891,97.725015,16.365677,Mudon,Mon
Site 7892,97.653498,16.358976,Mudon,Mon
Site 7893,97.916133,16.400005,Mudon,Mon
Site 7894,97.670891,16.456708,Mudon,Mon
Site 7895,97.78657,16.303929,Mudon,Mon
Site 7896,97.529956,16.216184,Mudon,Mon
Site 7897,97.734146,16.345241,Mudon,Mon
Site 7898,97.764799,16.319949,Mudon,Mon
Site 7899,97.74068,16.268412,Mudon,Mon
Site 7900,97.775274,16.15561,Mudon,Mon
Site 7901,97.672497,16.497941,Mudon,Mon
Site 7902,97.732916,16.184466,Mudon,Mon
Site 7903,97.798185,16.50413,Mudon,Mon
Site 7904,97.816499,16.176708,Mudon,Mon
Site 7905,97.68823,16.399571,Mudon,Mon
Site 7906,97.531558,16.291546,Mudon,Mon
Site 7907,97.647861,16.244461,Mudon,Mon
Site 7908,97.867364,16.236478,Mudon,Mon
Site 7909,97.743412,16.211061,Mudon,Mon
Site 7910,97.748433,16.07473,Mudon,Mon
Site 7911,97.602991,16.155159,Mudon,Mon
Site 7912,97.660584,16.303905,Mudon,Mon
Site 7913,97.713079,16.199401,Mudon,Mon
Site 7914,97.603345,16.239601,Mudon,Mon
Site 7915,97.508672,16.169109,Mudon,Mon
Site 7916,97.649976,16.300263,Mudon,Mon
Site 7917,97.721268,16.423033,Mudon,Mon
Site 7918,97.649916,16.181393,Mudon,Mon
Site 7919,97.825162,16.156243,Mudon,Mon
Site 7920,97.674617,16.477922,Mudon,Mon
Site 7921,97.8285,16.1973,Mudon,Mon
Site 7922,97.839304,16.219554,Mudon,Mon
Site 7923,97.946869,16.292886,Mudon,Mon
Site 7924,97.513904,16.519395,Mudon,Mon
Site 7925,97.474633,16.467238,Mudon,Mon
Site 7926,97.745705,16.147534,Mudon,Mon
Site 7927,97.59588,16.462316,Mudon,Mon
Site 7928,97.44835,16.301504,Mudon,Mon
Site 7929,97.881085,16.338095,Mudon,Mon
Site 7930,97.82924,16.359815,Mudon,Mon
Site 7931,97.647249,16.361193,Mudon,Mon
Site 7932,97.722446,16.299181,Mudon,Mon
Site 7933,97.78371,16.295621,Mudon,Mon
Site 7934,97.625948,15.829794,Thanbyuzayat,Mon
Site 7935,97.698399,15.88944,Thanbyuzayat,Mon
Site 7936,97.977869,16.068335,Thanbyuzayat,Mon
Site 7937,97.856479,16.037548,Thanbyuzayat,Mon
Site 7938,97.796118,15.782044,Thanbyuzayat,Mon
Site 7939,98.050911,15.97029,Thanbyuzayat,Mon
Site 7940,97.979734,16.032548,Thanbyuzayat,Mon
Site 7941,97.941843,15.937723,Thanbyuzayat,Mon
Site 7942,97.83169,15.898917,Thanbyuzayat,Mon
Site 7943,97.568762,15.944366,Thanbyuzayat,Mon
Site 7944,97.797248,15.995072,Thanbyuzayat,Mon
Site 7945,97.646915,15.922614,Thanbyuzayat,Mon
Site 7946,97.737625,16.10882,Thanbyuzayat,Mon
Site 7947,97.98043,16.031016,Thanbyuzayat,Mon
Site 7948,97.746857,15.88714,Thanbyuzayat,Mon
Site 7949,97.570004,15.936433,Thanbyuzayat,Mon
Site 7950,97.769916,16.252472,Thanbyuzayat,Mon
Site 7951,97.825893,15.70391,Thanbyuzayat,Mon
Site 7952,97.770947,16.076608,Thanbyuzayat,Mon
Site 7953,97.681563,16.015316,Thanbyuzayat,Mon
Site 7954,97.745321,16.04988,Thanbyuzayat,Mon
Site 7955,97.60917,15.932243,Thanbyuzayat,Mon
Site 7956,97.53586,16.06864,Thanbyuzayat,Mon
Site 7957,97.824561,15.96915,Thanbyuzayat,Mon
Site 7958,97.657914,15.818367,Thanbyuzayat,Mon
Site 7959,97.705421,15.982698,Thanbyuzayat,Mon
Site 7960,97.783559,15.898934,Thanbyuzayat,Mon
Site 7961,97.733883,15.944922,Thanbyuzayat,Mon
Site 7962,97.973691,15.929947,Thanbyuzayat,Mon
Site 7963,97.842086,15.977915,Thanbyuzayat,Mon
Site 7964,97.922403,16.10007,Thanbyuzayat,Mon
Site 7965,97.636073,16.126408,Thanbyuzayat,Mon
Site 7966,97.867136,15.869075,Thanbyuzayat,Mon
Site 7967,97.716763,15.817785,Thanbyuzayat,Mon
Site 7968,97.662026,15.887501,Thanbyuzayat,Mon
Site 7969,97.917353,16.148562,Thanbyuzayat,Mon
Site 7970,97.760836,15.91377,Thanbyuzayat,Mon
Site 7971,97.889866,15.994895,Thanbyuzayat,Mon
Site 7972,97.761534,15.975659,Thanbyuzayat,Mon
Site 7973,97.755397,16.052409,Thanbyuzayat,Mon
Site 7974,97.797411,16.078432,Thanbyuzayat,Mon
Site 7975,97.971274,16.08285,Thanbyuzayat,Mon
Site 7976,97.868309,16.105042,Thanbyuzayat,Mon
Site 7977,97.915568,16.066353,Thanbyuzayat,Mon
Site 7978,97.701064,15.998848,Thanbyuzayat,Mon
Site 7979,97.793786,15.653899,Thanbyuzayat,Mon
Site 7980,97.683769,15.844477,Thanbyuzayat,Mon
Site 7981,97.741595,16.05987,Thanbyuzayat,Mon
Site 7982,97.76968,16.152328,Thanbyuzayat,Mon
Site 7983,97.69399,16.148688,Thanbyuzayat,Mon
Site 7984,97.813976,15.84328,Thanbyuzayat,Mon
Site 7985,97.663808,16.047279,Thanbyuzayat,Mon
Site 7986,97.797379,15.78815,Thanbyuzayat,Mon
Site 7987,97.487842,15.946601,Thanbyuzayat,Mon
Site 7988,97.874618,16.172621,Thanbyuzayat,Mon
Site 7989,96.992635,17.245153,Kyaikto,Mon
Site 7990,97.268081,17.356261,Kyaikto,Mon
Site 7991,96.878991,17.278922,Kyaikto,Mon
Site 7992,97.162405,17.383136,Kyaikto,Mon
Site 7993,97.079127,17.549306,Kyaikto,Mon
Site 7994,97.094619,17.10933,Kyaikto,Mon
Site 7995,96.860006,17.378724,Kyaikto,Mon
Site 7996,96.938973,17.123056,Kyaikto,Mon
Site 7997,96.727282,17.208594,Kyaikto,Mon
Site 7998,97.143917,17.313751,Kyaikto,Mon
Site 7999,96.937696,17.231622,Kyaikto,Mon
Site 8000,96.882296,17.342115,Kyaikto,Mon
Site 8001,97.084553,17.425519,Kyaikto,Mon
Site 8002,97.052124,17.223254,Kyaikto,Mon
Site 8003,97.105679,17.407596,Kyaikto,Mon
Site 8004,97.104729,17.364908,Kyaikto,Mon
Site 8005,97.006285,17.370701,Kyaikto,Mon
Site 8006,96.962961,17.407059,Kyaikto,Mon
Site 8007,97.100854,17.165967,Kyaikto,Mon
Site 8008,96.971885,17.338495,Kyaikto,Mon
Site 8009,97.008067,17.260702,Kyaikto,Mon
Site 8010,96.931365,17.330614,Kyaikto,Mon
Site 8011,97.047067,17.156775,Kyaikto,Mon
Site 8012,96.920541,17.261546,Kyaikto,Mon
Site 8013,97.307814,17.332015,Kyaikto,Mon
Site 8014,97.064227,17.191146,Kyaikto,Mon
Site 8015,97.194759,17.282962,Kyaikto,Mon
Site 8016,96.974417,17.514642,Kyaikto,Mon
Site 8017,97.000567,17.485452,Kyaikto,Mon
Site 8018,97.266502,17.516394,Kyaikto,Mon
Site 8019,97.158896,17.450659,Kyaikto,Mon
Site 8020,96.968553,17.144955,Kyaikto,Mon
Site 8021,96.996377,17.199402,Kyaikto,Mon
Site 8022,97.182422,17.189305,Kyaikto,Mon
Site 8023,96.905328,17.357194,Kyaikto,Mon
Site 8024,96.953667,17.332837,Kyaikto,Mon
Site 8025,97.105545,17.305772,Kyaikto,Mon
Site 8026,97.084783,17.329349,Kyaikto,Mon
Site 8027,97.105252,17.532759,Kyaikto,Mon
Site 8028,97.02755,17.303224,Kyaikto,Mon
Site 8029,97.065451,17.537914,Kyaikto,Mon
Site 8030,97.065115,17.23407,Kyaikto,Mon
Site 8031,97.246183,17.235215,Kyaikto,Mon
Site 8032,96.836454,17.25975,Kyaikto,Mon
Site 8033,97.206939,17.194963,Kyaikto,Mon
Site 8034,96.937049,17.314274,Kyaikto,Mon
Site 8035,97.81736,15.179843,Ye,Mon
Site 8036,97.885034,15.001439,Ye,Mon
Site 8037,97.783446,15.358339,Ye,Mon
Site 8038,98.037977,15.385389,Ye,Mon
Site 8039,97.890943,15.128173,Ye,Mon
Site 8040,97.943464,15.260045,Ye,Mon
Site 8041,97.5959,15.325288,Ye,Mon
Site 8042,98.084919,15.186235,Ye,Mon
Site 8043,97.933725,15.052293,Ye,Mon
Site 8044,97.926621,15.167281,Ye,Mon
Site 8045,97.771242,15.273264,Ye,Mon
Site 8046,98.171456,15.348551,Ye,Mon
Site 8047,97.744187,15.462929,Ye,Mon
Site 8048,97.65439,15.172715,Ye,Mon
Site 8049,97.926385,15.192651,Ye,Mon
Site 8050,97.920975,15.367524,Ye,Mon
Site 8051,97.738794,15.353676,Ye,Mon
Site 8052,97.950292,15.08972,Ye,Mon
Site 8053,97.722585,15.380223,Ye,Mon
Site 8054,98.022554,15.042969,Ye,Mon
Site 8055,98.029927,15.124907,Ye,Mon
Site 8056,97.822148,14.939655,Ye,Mon
Site 8057,97.829243,15.24681,Ye,Mon
Site 8058,97.974414,15.327053,Ye,Mon
Site 8059,97.940123,15.122442,Ye,Mon
Site 8060,97.864993,15.326414,Ye,Mon
Site 8061,97.924971,15.244206,Ye,Mon
Site 8062,98.026927,15.360729,Ye,Mon
Site 8063,97.946495,15.150822,Ye,Mon
Site 8064,98.093285,15.189242,Ye,Mon
Site 8065,97.731807,15.247756,Ye,Mon
Site 8066,97.939934,15.390194,Ye,Mon
Site 8067,97.806556,15.290845,Ye,Mon
Site 8068,97.796234,15.356432,Ye,Mon
Site 8069,97.978633,15.256106,Ye,Mon
Site 8070,97.96373,15.229804,Ye,Mon
Site 8071,97.913594,15.453643,Ye,Mon
Site 8072,97.480925,17.146067,Paung,Mon
Site 8073,97.389321,16.826366,Paung,Mon
Site 8074,97.348859,16.8061,Paung,Mon
Site 8075,97.585253,16.647018,Paung,Mon
Site 8076,97.574497,16.774681,Paung,Mon
Site 8077,97.5658,16.766767,Paung,Mon
Site 8078,97.568757,16.829965,Paung,Mon
Site 8079,97.590639,16.595161,Paung,Mon
Site 8080,97.612681,16.952939,Paung,Mon
Site 8081,97.650677,16.942489,Paung,Mon
Site 8082,97.727877,16.876907,Paung,Mon
Site 8083,97.660045,16.924116,Paung,Mon
Site 8084,97.415231,16.853064,Paung,Mon
Site 8085,97.556809,16.92397,Paung,Mon
Site 8086,97.494696,16.818734,Paung,Mon
Site 8087,97.491906,16.874664,Paung,Mon
Site 8088,97.384217,16.838158,Paung,Mon
Site 8089,97.464326,17.035428,Paung,Mon
Site 8090,97.594759,16.610423,Paung,Mon
Site 8091,97.482053,16.842138,Paung,Mon
Site 8092,97.653711,16.830794,Paung,Mon
Site 8093,97.524712,17.092489,Paung,Mon
Site 8094,97.715306,16.753107,Paung,Mon
Site 8095,97.552992,16.761136,Paung,Mon
Site 8096,97.693263,16.991617,Paung,Mon
Site 8097,97.201817,16.757841,Paung,Mon
Site 8098,97.357731,16.691007,Paung,Mon
Site 8099,97.389572,16.848474,Paung,Mon
Site 8100,97.351816,17.138587,Bilin,Mon
Site 8101,97.416254,17.331278,Bilin,Mon
Site 8102,97.050709,17.200511,Bilin,Mon
Site 8103,97.307884,17.095059,Bilin,Mon
Site 8104,96.934845,17.425987,Bilin,Mon
Site 8105,96.958857,17.209353,Bilin,Mon
Site 8106,97.118799,17.295025,Bilin,Mon
Site 8107,97.383099,17.485153,Bilin,Mon
Site 8108,97.424236,17.053477,Bilin,Mon
Site 8109,97.304789,17.29743,Bilin,Mon
Site 8110,97.188447,17.203938,Bilin,Mon
Site 8111,97.33214,17.204603,Bilin,Mon
Site 8112,97.513741,17.251511,Bilin,Mon
Site 8113,96.919305,17.110437,Bilin,Mon
Site 8114,97.19016,17.274795,Bilin,Mon
Site 8115,97.203531,17.449396,Bilin,Mon
Site 8116,97.470715,17.300669,Bilin,Mon
Site 8117,97.230179,17.0418,Bilin,Mon
Site 8118,97.490858,17.048004,Bilin,Mon
Site 8119,97.327761,17.307359,Bilin,Mon
Site 8120,97.342644,17.147352,Bilin,Mon
Site 8121,97.260032,17.263824,Bilin,Mon
Site 8122,97.343694,17.350679,Bilin,Mon
Site 8123,97.166721,17.255791,Bilin,Mon
Site 8124,97.245949,17.185573,Bilin,Mon
Site 8125,97.332011,17.105687,Bilin,Mon
Site 8126,97.170943,17.348774,Bilin,Mon
Site 8127,97.293906,17.400032,Bilin,Mon
Site 8128,97.833579,16.290976,Kyaikmaraw,Mon
Site 8129,97.882453,16.180084,Kyaikmaraw,Mon
Site 8130,97.912709,16.245308,Kyaikmaraw,Mon
Site 8131,97.836707,16.297691,Kyaikmaraw,Mon
Site 8132,97.916362,15.979818,Kyaikmaraw,Mon
Site 8133,97.976669,16.312389,Kyaikmaraw,Mon
Site 8134,97.913779,16.318011,Kyaikmaraw,Mon
Site 8135,97.925137,16.167368,Kyaikmaraw,Mon
Site 8136,98.124671,16.416044,Kyaikmaraw,Mon
Site 8137,97.906413,16.417222,Kyaikmaraw,Mon
Site 8138,98.095759,16.183161,Kyaikmaraw,Mon
Site 8139,98.018509,16.116398,Kyaikmaraw,Mon
Site 8140,97.795724,16.374929,Kyaikmaraw,Mon
Site 8141,97.901115,16.482929,Kyaikmaraw,Mon
Site 8142,97.657978,16.217693,Kyaikmaraw,Mon
Site 8143,97.886498,16.28857,Kyaikmaraw,Mon
Site 8144,97.929611,16.201934,Kyaikmaraw,Mon
Site 8145,97.863353,16.250459,Kyaikmaraw,Mon
Site 8146,97.970862,16.170327,Kyaikmaraw,Mon
Site 8147,97.998032,16.035177,Kyaikmaraw,Mon
Site 8148,97.583262,16.104209,Kyaikmaraw,Mon
Site 8149,97.885565,16.265765,Kyaikmaraw,Mon
Site 8150,98.045404,16.511332,Kyaikmaraw,Mon
Site 8151,97.902774,16.306634,Kyaikmaraw,Mon
Site 8152,97.796662,16.124434,Kyaikmaraw,Mon
Site 8153,97.907664,16.289853,Kyaikmaraw,Mon
Site 8154,97.884862,16.211708,Kyaikmaraw,Mon
Site 8155,97.734427,16.278902,Kyaikmaraw,Mon
Site 8156,97.747305,16.568991,Chaungzon,Mon
Site 8157,97.619707,16.432211,Chaungzon,Mon
Site 8158,97.645483,16.615752,Chaungzon,Mon
Site 8159,97.68103,16.429293,Chaungzon,Mon
Site 8160,97.86221,16.545062,Chaungzon,Mon
Site 8161,97.825658,16.240406,Chaungzon,Mon
Site 8162,97.569117,16.386477,Chaungzon,Mon
Site 8163,97.587842,16.420638,Chaungzon,Mon
Site 8164,97.791198,16.688406,Chaungzon,Mon
Site 8165,97.696868,16.581231,Chaungzon,Mon
Site 8166,97.598362,16.267009,Chaungzon,Mon
Site 8167,97.550086,16.206881,Chaungzon,Mon
Site 8168,97.929696,16.490465,Chaungzon,Mon
Site 8169,97.629983,16.350977,Chaungzon,Mon
Site 8170,97.716542,16.391631,Chaungzon,Mon
Site 8171,97.824511,16.315367,Chaungzon,Mon
Site 8172,97.878371,16.425661,Chaungzon,Mon
Site 8173,97.734577,16.481933,Chaungzon,Mon
Site 8174,92.939476,20.055744,Sittwe,Rakhine
Site 8175,92.867838,20.198338,Sittwe,Rakhine
Site 8176,92.710566,20.031092,Sittwe,Rakhine
Site 8177,92.843579,20.348679,Sittwe,Rakhine
Site 8178,92.915553,19.984774,Sittwe,Rakhine
Site 8179,92.936134,20.075454,Sittwe,Rakhine
Site 8180,92.974009,19.867511,Sittwe,Rakhine
Site 8181,92.902553,20.126127,Sittwe,Rakhine
Site 8182,93.185092,20.070819,Sittwe,Rakhine
Site 8183,92.845379,20.269936,Sittwe,Rakhine
Site 8184,92.748981,20.133632,Sittwe,Rakhine
Site 8185,92.93051,20.142166,Sittwe,Rakhine
Site 8186,92.788549,20.176691,Sittwe,Rakhine
Site 8187,92.83663,20.025688,Sittwe,Rakhine
Site 8188,92.950681,20.135585,Sittwe,Rakhine
Site 8189,92.973001,20.307447,Sittwe,Rakhine
Site 8190,92.96339,20.26152,Sittwe,Rakhine
Site 8191,92.970786,20.08891,Sittwe,Rakhine
Site 8192,92.673076,20.270759,Sittwe,Rakhine
Site 8193,92.868789,20.352993,Sittwe,Rakhine
Site 8194,92.871159,19.986899,Sittwe,Rakhine
Site 8195,92.881154,19.858829,Sittwe,Rakhine
Site 8196,92.882242,20.242824,Sittwe,Rakhine
Site 8197,92.99303,19.986621,Sittwe,Rakhine
Site 8198,92.836609,20.075633,Sittwe,Rakhine
Site 8199,93.161895,20.191004,Sittwe,Rakhine
Site 8200,92.764069,19.947586,Sittwe,Rakhine
Site 8201,93.158618,19.91799,Sittwe,Rakhine
Site 8202,92.934513,20.178713,Sittwe,Rakhine
Site 8203,92.967774,20.011874,Sittwe,Rakhine
Site 8204,93.036491,20.232878,Sittwe,Rakhine
Site 8205,92.770816,20.237509,Sittwe,Rakhine
Site 8206,92.808812,20.194477,Sittwe,Rakhine
Site 8207,92.66717,20.04643,Sittwe,Rakhine
Site 8208,93.044428,20.056326,Sittwe,Rakhine
Site 8209,92.881744,20.303863,Sittwe,Rakhine
Site 8210,92.982318,20.330851,Sittwe,Rakhine
Site 8211,92.88198,20.275087,Sittwe,Rakhine
Site 8212,92.810026,20.030174,Sittwe,Rakhine
Site 8213,92.901755,20.162591,Sittwe,Rakhine
Site 8214,92.808532,20.158084,Sittwe,Rakhine
Site 8215,92.960996,20.229379,Sittwe,Rakhine
Site 8216,93.025437,20.089423,Sittwe,Rakhine
Site 8217,92.755347,20.128812,Sittwe,Rakhine
Site 8218,93.035128,20.090322,Sittwe,Rakhine
Site 8219,92.969918,20.375738,Sittwe,Rakhine
Site 8220,92.981152,20.081602,Sittwe,Rakhine
Site 8221,93.05499,19.93291,Sittwe,Rakhine
Site 8222,92.851385,20.316278,Sittwe,Rakhine
Site 8223,92.939863,20.094955,Sittwe,Rakhine
Site 8224,92.805852,20.07413,Sittwe,Rakhine
Site 8225,92.969399,20.069776,Sittwe,Rakhine
Site 8226,92.890527,19.960894,Sittwe,Rakhine
Site 8227,92.952754,19.97218,Sittwe,Rakhine
Site 8228,92.868707,19.982655,Sittwe,Rakhine
Site 8229,92.665705,20.163102,Sittwe,Rakhine
Site 8230,92.885394,20.297866,Sittwe,Rakhine
Site 8231,92.917223,20.083855,Sittwe,Rakhine
Site 8232,93.058782,20.14229,Sittwe,Rakhine
Site 8233,93.099848,20.29074,Sittwe,Rakhine
Site 8234,92.95699,20.240737,Sittwe,Rakhine
Site 8235,93.05222,20.13891,Sittwe,Rakhine
Site 8236,92.827367,20.070637,Sittwe,Rakhine
Site 8237,92.849681,20.187583,Sittwe,Rakhine
Site 8238,92.704685,20.26603,Sittwe,Rakhine
Site 8239,92.747759,20.188127,Sittwe,Rakhine
Site 8240,92.971743,20.27328,Sittwe,Rakhine
Site 8241,93.077977,20.198613,Sittwe,Rakhine
Site 8242,92.788056,20.062843,Sittwe,Rakhine
Site 8243,92.852733,20.132639,Sittwe,Rakhine
Site 8244,93.009858,19.947142,Sittwe,Rakhine
Site 8245,92.983618,20.168512,Sittwe,Rakhine
Site 8246,92.85003,20.287771,Sittwe,Rakhine
Site 8247,92.889762,20.185902,Sittwe,Rakhine
Site 8248,92.999546,20.179026,Sittwe,Rakhine
Site 8249,92.939712,20.235168,Sittwe,Rakhine
Site 8250,92.86914,20.127859,Sittwe,Rakhine
Site 8251,92.720763,20.10196,Sittwe,Rakhine
Site 8252,92.974257,20.248678,Sittwe,Rakhine
Site 8253,92.967874,20.26063,Sittwe,Rakhine
Site 8254,92.995841,20.109361,Sittwe,Rakhine
Site 8255,92.995398,20.326571,Sittwe,Rakhine
Site 8256,92.906848,20.182733,Sittwe,Rakhine
Site 8257,92.896367,20.185423,Sittwe,Rakhine
Site 8258,92.899489,20.215328,Sittwe,Rakhine
Site 8259,92.87327,20.109529,Sittwe,Rakhine
Site 8260,92.660568,20.264846,Sittwe,Rakhine
Site 8261,92.828159,20.283856,Sittwe,Rakhine
Site 8262,92.896173,20.159065,Sittwe,Rakhine
Site 8263,92.650604,20.277748,Sittwe,Rakhine
Site 8264,92.762821,20.127654,Sittwe,Rakhine
Site 8265,92.920779,20.455366,Sittwe,Rakhine
Site 8266,92.810876,20.270165,Sittwe,Rakhine
Site 8267,92.972617,19.939104,Sittwe,Rakhine
Site 8268,92.941341,20.297893,Sittwe,Rakhine
Site 8269,92.964914,20.133579,Sittwe,Rakhine
Site 8270,92.833136,20.091232,Sittwe,Rakhine
Site 8271,93.069012,20.170977,Sittwe,Rakhine
Site 8272,93.125709,20.027752,Sittwe,Rakhine
Site 8273,92.899574,20.004387,Sittwe,Rakhine
Site 8274,92.995124,19.990357,Sittwe,Rakhine
Site 8275,92.83895,20.213493,Sittwe,Rakhine
Site 8276,92.736139,20.21707,Sittwe,Rakhine
Site 8277,93.039901,20.274218,Sittwe,Rakhine
Site 8278,93.071664,20.322068,Sittwe,Rakhine
Site 8279,92.916507,20.082934,Sittwe,Rakhine
Site 8280,92.971811,20.145415,Sittwe,Rakhine
Site 8281,92.803109,20.242611,Sittwe,Rakhine
Site 8282,92.822691,20.13627,Sittwe,Rakhine
Site 8283,92.86843,20.046584,Sittwe,Rakhine
Site 8284,94.341902,18.637884,Thandwe,Rakhine
Site 8285,94.305991,18.527635,Thandwe,Rakhine
Site 8286,94.576691,18.330543,Thandwe,Rakhine
Site 8287,94.256631,18.560968,Thandwe,Rakhine
Site 8288,94.212038,18.538594,Thandwe,Rakhine
Site 8289,94.480868,18.28177,Thandwe,Rakhine
Site 8290,94.547038,18.456029,Thandwe,Rakhine
Site 8291,94.317542,18.463149,Thandwe,Rakhine
Site 8292,94.205309,18.457069,Thandwe,Rakhine
Site 8293,94.460113,18.46633,Thandwe,Rakhine
Site 8294,94.372985,18.526387,Thandwe,Rakhine
Site 8295,94.444912,18.530286,Thandwe,Rakhine
Site 8296,94.384691,18.653391,Thandwe,Rakhine
Site 8297,94.282274,18.600843,Thandwe,Rakhine
Site 8298,94.172587,18.414677,Thandwe,Rakhine
Site 8299,94.319885,18.516457,Thandwe,Rakhine
Site 8300,94.125059,18.377613,Thandwe,Rakhine
Site 8301,94.103578,18.395977,Thandwe,Rakhine
Site 8302,94.382476,18.404978,Thandwe,Rakhine
Site 8303,94.308901,18.520889,Thandwe,Rakhine
Site 8304,94.466088,18.477331,Thandwe,Rakhine
Site 8305,94.425689,18.492678,Thandwe,Rakhine
Site 8306,94.353653,18.483433,Thandwe,Rakhine
Site 8307,94.573884,18.211092,Thandwe,Rakhine
Site 8308,94.35887,18.080589,Thandwe,Rakhine
Site 8309,94.347977,18.758503,Thandwe,Rakhine
Site 8310,94.414349,18.122539,Thandwe,Rakhine
Site 8311,94.385558,18.522334,Thandwe,Rakhine
Site 8312,94.444301,18.512747,Thandwe,Rakhine
Site 8313,94.5128,18.288129,Thandwe,Rakhine
Site 8314,94.521103,18.721586,Thandwe,Rakhine
Site 8315,94.255952,18.422188,Thandwe,Rakhine
Site 8316,94.237498,18.526944,Thandwe,Rakhine
Site 8317,94.519235,18.687253,Thandwe,Rakhine
Site 8318,94.190516,18.502942,Thandwe,Rakhine
Site 8319,94.338753,18.688052,Thandwe,Rakhine
Site 8320,94.295175,18.272883,Thandwe,Rakhine
Site 8321,94.425549,18.442674,Thandwe,Rakhine
Site 8322,94.504669,18.452993,Thandwe,Rakhine
Site 8323,94.365698,18.379442,Thandwe,Rakhine
Site 8324,94.423207,18.501192,Thandwe,Rakhine
Site 8325,94.338985,18.338187,Thandwe,Rakhine
Site 8326,94.497872,18.270962,Thandwe,Rakhine
Site 8327,94.181498,18.446032,Thandwe,Rakhine
Site 8328,94.328731,18.689978,Thandwe,Rakhine
Site 8329,94.327022,18.550104,Thandwe,Rakhine
Site 8330,94.365502,18.295321,Thandwe,Rakhine
Site 8331,94.62683,18.582846,Thandwe,Rakhine
Site 8332,94.393136,18.576458,Thandwe,Rakhine
Site 8333,94.264341,18.416291,Thandwe,Rakhine
Site 8334,94.375809,18.480547,Thandwe,Rakhine
Site 8335,94.477751,18.348717,Thandwe,Rakhine
Site 8336,94.207464,18.567139,Thandwe,Rakhine
Site 8337,94.524155,18.61393,Thandwe,Rakhine
Site 8338,94.396876,18.327238,Thandwe,Rakhine
Site 8339,94.259122,18.417771,Thandwe,Rakhine
Site 8340,94.531046,18.602909,Thandwe,Rakhine
Site 8341,94.446913,18.307733,Thandwe,Rakhine
Site 8342,94.384208,18.471299,Thandwe,Rakhine
Site 8343,94.346802,18.432249,Thandwe,Rakhine
Site 8344,94.418321,18.496485,Thandwe,Rakhine
Site 8345,94.291291,18.390955,Thandwe,Rakhine
Site 8346,94.424202,18.21403,Thandwe,Rakhine
Site 8347,94.519731,18.494633,Thandwe,Rakhine
Site 8348,94.345672,18.407603,Thandwe,Rakhine
Site 8349,94.315413,18.507396,Thandwe,Rakhine
Site 8350,94.139381,18.359177,Thandwe,Rakhine
Site 8351,94.521694,18.49681,Thandwe,Rakhine
Site 8352,94.681348,18.495089,Thandwe,Rakhine
Site 8353,94.454172,18.622705,Thandwe,Rakhine
Site 8354,94.333896,18.542442,Thandwe,Rakhine
Site 8355,94.434418,18.672365,Thandwe,Rakhine
Site 8356,94.341353,18.510733,Thandwe,Rakhine
Site 8357,94.358045,18.552674,Thandwe,Rakhine
Site 8358,94.555118,18.40935,Thandwe,Rakhine
Site 8359,94.20208,18.593382,Thandwe,Rakhine
Site 8360,94.183134,18.390914,Thandwe,Rakhine
Site 8361,94.232978,18.593622,Thandwe,Rakhine
Site 8362,94.225612,18.410637,Thandwe,Rakhine
Site 8363,94.313789,18.386979,Thandwe,Rakhine
Site 8364,94.277387,18.538841,Thandwe,Rakhine
Site 8365,94.403259,18.686045,Thandwe,Rakhine
Site 8366,94.441132,18.510858,Thandwe,Rakhine
Site 8367,94.213666,18.583852,Thandwe,Rakhine
Site 8368,94.413516,18.511902,Thandwe,Rakhine
Site 8369,94.230663,18.470769,Thandwe,Rakhine
Site 8370,94.247849,18.361469,Thandwe,Rakhine
Site 8371,94.369283,18.601542,Thandwe,Rakhine
Site 8372,94.240129,18.347484,Thandwe,Rakhine
Site 8373,94.377789,18.441305,Thandwe,Rakhine
Site 8374,94.146724,18.426913,Thandwe,Rakhine
Site 8375,94.428711,18.637186,Thandwe,Rakhine
Site 8376,93.401159,19.230076,Kyaukphyu,Rakhine
Site 8377,93.563519,19.657194,Kyaukphyu,Rakhine
Site 8378,93.639042,19.448965,Kyaukphyu,Rakhine
Site 8379,93.386577,19.511174,Kyaukphyu,Rakhine
Site 8380,93.479229,19.435602,Kyaukphyu,Rakhine
Site 8381,93.66176,19.219979,Kyaukphyu,Rakhine
Site 8382,93.730245,19.511801,Kyaukphyu,Rakhine
Site 8383,93.44684,19.370237,Kyaukphyu,Rakhine
Site 8384,93.721847,19.306898,Kyaukphyu,Rakhine
Site 8385,93.490005,19.41746,Kyaukphyu,Rakhine
Site 8386,93.541128,19.635046,Kyaukphyu,Rakhine
Site 8387,93.572665,19.662805,Kyaukphyu,Rakhine
Site 8388,93.609267,19.472198,Kyaukphyu,Rakhine
Site 8389,93.682086,19.405062,Kyaukphyu,Rakhine
Site 8390,93.550662,19.241381,Kyaukphyu,Rakhine
Site 8391,93.323683,19.465918,Kyaukphyu,Rakhine
Site 8392,93.474338,19.281258,Kyaukphyu,Rakhine
Site 8393,93.547703,19.315216,Kyaukphyu,Rakhine
Site 8394,93.450278,19.424865,Kyaukphyu,Rakhine
Site 8395,93.477922,19.305514,Kyaukphyu,Rakhine
Site 8396,93.492448,19.379687,Kyaukphyu,Rakhine
Site 8397,93.536004,19.43706,Kyaukphyu,Rakhine
Site 8398,93.635453,19.267969,Kyaukphyu,Rakhine
Site 8399,93.54203,19.434,Kyaukphyu,Rakhine
Site 8400,93.626942,19.618355,Kyaukphyu,Rakhine
Site 8401,93.570834,19.374105,Kyaukphyu,Rakhine
Site 8402,93.470727,19.344997,Kyaukphyu,Rakhine
Site 8403,93.500638,19.298015,Kyaukphyu,Rakhine
Site 8404,93.879897,19.475625,Kyaukphyu,Rakhine
Site 8405,93.530816,19.494461,Kyaukphyu,Rakhine
Site 8406,93.77562,19.507417,Kyaukphyu,Rakhine
Site 8407,93.477543,19.487679,Kyaukphyu,Rakhine
Site 8408,93.637567,19.452347,Kyaukphyu,Rakhine
Site 8409,93.700676,19.265236,Kyaukphyu,Rakhine
Site 8410,93.440609,19.407021,Kyaukphyu,Rakhine
Site 8411,93.806429,19.546804,Kyaukphyu,Rakhine
Site 8412,93.250073,19.613738,Kyaukphyu,Rakhine
Site 8413,93.698423,19.549671,Kyaukphyu,Rakhine
Site 8414,93.43082,19.394006,Kyaukphyu,Rakhine
Site 8415,93.478917,19.469587,Kyaukphyu,Rakhine
Site 8416,93.716671,19.442357,Kyaukphyu,Rakhine
Site 8417,93.360943,19.454668,Kyaukphyu,Rakhine
Site 8418,93.678137,19.458954,Kyaukphyu,Rakhine
Site 8419,93.405941,19.486834,Kyaukphyu,Rakhine
Site 8420,93.648881,19.299177,Kyaukphyu,Rakhine
Site 8421,93.713104,19.33646,Kyaukphyu,Rakhine
Site 8422,93.289338,19.559615,Kyaukphyu,Rakhine
Site 8423,93.616228,19.406228,Kyaukphyu,Rakhine
Site 8424,93.729376,19.343232,Kyaukphyu,Rakhine
Site 8425,93.640156,19.611201,Kyaukphyu,Rakhine
Site 8426,93.454291,19.375808,Kyaukphyu,Rakhine
Site 8427,93.720189,19.644757,Kyaukphyu,Rakhine
Site 8428,93.83963,19.427129,Kyaukphyu,Rakhine
Site 8429,93.593478,19.4414,Kyaukphyu,Rakhine
Site 8430,93.477952,19.334466,Kyaukphyu,Rakhine
Site 8431,93.331657,20.519919,Mrauk U,Rakhine
Site 8432,93.391798,20.576095,Mrauk U,Rakhine
Site 8433,93.014164,20.60047,Mrauk U,Rakhine
Site 8434,93.111957,20.529019,Mrauk U,Rakhine
Site 8435,93.153884,20.659677,Mrauk U,Rakhine
Site 8436,93.253643,20.633501,Mrauk U,Rakhine
Site 8437,93.231924,20.627182,Mrauk U,Rakhine
Site 8438,93.19407,20.390232,Mrauk U,Rakhine
Site 8439,93.178026,20.502865,Mrauk U,Rakhine
Site 8440,92.986475,20.710385,Mrauk U,Rakhine
Site 8441,93.076646,20.496494,Mrauk U,Rakhine
Site 8442,93.225686,20.598665,Mrauk U,Rakhine
Site 8443,93.151895,20.52379,Mrauk U,Rakhine
Site 8444,93.541184,20.554098,Mrauk U,Rakhine
Site 8445,93.329337,20.689732,Mrauk U,Rakhine
Site 8446,93.258042,20.87495,Mrauk U,Rakhine
Site 8447,93.159016,20.494757,Mrauk U,Rakhine
Site 8448,93.209493,20.463804,Mrauk U,Rakhine
Site 8449,93.209015,20.626295,Mrauk U,Rakhine
Site 8450,93.146694,20.725827,Mrauk U,Rakhine
Site 8451,93.134669,20.498334,Mrauk U,Rakhine
Site 8452,93.082829,20.549027,Mrauk U,Rakhine
Site 8453,93.295341,20.591435,Mrauk U,Rakhine
Site 8454,93.182008,20.517856,Mrauk U,Rakhine
Site 8455,93.242164,20.646563,Mrauk U,Rakhine
Site 8456,93.160588,20.64272,Mrauk U,Rakhine
Site 8457,92.976229,20.635245,Mrauk U,Rakhine
Site 8458,92.926829,20.764839,Mrauk U,Rakhine
Site 8459,93.234726,20.530331,Mrauk U,Rakhine
Site 8460,93.35174,20.650534,Mrauk U,Rakhine
Site 8461,93.266211,20.403858,Mrauk U,Rakhine
Site 8462,93.288837,20.771805,Mrauk U,Rakhine
Site 8463,93.35963,20.574549,Mrauk U,Rakhine
Site 8464,93.203233,20.507504,Mrauk U,Rakhine
Site 8465,93.349169,20.545352,Mrauk U,Rakhine
Site 8466,93.23074,20.409298,Mrauk U,Rakhine
Site 8467,93.198015,20.522902,Mrauk U,Rakhine
Site 8468,93.212812,20.687352,Mrauk U,Rakhine
Site 8469,93.150737,20.613086,Mrauk U,Rakhine
Site 8470,93.108486,20.587809,Mrauk U,Rakhine
Site 8471,93.06747,20.581054,Mrauk U,Rakhine
Site 8472,92.93996,20.716902,Mrauk U,Rakhine
Site 8473,93.151886,20.643305,Mrauk U,Rakhine
Site 8474,93.164704,20.659936,Mrauk U,Rakhine
Site 8475,93.167823,20.557431,Mrauk U,Rakhine
Site 8476,93.125028,20.559857,Mrauk U,Rakhine
Site 8477,93.280737,20.578535,Mrauk U,Rakhine
Site 8478,93.206326,20.681313,Mrauk U,Rakhine
Site 8479,93.251278,20.469805,Mrauk U,Rakhine
Site 8480,93.267054,20.679277,Mrauk U,Rakhine
Site 8481,93.210629,20.726326,Mrauk U,Rakhine
Site 8482,93.155233,20.460339,Mrauk U,Rakhine
Site 8483,93.317477,20.656365,Mrauk U,Rakhine
Site 8484,93.28133,20.507498,Mrauk U,Rakhine
Site 8485,93.104075,20.428477,Mrauk U,Rakhine
Site 8486,92.303398,20.765709,Maungdaw,Rakhine
Site 8487,92.476947,20.728328,Maungdaw,Rakhine
Site 8488,92.316587,20.860275,Maungdaw,Rakhine
Site 8489,92.362038,20.762341,Maungdaw,Rakhine
Site 8490,92.258815,20.898912,Maungdaw,Rakhine
Site 8491,92.44779,20.783181,Maungdaw,Rakhine
Site 8492,92.331505,20.883367,Maungdaw,Rakhine
Site 8493,92.314227,20.750242,Maungdaw,Rakhine
Site 8494,92.228958,20.782711,Maungdaw,Rakhine
Site 8495,92.343669,20.634227,Maungdaw,Rakhine
Site 8496,92.139092,20.838418,Maungdaw,Rakhine
Site 8497,92.452223,20.805249,Maungdaw,Rakhine
Site 8498,92.25212,20.782076,Maungdaw,Rakhine
Site 8499,92.29065,20.971879,Maungdaw,Rakhine
Site 8500,92.222691,20.841397,Maungdaw,Rakhine
Site 8501,92.338266,21.024901,Maungdaw,Rakhine
Site 8502,92.24092,21.006366,Maungdaw,Rakhine
Site 8503,92.220958,20.716479,Maungdaw,Rakhine
Site 8504,92.544149,20.604819,Maungdaw,Rakhine
Site 8505,92.072301,20.948861,Maungdaw,Rakhine
Site 8506,92.012656,20.774984,Maungdaw,Rakhine
Site 8507,92.298733,20.768432,Maungdaw,Rakhine
Site 8508,92.302684,21.006135,Maungdaw,Rakhine
Site 8509,92.150435,20.874623,Maungdaw,Rakhine
Site 8510,92.324537,20.734396,Maungdaw,Rakhine
Site 8511,92.392109,20.790047,Maungdaw,Rakhine
Site 8512,92.418036,20.589724,Maungdaw,Rakhine
Site 8513,92.36302,20.87595,Maungdaw,Rakhine
Site 8514,92.453579,20.696086,Maungdaw,Rakhine
Site 8515,92.440432,20.929147,Maungdaw,Rakhine
Site 8516,92.481351,20.691953,Maungdaw,Rakhine
Site 8517,92.533824,20.848832,Maungdaw,Rakhine
Site 8518,92.397462,21.090206,Maungdaw,Rakhine
Site 8519,92.294814,21.058449,Maungdaw,Rakhine
Site 8520,92.377787,20.801841,Maungdaw,Rakhine
Site 8521,92.268781,20.79329,Maungdaw,Rakhine
Site 8522,92.212454,20.916817,Maungdaw,Rakhine
Site 8523,92.580653,21.012532,Buthidaung,Rakhine
Site 8524,92.432443,20.728553,Buthidaung,Rakhine
Site 8525,92.533901,21.019083,Buthidaung,Rakhine
Site 8526,92.473379,20.880476,Buthidaung,Rakhine
Site 8527,92.36592,21.021212,Buthidaung,Rakhine
Site 8528,92.58796,20.837532,Buthidaung,Rakhine
Site 8529,92.486591,20.978864,Buthidaung,Rakhine
Site 8530,92.590466,20.953486,Buthidaung,Rakhine
Site 8531,92.260377,20.847594,Buthidaung,Rakhine
Site 8532,92.554808,20.845741,Buthidaung,Rakhine
Site 8533,92.508174,20.815455,Buthidaung,Rakhine
Site 8534,92.66526,20.704414,Buthidaung,Rakhine
Site 8535,92.484721,21.012649,Buthidaung,Rakhine
Site 8536,92.51781,20.867584,Buthidaung,Rakhine
Site 8537,92.567258,20.89952,Buthidaung,Rakhine
Site 8538,92.530371,21.029201,Buthidaung,Rakhine
Site 8539,92.434062,20.774572,Buthidaung,Rakhine
Site 8540,92.631017,20.659195,Buthidaung,Rakhine
Site 8541,92.748959,20.860484,Buthidaung,Rakhine
Site 8542,92.677932,20.902685,Buthidaung,Rakhine
Site 8543,92.444332,20.847817,Buthidaung,Rakhine
Site 8544,92.523768,20.772854,Buthidaung,Rakhine
Site 8545,92.620756,20.63814,Buthidaung,Rakhine
Site 8546,92.497309,20.826224,Buthidaung,Rakhine
Site 8547,92.540189,20.772773,Buthidaung,Rakhine
Site 8548,92.493383,20.745893,Buthidaung,Rakhine
Site 8549,92.585588,20.920578,Buthidaung,Rakhine
Site 8550,92.470248,21.036004,Buthidaung,Rakhine
Site 8551,93.186721,20.873612,Kyauktaw,Rakhine
Site 8552,93.062871,20.872234,Kyauktaw,Rakhine
Site 8553,93.191686,20.766459,Kyauktaw,Rakhine
Site 8554,93.100256,20.760157,Kyauktaw,Rakhine
Site 8555,93.159182,20.964196,Kyauktaw,Rakhine
Site 8556,93.125768,20.65331,Kyauktaw,Rakhine
Site 8557,93.277225,20.867849,Kyauktaw,Rakhine
Site 8558,92.918004,20.507502,Kyauktaw,Rakhine
Site 8559,93.112117,20.930815,Kyauktaw,Rakhine
Site 8560,93.196869,20.628817,Kyauktaw,Rakhine
Site 8561,93.139003,20.721757,Kyauktaw,Rakhine
Site 8562,93.021226,20.714028,Kyauktaw,Rakhine
Site 8563,92.941888,20.656924,Kyauktaw,Rakhine
Site 8564,93.12993,20.813504,Kyauktaw,Rakhine
Site 8565,92.938087,20.889987,Kyauktaw,Rakhine
Site 8566,92.948896,20.780719,Kyauktaw,Rakhine
Site 8567,93.207197,20.999465,Kyauktaw,Rakhine
Site 8568,92.978887,20.977848,Kyauktaw,Rakhine
Site 8569,93.247414,20.904731,Kyauktaw,Rakhine
Site 8570,93.109599,20.828638,Kyauktaw,Rakhine
Site 8571,92.998545,20.841087,Kyauktaw,Rakhine
Site 8572,92.941166,20.924927,Kyauktaw,Rakhine
Site 8573,93.280885,20.797964,Kyauktaw,Rakhine
Site 8574,93.282268,21.165665,Kyauktaw,Rakhine
Site 8575,93.08557,20.879667,Kyauktaw,Rakhine
Site 8576,93.205764,20.914952,Kyauktaw,Rakhine
Site 8577,93.043728,20.593387,Kyauktaw,Rakhine
Site 8578,92.964841,20.811457,Kyauktaw,Rakhine
Site 8579,93.107224,20.238058,Minbya,Rakhine
Site 8580,92.804386,20.273587,Minbya,Rakhine
Site 8581,93.153659,20.421152,Minbya,Rakhine
Site 8582,93.483958,20.504038,Minbya,Rakhine
Site 8583,92.987848,20.059495,Minbya,Rakhine
Site 8584,93.000262,20.575678,Minbya,Rakhine
Site 8585,93.266235,20.436366,Minbya,Rakhine
Site 8586,93.383078,20.367655,Minbya,Rakhine
Site 8587,93.166968,20.407009,Minbya,Rakhine
Site 8588,93.247063,20.494244,Minbya,Rakhine
Site 8589,93.216162,20.260559,Minbya,Rakhine
Site 8590,93.501953,20.471318,Minbya,Rakhine
Site 8591,93.170776,20.382894,Minbya,Rakhine
Site 8592,93.154235,20.360826,Minbya,Rakhine
Site 8593,93.29397,20.344296,Minbya,Rakhine
Site 8594,93.297135,20.442022,Minbya,Rakhine
Site 8595,93.147453,20.372197,Minbya,Rakhine
Site 8596,93.250711,20.356724,Minbya,Rakhine
Site 8597,93.271253,20.457395,Minbya,Rakhine
Site 8598,93.408955,20.499711,Minbya,Rakhine
Site 8599,93.358211,20.621406,Minbya,Rakhine
Site 8600,93.532913,20.285394,Minbya,Rakhine
Site 8601,93.137511,20.391767,Minbya,Rakhine
Site 8602,93.227971,20.253456,Minbya,Rakhine
Site 8603,93.012422,20.385285,Minbya,Rakhine
Site 8604,92.991253,20.288026,Minbya,Rakhine
Site 8605,93.099427,20.325085,Minbya,Rakhine
Site 8606,93.122934,20.378389,Minbya,Rakhine
Site 8607,93.816857,19.315551,Taunggok,Rakhine
Site 8608,93.848151,19.208461,Taunggok,Rakhine
Site 8609,93.635395,19.486112,Taunggok,Rakhine
Site 8610,93.787892,19.087151,Taunggok,Rakhine
Site 8611,93.613768,19.387288,Taunggok,Rakhine
Site 8612,93.818846,19.599887,Taunggok,Rakhine
Site 8613,93.536492,19.094713,Taunggok,Rakhine
Site 8614,93.806453,19.44242,Taunggok,Rakhine
Site 8615,93.720005,19.352335,Taunggok,Rakhine
Site 8616,93.687961,19.120695,Taunggok,Rakhine
Site 8617,93.800783,19.242825,Taunggok,Rakhine
Site 8618,93.810694,19.358213,Taunggok,Rakhine
Site 8619,93.669958,19.404083,Taunggok,Rakhine
Site 8620,93.574068,19.221071,Taunggok,Rakhine
Site 8621,93.68799,19.396701,Taunggok,Rakhine
Site 8622,93.632611,19.517799,Taunggok,Rakhine
Site 8623,93.858577,19.321709,Taunggok,Rakhine
Site 8624,93.880582,19.352347,Taunggok,Rakhine
Site 8625,93.812957,19.408348,Taunggok,Rakhine
Site 8626,93.726601,19.204134,Taunggok,Rakhine
Site 8627,93.628302,19.274499,Taunggok,Rakhine
Site 8628,93.625476,19.388706,Taunggok,Rakhine
Site 8629,93.757059,19.325794,Taunggok,Rakhine
Site 8630,93.656741,19.266751,Taunggok,Rakhine
Site 8631,93.840681,19.382998,Taunggok,Rakhine
Site 8632,93.913337,19.294702,Taunggok,Rakhine
Site 8633,93.745024,19.268464,Taunggok,Rakhine
Site 8634,93.618571,19.363487,Taunggok,Rakhine
Site 8635,94.577,17.505665,Gwa,Rakhine
Site 8636,94.59877,17.497667,Gwa,Rakhine
Site 8637,94.476708,17.453952,Gwa,Rakhine
Site 8638,94.705263,17.74977,Gwa,Rakhine
Site 8639,94.566287,17.651258,Gwa,Rakhine
Site 8640,94.836547,17.45074,Gwa,Rakhine
Site 8641,94.754919,17.576082,Gwa,Rakhine
Site 8642,94.548485,17.729657,Gwa,Rakhine
Site 8643,94.39725,17.484794,Gwa,Rakhine
Site 8644,94.649027,17.610812,Gwa,Rakhine
Site 8645,94.675416,17.574384,Gwa,Rakhine
Site 8646,94.611825,17.571508,Gwa,Rakhine
Site 8647,94.511796,17.664797,Gwa,Rakhine
Site 8648,94.664051,17.590834,Gwa,Rakhine
Site 8649,94.575941,17.414409,Gwa,Rakhine
Site 8650,94.601132,17.592921,Gwa,Rakhine
Site 8651,94.578168,17.566107,Gwa,Rakhine
Site 8652,94.47051,17.574104,Gwa,Rakhine
Site 8653,94.589902,17.526425,Gwa,Rakhine
Site 8654,94.517455,17.657973,Gwa,Rakhine
Site 8655,94.781314,17.772905,Gwa,Rakhine
Site 8656,94.586224,17.62449,Gwa,Rakhine
Site 8657,94.394694,17.436178,Gwa,Rakhine
Site 8658,94.675122,17.45772,Gwa,Rakhine
Site 8659,94.698234,17.755587,Gwa,Rakhine
Site 8660,94.69895,17.408477,Gwa,Rakhine
Site 8661,94.630037,17.515754,Gwa,Rakhine
Site 8662,92.750839,20.25105,Rathedaung,Rakhine
Site 8663,92.650413,20.02573,Rathedaung,Rakhine
Site 8664,92.549191,20.328673,Rathedaung,Rakhine
Site 8665,92.85629,20.27937,Rathedaung,Rakhine
Site 8666,92.501817,20.139842,Rathedaung,Rakhine
Site 8667,92.665994,20.227738,Rathedaung,Rakhine
Site 8668,92.682631,20.187777,Rathedaung,Rakhine
Site 8669,92.785454,19.987104,Rathedaung,Rakhine
Site 8670,92.673804,20.041278,Rathedaung,Rakhine
Site 8671,92.626556,20.094202,Rathedaung,Rakhine
Site 8672,92.710375,20.021782,Rathedaung,Rakhine
Site 8673,92.75485,20.157122,Rathedaung,Rakhine
Site 8674,92.706125,20.206737,Rathedaung,Rakhine
Site 8675,92.620042,20.225626,Rathedaung,Rakhine
Site 8676,92.652414,20.34353,Rathedaung,Rakhine
Site 8677,92.910354,20.245211,Rathedaung,Rakhine
Site 8678,92.790707,20.18434,Rathedaung,Rakhine
Site 8679,92.64836,20.133023,Rathedaung,Rakhine
Site 8680,93.877135,19.72305,Ann,Rakhine
Site 8681,94.010209,19.75043,Ann,Rakhine
Site 8682,93.87803,19.696707,Ann,Rakhine
Site 8683,93.897157,19.715332,Ann,Rakhine
Site 8684,93.83964,19.883362,Ann,Rakhine
Site 8685,93.893047,19.656278,Ann,Rakhine
Site 8686,93.979901,19.661508,Ann,Rakhine
Site 8687,93.839127,19.675531,Ann,Rakhine
Site 8688,93.981858,19.730639,Ann,Rakhine
Site 8689,93.805831,19.748547,Ann,Rakhine
Site 8690,93.691321,19.867327,Ann,Rakhine
Site 8691,93.79656,19.735285,Ann,Rakhine
Site 8692,93.985416,19.605264,Ann,Rakhine
Site 8693,93.872199,19.665124,Ann,Rakhine
Site 8694,93.733957,19.775297,Ann,Rakhine
Site 8695,93.998459,19.837674,Ann,Rakhine
Site 8696,93.948461,19.834697,Ann,Rakhine
Site 8697,93.959936,19.749126,Ann,Rakhine
Site 8698,97.360005,25.375934,Myitkyina,Kachin
Site 8699,97.338117,25.430768,Myitkyina,Kachin
Site 8700,97.363839,25.346619,Myitkyina,Kachin
Site 8701,97.161536,25.278547,Myitkyina,Kachin
Site 8702,97.267466,25.428252,Myitkyina,Kachin
Site 8703,97.427917,25.268629,Myitkyina,Kachin
Site 8704,97.638183,25.201412,Myitkyina,Kachin
Site 8705,97.547244,25.613597,Myitkyina,Kachin
Site 8706,97.280462,25.452636,Myitkyina,Kachin
Site 8707,97.445821,25.53577,Myitkyina,Kachin
Site 8708,97.386664,25.240314,Myitkyina,Kachin
Site 8709,97.372353,25.315384,Myitkyina,Kachin
Site 8710,97.40389,25.275827,Myitkyina,Kachin
Site 8711,97.489393,25.450881,Myitkyina,Kachin
Site 8712,97.534558,25.512513,Myitkyina,Kachin
Site 8713,97.380269,25.532131,Myitkyina,Kachin
Site 8714,97.412927,25.40527,Myitkyina,Kachin
Site 8715,97.403385,25.459991,Myitkyina,Kachin
Site 8716,97.214504,25.485286,Myitkyina,Kachin
Site 8717,97.293692,25.40508,Myitkyina,Kachin
Site 8718,97.524051,25.515924,Myitkyina,Kachin
Site 8719,97.36548,25.46014,Myitkyina,Kachin
Site 8720,97.252739,25.540916,Myitkyina,Kachin
Site 8721,97.401837,25.217162,Myitkyina,Kachin
Site 8722,97.472806,25.394114,Myitkyina,Kachin
Site 8723,97.242762,25.457431,Myitkyina,Kachin
Site 8724,97.594147,25.473316,Myitkyina,Kachin
Site 8725,97.288773,25.318283,Myitkyina,Kachin
Site 8726,97.568886,25.659423,Myitkyina,Kachin
Site 8727,97.680879,25.512504,Myitkyina,Kachin
Site 8728,97.408414,25.162849,Myitkyina,Kachin
Site 8729,97.471807,25.428396,Myitkyina,Kachin
Site 8730,97.297629,25.420839,Myitkyina,Kachin
Site 8731,97.597857,25.500973,Myitkyina,Kachin
Site 8732,97.651604,25.155851,Myitkyina,Kachin
Site 8733,97.307621,25.411741,Myitkyina,Kachin
Site 8734,97.307673,25.339849,Myitkyina,Kachin
Site 8735,97.282081,25.349873,Myitkyina,Kachin
Site 8736,97.424301,25.371854,Myitkyina,Kachin
Site 8737,97.4256,25.236792,Myitkyina,Kachin
Site 8738,97.623019,25.366798,Myitkyina,Kachin
Site 8739,97.348924,25.310111,Myitkyina,Kachin
Site 8740,97.385297,25.463728,Myitkyina,Kachin
Site 8741,97.447294,25.385841,Myitkyina,Kachin
Site 8742,97.162292,25.335795,Myitkyina,Kachin
Site 8743,97.453205,25.462907,Myitkyina,Kachin
Site 8744,97.406142,25.536004,Myitkyina,Kachin
Site 8745,97.598942,25.296359,Myitkyina,Kachin
Site 8746,97.340135,25.404496,Myitkyina,Kachin
Site 8747,97.393847,25.324683,Myitkyina,Kachin
Site 8748,97.22815,25.351691,Myitkyina,Kachin
Site 8749,97.337348,25.387083,Myitkyina,Kachin
Site 8750,97.398295,25.387049,Myitkyina,Kachin
Site 8751,97.477151,25.337408,Myitkyina,Kachin
Site 8752,97.50617,25.207406,Myitkyina,Kachin
Site 8753,97.464788,25.433557,Myitkyina,Kachin
Site 8754,97.550032,25.410326,Myitkyina,Kachin
Site 8755,97.25804,25.337899,Myitkyina,Kachin
Site 8756,97.313505,25.51953,Myitkyina,Kachin
Site 8757,97.435514,25.133069,Myitkyina,Kachin
Site 8758,97.474351,25.471923,Myitkyina,Kachin
Site 8759,97.296271,25.401711,Myitkyina,Kachin
Site 8760,97.609484,25.322488,Myitkyina,Kachin
Site 8761,97.096782,25.412687,Myitkyina,Kachin
Site 8762,97.482319,25.352087,Myitkyina,Kachin
Site 8763,97.269564,25.631504,Myitkyina,Kachin
Site 8764,97.282258,25.399595,Myitkyina,Kachin
Site 8765,97.338968,25.355914,Myitkyina,Kachin
Site 8766,97.439566,25.347491,Myitkyina,Kachin
Site 8767,97.468139,25.319924,Myitkyina,Kachin
Site 8768,97.541705,25.269769,Myitkyina,Kachin
Site 8769,97.350102,25.367138,Myitkyina,Kachin
Site 8770,97.305498,25.531283,Myitkyina,Kachin
Site 8771,97.407648,25.303253,Myitkyina,Kachin
Site 8772,97.473101,25.317904,Myitkyina,Kachin
Site 8773,97.469522,25.360147,Myitkyina,Kachin
Site 8774,97.413154,25.523345,Myitkyina,Kachin
Site 8775,97.504075,25.415083,Myitkyina,Kachin
Site 8776,97.591945,25.122222,Myitkyina,Kachin
Site 8777,97.44067,25.371628,Myitkyina,Kachin
Site 8778,97.266198,25.149509,Myitkyina,Kachin
Site 8779,97.40725,25.482924,Myitkyina,Kachin
Site 8780,97.484869,25.305139,Myitkyina,Kachin
Site 8781,97.52731,25.264529,Myitkyina,Kachin
Site 8782,97.327953,25.316047,Myitkyina,Kachin
Site 8783,97.522808,25.315366,Myitkyina,Kachin
Site 8784,97.433605,25.489228,Myitkyina,Kachin
Site 8785,97.456119,25.307312,Myitkyina,Kachin
Site 8786,97.30465,25.432263,Myitkyina,Kachin
Site 8787,97.306205,25.111474,Myitkyina,Kachin
Site 8788,97.549611,25.501737,Myitkyina,Kachin
Site 8789,97.283317,25.489301,Myitkyina,Kachin
Site 8790,97.490543,25.300613,Myitkyina,Kachin
Site 8791,97.535632,25.341972,Myitkyina,Kachin
Site 8792,97.51531,25.322636,Myitkyina,Kachin
Site 8793,97.487615,25.165474,Myitkyina,Kachin
Site 8794,97.450491,25.218253,Myitkyina,Kachin
Site 8795,97.218895,25.10809,Myitkyina,Kachin
Site 8796,97.674816,25.295896,Myitkyina,Kachin
Site 8797,97.301608,25.453668,Myitkyina,Kachin
Site 8798,97.325376,25.377116,Myitkyina,Kachin
Site 8799,97.306235,25.246253,Myitkyina,Kachin
Site 8800,97.368429,25.312356,Myitkyina,Kachin
Site 8801,97.188733,25.417194,Myitkyina,Kachin
Site 8802,97.403629,25.420777,Myitkyina,Kachin
Site 8803,97.449202,25.519654,Myitkyina,Kachin
Site 8804,97.332516,25.259939,Myitkyina,Kachin
Site 8805,97.326232,25.374496,Myitkyina,Kachin
Site 8806,97.33295,25.401083,Myitkyina,Kachin
Site 8807,97.333956,25.324499,Myitkyina,Kachin
Site 8808,97.209915,24.253467,Bhamo,Kachin
Site 8809,97.396463,24.322929,Bhamo,Kachin
Site 8810,96.850634,24.269614,Bhamo,Kachin
Site 8811,97.380782,24.144179,Bhamo,Kachin
Site 8812,97.347797,24.296352,Bhamo,Kachin
Site 8813,97.39924,24.267774,Bhamo,Kachin
Site 8814,97.012193,24.022891,Bhamo,Kachin
Site 8815,97.413475,24.06061,Bhamo,Kachin
Site 8816,97.227296,24.242695,Bhamo,Kachin
Site 8817,97.274098,24.543365,Bhamo,Kachin
Site 8818,97.395429,24.423981,Bhamo,Kachin
Site 8819,97.259725,24.34738,Bhamo,Kachin
Site 8820,97.173285,24.200737,Bhamo,Kachin
Site 8821,97.044389,24.365232,Bhamo,Kachin
Site 8822,97.214306,24.234585,Bhamo,Kachin
Site 8823,97.400512,24.316729,Bhamo,Kachin
Site 8824,97.246599,24.324977,Bhamo,Kachin
Site 8825,97.257815,24.20688,Bhamo,Kachin
Site 8826,97.324157,24.21457,Bhamo,Kachin
Site 8827,97.25749,24.26036,Bhamo,Kachin
Site 8828,97.369607,24.293795,Bhamo,Kachin
Site 8829,97.357427,24.334177,Bhamo,Kachin
Site 8830,97.371263,24.421895,Bhamo,Kachin
Site 8831,97.208522,24.462166,Bhamo,Kachin
Site 8832,97.150433,24.142715,Bhamo,Kachin
Site 8833,97.151832,24.0931,Bhamo,Kachin
Site 8834,97.333387,24.165766,Bhamo,Kachin
Site 8835,97.246047,24.019874,Bhamo,Kachin
Site 8836,97.380984,24.320687,Bhamo,Kachin
Site 8837,97.268572,24.058813,Bhamo,Kachin
Site 8838,97.502124,24.300925,Bhamo,Kachin
Site 8839,97.386159,24.517787,Bhamo,Kachin
Site 8840,97.206456,24.293718,Bhamo,Kachin
Site 8841,97.167255,24.121215,Bhamo,Kachin
Site 8842,97.208546,24.155374,Bhamo,Kachin
Site 8843,97.434315,24.571451,Bhamo,Kachin
Site 8844,97.399679,24.152122,Bhamo,Kachin
Site 8845,97.236926,24.320468,Bhamo,Kachin
Site 8846,97.190142,24.034759,Bhamo,Kachin
Site 8847,97.204517,24.359819,Bhamo,Kachin
Site 8848,97.262045,24.124418,Bhamo,Kachin
Site 8849,97.267584,24.241788,Bhamo,Kachin
Site 8850,97.246718,24.252747,Bhamo,Kachin
Site 8851,97.082909,24.085689,Bhamo,Kachin
Site 8852,97.128713,24.343771,Bhamo,Kachin
Site 8853,96.969136,24.266515,Bhamo,Kachin
Site 8854,97.311003,24.038166,Bhamo,Kachin
Site 8855,97.122195,24.197888,Bhamo,Kachin
Site 8856,97.223987,24.222073,Bhamo,Kachin
Site 8857,97.335888,24.366603,Bhamo,Kachin
Site 8858,97.066311,24.26967,Bhamo,Kachin
Site 8859,97.188845,24.21669,Bhamo,Kachin
Site 8860,97.147153,24.473101,Bhamo,Kachin
Site 8861,97.446044,23.938176,Bhamo,Kachin
Site 8862,97.100869,24.456157,Bhamo,Kachin
Site 8863,96.464604,24.778232,Mohnyin,Kachin
Site 8864,96.381477,24.764975,Mohnyin,Kachin
Site 8865,96.295299,24.798184,Mohnyin,Kachin
Site 8866,96.272193,24.720158,Mohnyin,Kachin
Site 8867,96.27872,24.820188,Mohnyin,Kachin
Site 8868,96.38454,24.565797,Mohnyin,Kachin
Site 8869,96.101873,24.8827,Mohnyin,Kachin
Site 8870,96.471404,24.737551,Mohnyin,Kachin
Site 8871,96.263744,24.702824,Mohnyin,Kachin
Site 8872,96.352634,24.785852,Mohnyin,Kachin
Site 8873,96.344622,24.724958,Mohnyin,Kachin
Site 8874,96.326473,24.612704,Mohnyin,Kachin
Site 8875,96.379728,24.829966,Mohnyin,Kachin
Site 8876,96.409716,24.674261,Mohnyin,Kachin
Site 8877,96.52268,24.797526,Mohnyin,Kachin
Site 8878,96.399032,24.606301,Mohnyin,Kachin
Site 8879,96.408143,24.899189,Mohnyin,Kachin
Site 8880,96.346109,24.766491,Mohnyin,Kachin
Site 8881,96.398794,24.641374,Mohnyin,Kachin
Site 8882,96.274723,24.783785,Mohnyin,Kachin
Site 8883,96.332371,24.677144,Mohnyin,Kachin
Site 8884,96.511786,24.848015,Mohnyin,Kachin
Site 8885,96.554775,24.841385,Mohnyin,Kachin
Site 8886,96.285984,24.613132,Mohnyin,Kachin
Site 8887,96.166855,24.844035,Mohnyin,Kachin
Site 8888,96.527198,24.781757,Mohnyin,Kachin
Site 8889,96.432194,24.79339,Mohnyin,Kachin
Site 8890,96.348859,24.5307,Mohnyin,Kachin
Site 8891,96.492315,24.667131,Mohnyin,Kachin
Site 8892,96.400219,25.005735,Mohnyin,Kachin
Site 8893,96.27824,24.644559,Mohnyin,Kachin
Site 8894,96.505964,24.537505,Mohnyin,Kachin
Site 8895,96.550252,24.864486,Mohnyin,Kachin
Site 8896,96.41796,24.816616,Mohnyin,Kachin
Site 8897,96.294996,24.991064,Mohnyin,Kachin
Site 8898,96.364942,24.763651,Mohnyin,Kachin
Site 8899,96.60822,24.8221,Mohnyin,Kachin
Site 8900,96.292338,24.734078,Mohnyin,Kachin
Site 8901,96.352579,24.731154,Mohnyin,Kachin
Site 8902,96.309867,24.734334,Mohnyin,Kachin
Site 8903,96.398117,24.775448,Mohnyin,Kachin
Site 8904,96.490891,24.705106,Mohnyin,Kachin
Site 8905,96.175285,24.702297,Mohnyin,Kachin
Site 8906,96.370553,24.703449,Mohnyin,Kachin
Site 8907,96.30269,24.87883,Mohnyin,Kachin
Site 8908,96.259917,24.750619,Mohnyin,Kachin
Site 8909,96.988137,25.160456,Mogaung,Kachin
Site 8910,97.066351,25.171527,Mogaung,Kachin
Site 8911,96.991941,25.11589,Mogaung,Kachin
Site 8912,96.892462,25.318793,Mogaung,Kachin
Site 8913,97.041155,25.231448,Mogaung,Kachin
Site 8914,96.636672,25.290408,Mogaung,Kachin
Site 8915,96.794337,25.227529,Mogaung,Kachin
Site 8916,97.008711,25.376181,Mogaung,Kachin
Site 8917,96.95792,25.429726,Mogaung,Kachin
Site 8918,96.943515,25.288683,Mogaung,Kachin
Site 8919,97.126238,25.159738,Mogaung,Kachin
Site 8920,97.105553,25.38086,Mogaung,Kachin
Site 8921,96.830435,25.245659,Mogaung,Kachin
Site 8922,96.907145,25.172444,Mogaung,Kachin
Site 8923,97.217261,25.495537,Mogaung,Kachin
Site 8924,97.091566,25.279244,Mogaung,Kachin
Site 8925,97.077363,25.129464,Mogaung,Kachin
Site 8926,97.12622,25.310664,Mogaung,Kachin
Site 8927,96.839429,25.126167,Mogaung,Kachin
Site 8928,97.041413,25.196111,Mogaung,Kachin
Site 8929,96.964573,25.216536,Mogaung,Kachin
Site 8930,96.852839,25.340374,Mogaung,Kachin
Site 8931,96.949085,25.304972,Mogaung,Kachin
Site 8932,96.92171,25.285832,Mogaung,Kachin
Site 8933,96.92133,25.353687,Mogaung,Kachin
Site 8934,97.127589,25.234944,Mogaung,Kachin
Site 8935,96.943249,25.391201,Mogaung,Kachin
Site 8936,97.058741,25.340661,Mogaung,Kachin
Site 8937,96.84206,25.534208,Mogaung,Kachin
Site 8938,96.893134,25.068458,Mogaung,Kachin
Site 8939,96.966787,25.339328,Mogaung,Kachin
Site 8940,97.038467,25.419277,Mogaung,Kachin
Site 8941,96.944613,25.459882,Mogaung,Kachin
Site 8942,97.004132,25.228403,Mogaung,Kachin
Site 8943,96.955009,25.494451,Mogaung,Kachin
Site 8944,96.885488,25.675582,Mogaung,Kachin
Site 8945,97.021231,25.151516,Mogaung,Kachin
Site 8946,96.231153,25.518209,Hpakant,Kachin
Site 8947,96.492841,25.673747,Hpakant,Kachin
Site 8948,96.502005,25.638494,Hpakant,Kachin
Site 8949,96.340755,25.549447,Hpakant,Kachin
Site 8950,96.392554,25.563933,Hpakant,Kachin
Site 8951,96.438069,25.687182,Hpakant,Kachin
Site 8952,96.4256,25.656641,Hpakant,Kachin
Site 8953,96.206512,25.866055,Hpakant,Kachin
Site 8954,96.38516,25.621894,Hpakant,Kachin
Site 8955,96.28441,25.633786,Hpakant,Kachin
Site 8956,96.122589,25.461704,Hpakant,Kachin
Site 8957,96.409163,25.625535,Hpakant,Kachin
Site 8958,96.380858,25.823532,Hpakant,Kachin
Site 8959,96.251312,25.539816,Hpakant,Kachin
Site 8960,96.221121,25.750136,Hpakant,Kachin
Site 8961,96.42539,25.78363,Hpakant,Kachin
Site 8962,96.420577,25.40541,Hpakant,Kachin
Site 8963,96.330604,25.544094,Hpakant,Kachin
Site 8964,96.267675,25.707023,Hpakant,Kachin
Site 8965,96.361795,25.651325,Hpakant,Kachin
Site 8966,96.470558,25.665822,Hpakant,Kachin
Site 8967,96.264634,25.497285,Hpakant,Kachin
Site 8968,96.407178,25.653105,Hpakant,Kachin
Site 8969,96.410046,25.738064,Hpakant,Kachin
Site 8970,95.96767,25.440705,Hpakant,Kachin
Site 8971,96.45208,25.62489,Hpakant,Kachin
Site 8972,96.344354,25.709691,Hpakant,Kachin
Site 8973,96.437296,25.145309,Kamaing,Kachin
Site 8974,95.849781,25.164505,Kamaing,Kachin
Site 8975,96.288866,25.09534,Kamaing,Kachin
Site 8976,96.232022,25.3329,Kamaing,Kachin
Site 8977,96.3238,25.076627,Kamaing,Kachin
Site 8978,96.404815,25.111924,Kamaing,Kachin
Site 8979,96.131025,25.342468,Kamaing,Kachin
Site 8980,96.186173,25.260101,Kamaing,Kachin
Site 8981,96.025989,25.319269,Kamaing,Kachin
Site 8982,95.978495,25.139501,Kamaing,Kachin
Site 8983,96.353907,25.196784,Kamaing,Kachin
Site 8984,96.182994,25.038284,Kamaing,Kachin
Site 8985,96.321418,25.126193,Kamaing,Kachin
Site 8986,96.218179,25.322499,Kamaing,Kachin
Site 8987,96.037325,25.113467,Kamaing,Kachin
Site 8988,96.300273,25.081441,Kamaing,Kachin
Site 8989,96.237434,24.924778,Kamaing,Kachin
Site 8990,96.04369,25.021859,Kamaing,Kachin
Site 8991,97.537985,26.720821,Sumprabum,Kachin
Site 8992,97.435548,26.74259,Sumprabum,Kachin
Site 8993,97.775959,26.516097,Sumprabum,Kachin
Site 8994,97.552877,26.680403,Sumprabum,Kachin
Site 8995,97.474735,26.708194,Sumprabum,Kachin
Site 8996,97.562112,26.374497,Sumprabum,Kachin
Site 8997,97.46456,26.560184,Sumprabum,Kachin
Site 8998,97.610826,26.523986,Sumprabum,Kachin
Site 8999,97.333262,26.430815,Sumprabum,Kachin
Site 9000,97.606821,26.635728,Sumprabum,Kachin
Site 9001,97.608387,26.421993,Sumprabum,Kachin
Site 9002,97.638157,26.490058,Sumprabum,Kachin
Site 9003,97.730855,26.396988,Sumprabum,Kachin
Site 9004,97.505347,26.705135,Sumprabum,Kachin
Site 9005,97.603156,26.589304,Sumprabum,Kachin
Site 9006,97.447469,26.443245,Sumprabum,Kachin
Site 9007,97.42977,26.473039,Sumprabum,Kachin
Site 9008,97.59618,26.305898,Sumprabum,Kachin
Site 9009,97.614105,25.749907,Chipwi,Kachin
Site 9010,97.484896,25.786072,Chipwi,Kachin
Site 9011,97.427131,25.624511,Chipwi,Kachin
Site 9012,97.634685,25.884153,Chipwi,Kachin
Site 9013,97.479185,25.694468,Chipwi,Kachin
Site 9014,97.629804,25.508401,Chipwi,Kachin
Site 9015,97.532682,25.606912,Chipwi,Kachin
Site 9016,97.363468,25.588794,Chipwi,Kachin
Site 9017,97.525581,25.525891,Chipwi,Kachin
Site 9018,97.372957,25.725094,Chipwi,Kachin
Site 9019,97.770383,25.665604,Chipwi,Kachin
Site 9020,97.652482,25.680076,Chipwi,Kachin
Site 9021,97.670011,25.757371,Chipwi,Kachin
Site 9022,97.59901,25.542524,Chipwi,Kachin
Site 9023,97.430412,25.487629,Chipwi,Kachin
Site 9024,97.580505,25.726378,Chipwi,Kachin
Site 9025,97.526213,25.63137,Chipwi,Kachin
Site 9026,97.522753,25.568543,Chipwi,Kachin
Site 9027,97.506177,27.374095,Putao,Kachin
Site 9028,97.309939,27.37138,Putao,Kachin
Site 9029,97.395336,27.572596,Putao,Kachin
Site 9030,97.388356,27.313717,Putao,Kachin
Site 9031,97.448179,27.298166,Putao,Kachin
Site 9032,97.568709,27.653396,Putao,Kachin
Site 9033,97.477191,27.411357,Putao,Kachin
Site 9034,97.580978,27.512619,Putao,Kachin
Site 9035,97.515063,27.320477,Putao,Kachin
Site 9036,97.274732,27.366772,Putao,Kachin
Site 9037,97.520361,27.414656,Putao,Kachin
Site 9038,97.569452,27.517639,Putao,Kachin
Site 9039,97.600158,27.439477,Putao,Kachin
Site 9040,97.636378,27.432979,Putao,Kachin
Site 9041,97.461426,27.356284,Putao,Kachin
Site 9042,97.705932,27.289513,Putao,Kachin
Site 9043,97.33507,27.412459,Putao,Kachin
Site 9044,97.587243,27.409131,Putao,Kachin
Site 9045,97.286999,27.26447,Machanbaw,Kachin
Site 9046,97.64927,27.367302,Machanbaw,Kachin
Site 9047,97.564103,27.356388,Machanbaw,Kachin
Site 9048,97.476894,27.424107,Machanbaw,Kachin
Site 9049,97.631844,27.382784,Machanbaw,Kachin
Site 9050,97.720128,27.370835,Machanbaw,Kachin
Site 9051,97.538708,27.102877,Machanbaw,Kachin
Site 9052,97.76568,27.193713,Machanbaw,Kachin
Site 9053,97.697533,27.216407,Machanbaw,Kachin
Site 9054,97.77979,17.082979,Hpa-An,Kayin
Site 9055,97.680199,16.734033,Hpa-An,Kayin
Site 9056,97.619941,16.982422,Hpa-An,Kayin
Site 9057,97.652883,16.659957,Hpa-An,Kayin
Site 9058,97.42466,16.610507,Hpa-An,Kayin
Site 9059,97.45661,16.959896,Hpa-An,Kayin
Site 9060,97.330595,16.884342,Hpa-An,Kayin
Site 9061,97.769869,16.725272,Hpa-An,Kayin
Site 9062,97.583987,16.855469,Hpa-An,Kayin
Site 9063,97.51424,16.921044,Hpa-An,Kayin
Site 9064,97.742662,16.878426,Hpa-An,Kayin
Site 9065,97.720391,16.959637,Hpa-An,Kayin
Site 9066,97.478063,17.021065,Hpa-An,Kayin
Site 9067,97.627545,17.03312,Hpa-An,Kayin
Site 9068,97.626218,16.827754,Hpa-An,Kayin
Site 9069,97.480412,17.106046,Hpa-An,Kayin
Site 9070,97.441491,16.917351,Hpa-An,Kayin
Site 9071,97.55971,17.010529,Hpa-An,Kayin
Site 9072,97.4759,16.998053,Hpa-An,Kayin
Site 9073,97.478452,16.848787,Hpa-An,Kayin
Site 9074,97.819156,17.031887,Hpa-An,Kayin
Site 9075,97.642597,17.018892,Hpa-An,Kayin
Site 9076,97.670719,17.060323,Hpa-An,Kayin
Site 9077,97.634004,17.01227,Hpa-An,Kayin
Site 9078,97.577925,16.630269,Hpa-An,Kayin
Site 9079,97.493143,16.751336,Hpa-An,Kayin
Site 9080,97.634619,17.128368,Hpa-An,Kayin
Site 9081,97.518291,17.010392,Hpa-An,Kayin
Site 9082,97.634637,16.889102,Hpa-An,Kayin
Site 9083,97.721598,16.845235,Hpa-An,Kayin
Site 9084,97.384492,16.834145,Hpa-An,Kayin
Site 9085,97.718072,16.834078,Hpa-An,Kayin
Site 9086,97.59172,16.844648,Hpa-An,Kayin
Site 9087,97.644235,16.788421,Hpa-An,Kayin
Site 9088,97.720928,17.111551,Hpa-An,Kayin
Site 9089,97.49294,16.860645,Hpa-An,Kayin
Site 9090,97.652201,16.726119,Hpa-An,Kayin
Site 9091,97.819273,16.80234,Hpa-An,Kayin
Site 9092,97.691254,16.958485,Hpa-An,Kayin
Site 9093,97.66114,16.653369,Hpa-An,Kayin
Site 9094,97.749214,16.556905,Hpa-An,Kayin
Site 9095,97.595953,16.880481,Hpa-An,Kayin
Site 9096,97.626271,16.93063,Hpa-An,Kayin
Site 9097,97.69499,16.923014,Hpa-An,Kayin
Site 9098,97.82738,16.927579,Hpa-An,Kayin
Site 9099,97.910116,16.895535,Hpa-An,Kayin
Site 9100,97.674192,16.792119,Hpa-An,Kayin
Site 9101,97.612196,16.865281,Hpa-An,Kayin
Site 9102,97.595124,17.05584,Hpa-An,Kayin
Site 9103,97.678653,16.726629,Hpa-An,Kayin
Site 9104,97.550896,16.857777,Hpa-An,Kayin
Site 9105,97.55192,16.841222,Hpa-An,Kayin
Site 9106,97.567125,16.892201,Hpa-An,Kayin
Site 9107,97.665736,16.855049,Hpa-An,Kayin
Site 9108,97.806245,16.797993,Hpa-An,Kayin
Site 9109,97.741899,16.733151,Hpa-An,Kayin
Site 9110,97.444688,16.834402,Hpa-An,Kayin
Site 9111,97.439534,16.84666,Hpa-An,Kayin
Site 9112,97.70832,17.034846,Hpa-An,Kayin
Site 9113,97.543505,16.791222,Hpa-An,Kayin
Site 9114,97.424097,16.909866,Hpa-An,Kayin
Site 9115,97.670625,17.052316,Hpa-An,Kayin
Site 9116,97.67658,16.981114,Hpa-An,Kayin
Site 9117,97.718418,16.777491,Hpa-An,Kayin
Site 9118,97.612431,16.706671,Hpa-An,Kayin
Site 9119,97.483555,16.879389,Hpa-An,Kayin
Site 9120,97.465406,16.768042,Hpa-An,Kayin
Site 9121,97.543327,17.031243,Hpa-An,Kayin
Site 9122,97.597303,16.913435,Hpa-An,Kayin
Site 9123,97.550516,16.972113,Hpa-An,Kayin
Site 9124,97.538174,16.76003,Hpa-An,Kayin
Site 9125,97.751944,16.989298,Hpa-An,Kayin
Site 9126,97.675629,16.778309,Hpa-An,Kayin
Site 9127,97.512524,16.727806,Hpa-An,Kayin
Site 9128,97.506271,16.692633,Hpa-An,Kayin
Site 9129,97.779327,16.784318,Hpa-An,Kayin
Site 9130,97.521738,16.862194,Hpa-An,Kayin
Site 9131,97.562044,17.021389,Hpa-An,Kayin
Site 9132,97.89657,16.906568,Hpa-An,Kayin
Site 9133,97.62314,17.015304,Hpa-An,Kayin
Site 9134,97.792404,16.991601,Hpa-An,Kayin
Site 9135,97.506572,16.955274,Hpa-An,Kayin
Site 9136,97.433379,17.084879,Hpa-An,Kayin
Site 9137,97.59184,16.859885,Hpa-An,Kayin
Site 9138,97.42119,16.964801,Hpa-An,Kayin
Site 9139,97.481487,16.90281,Hpa-An,Kayin
Site 9140,97.395066,17.010659,Hpa-An,Kayin
Site 9141,97.549635,16.795958,Hpa-An,Kayin
Site 9142,97.823946,16.726742,Hpa-An,Kayin
Site 9143,97.585821,17.017174,Hpa-An,Kayin
Site 9144,97.560577,17.029618,Hpa-An,Kayin
Site 9145,97.727736,16.655961,Hpa-An,Kayin
Site 9146,97.611159,16.958437,Hpa-An,Kayin
Site 9147,97.581967,17.009249,Hpa-An,Kayin
Site 9148,97.600486,16.986548,Hpa-An,Kayin
Site 9149,97.634692,16.798169,Hpa-An,Kayin
Site 9150,97.683923,16.726912,Hpa-An,Kayin
Site 9151,97.691594,16.847114,Hpa-An,Kayin
Site 9152,97.631414,16.96338,Hpa-An,Kayin
Site 9153,97.701987,16.876898,Hpa-An,Kayin
Site 9154,97.591484,16.906944,Hpa-An,Kayin
Site 9155,97.689292,16.687669,Hpa-An,Kayin
Site 9156,97.531993,17.085169,Hpa-An,Kayin
Site 9157,97.723951,16.906421,Hpa-An,Kayin
Site 9158,97.435787,16.835545,Hpa-An,Kayin
Site 9159,97.520029,16.741053,Hpa-An,Kayin
Site 9160,97.531861,16.95451,Hpa-An,Kayin
Site 9161,97.600021,16.897253,Hpa-An,Kayin
Site 9162,97.771007,16.865499,Hpa-An,Kayin
Site 9163,97.621552,16.854198,Hpa-An,Kayin
Site 9164,98.401551,16.682861,Myawaddy,Kayin
Site 9165,98.604244,16.682731,Myawaddy,Kayin
Site 9166,98.457314,16.763179,Myawaddy,Kayin
Site 9167,98.294565,16.860372,Myawaddy,Kayin
Site 9168,98.682051,16.681281,Myawaddy,Kayin
Site 9169,98.489117,16.430258,Myawaddy,Kayin
Site 9170,98.568778,16.606105,Myawaddy,Kayin
Site 9171,98.532162,16.784551,Myawaddy,Kayin
Site 9172,98.717604,16.74844,Myawaddy,Kayin
Site 9173,98.564721,16.732378,Myawaddy,Kayin
Site 9174,98.417864,16.731108,Myawaddy,Kayin
Site 9175,98.585805,16.712575,Myawaddy,Kayin
Site 9176,98.435768,16.797975,Myawaddy,Kayin
Site 9177,98.604197,16.644871,Myawaddy,Kayin
Site 9178,98.478727,16.59599,Myawaddy,Kayin
Site 9179,98.625002,16.744564,Myawaddy,Kayin
Site 9180,98.477351,16.738456,Myawaddy,Kayin
Site 9181,98.478841,16.569631,Myawaddy,Kayin
Site 9182,98.3539,16.724963,Myawaddy,Kayin
Site 9183,98.529055,16.68036,Myawaddy,Kayin
Site 9184,98.526806,16.691744,Myawaddy,Kayin
Site 9185,98.602902,16.631852,Myawaddy,Kayin
Site 9186,98.511323,16.742504,Myawaddy,Kayin
Site 9187,98.582823,16.76597,Myawaddy,Kayin
Site 9188,98.643302,16.682715,Myawaddy,Kayin
Site 9189,98.52779,16.640572,Myawaddy,Kayin
Site 9190,98.526912,16.664696,Myawaddy,Kayin
Site 9191,98.6329,16.523358,Myawaddy,Kayin
Site 9192,98.464543,16.663327,Myawaddy,Kayin
Site 9193,98.678769,16.657375,Myawaddy,Kayin
Site 9194,98.357712,16.773406,Myawaddy,Kayin
Site 9195,98.610056,16.566162,Myawaddy,Kayin
Site 9196,98.452261,16.885322,Myawaddy,Kayin
Site 9197,98.450868,16.754543,Myawaddy,Kayin
Site 9198,98.390696,16.838544,Myawaddy,Kayin
Site 9199,98.61074,16.689762,Myawaddy,Kayin
Site 9200,98.490013,16.813629,Myawaddy,Kayin
Site 9201,98.499832,16.700573,Myawaddy,Kayin
Site 9202,98.836183,16.648814,Myawaddy,Kayin
Site 9203,98.731637,16.69659,Myawaddy,Kayin
Site 9204,98.380618,16.637464,Myawaddy,Kayin
Site 9205,98.634511,16.678452,Myawaddy,Kayin
Site 9206,98.550818,16.568063,Myawaddy,Kayin
Site 9207,98.643577,16.734603,Myawaddy,Kayin
Site 9208,98.747518,16.761164,Myawaddy,Kayin
Site 9209,98.523104,16.618863,Myawaddy,Kayin
Site 9210,98.482003,16.506004,Myawaddy,Kayin
Site 9211,98.620188,16.655221,Myawaddy,Kayin
Site 9212,98.338058,16.796444,Myawaddy,Kayin
Site 9213,98.554614,16.734961,Myawaddy,Kayin
Site 9214,98.341722,16.954969,Myawaddy,Kayin
Site 9215,98.288617,16.559843,Myawaddy,Kayin
Site 9216,98.341599,16.643005,Myawaddy,Kayin
Site 9217,98.420215,16.411735,Myawaddy,Kayin
Site 9218,98.914274,16.488473,Myawaddy,Kayin
Site 9219,98.188642,16.451788,Kawkareik,Kayin
Site 9220,98.363115,16.508517,Kawkareik,Kayin
Site 9221,98.238542,16.362471,Kawkareik,Kayin
Site 9222,98.027862,16.573252,Kawkareik,Kayin
Site 9223,98.03083,16.547282,Kawkareik,Kayin
Site 9224,98.264857,16.629934,Kawkareik,Kayin
Site 9225,98.209506,16.430702,Kawkareik,Kayin
Site 9226,98.339279,16.425736,Kawkareik,Kayin
Site 9227,98.454522,16.398556,Kawkareik,Kayin
Site 9228,98.227375,16.593731,Kawkareik,Kayin
Site 9229,98.321097,16.597778,Kawkareik,Kayin
Site 9230,98.233749,16.557829,Kawkareik,Kayin
Site 9231,98.220327,16.611524,Kawkareik,Kayin
Site 9232,98.365982,16.608536,Kawkareik,Kayin
Site 9233,98.196169,16.64624,Kawkareik,Kayin
Site 9234,98.169715,16.529333,Kawkareik,Kayin
Site 9235,98.219426,16.5002,Kawkareik,Kayin
Site 9236,98.374292,16.567638,Kawkareik,Kayin
Site 9237,98.345622,16.537126,Kawkareik,Kayin
Site 9238,98.034368,16.480091,Kawkareik,Kayin
Site 9239,98.316686,16.548553,Kawkareik,Kayin
Site 9240,98.320403,16.635744,Kawkareik,Kayin
Site 9241,98.123452,16.766222,Kawkareik,Kayin
Site 9242,98.372342,16.541106,Kawkareik,Kayin
Site 9243,98.260373,16.360945,Kawkareik,Kayin
Site 9244,98.154269,16.529336,Kawkareik,Kayin
Site 9245,98.351952,16.507811,Kawkareik,Kayin
Site 9246,98.128409,16.684338,Kawkareik,Kayin
Site 9247,98.425397,16.690512,Kawkareik,Kayin
Site 9248,98.327205,16.627403,Kawkareik,Kayin
Site 9249,98.286285,16.393864,Kawkareik,Kayin
Site 9250,98.246491,16.544116,Kawkareik,Kayin
Site 9251,98.342474,16.455043,Kawkareik,Kayin
Site 9252,98.648419,16.711568,Kawkareik,Kayin
Site 9253,98.189076,16.477906,Kawkareik,Kayin
Site 9254,98.040584,16.498161,Kawkareik,Kayin
Site 9255,98.391658,16.466411,Kawkareik,Kayin
Site 9256,97.831195,16.668745,Hlaingbwe,Kayin
Site 9257,98.08967,16.658808,Hlaingbwe,Kayin
Site 9258,97.987148,16.71491,Hlaingbwe,Kayin
Site 9259,97.777431,16.565048,Hlaingbwe,Kayin
Site 9260,97.790701,16.634651,Hlaingbwe,Kayin
Site 9261,97.894674,16.812702,Hlaingbwe,Kayin
Site 9262,98.099806,16.628369,Hlaingbwe,Kayin
Site 9263,97.800037,16.562056,Hlaingbwe,Kayin
Site 9264,98.071462,16.803953,Hlaingbwe,Kayin
Site 9265,97.778857,16.693153,Hlaingbwe,Kayin
Site 9266,97.949248,16.86279,Hlaingbwe,Kayin
Site 9267,98.110889,16.492625,Hlaingbwe,Kayin
Site 9268,98.15328,16.604863,Hlaingbwe,Kayin
Site 9269,98.053962,16.654546,Hlaingbwe,Kayin
Site 9270,97.916589,16.597299,Hlaingbwe,Kayin
Site 9271,97.842857,16.698305,Hlaingbwe,Kayin
Site 9272,97.796399,16.73168,Hlaingbwe,Kayin
Site 9273,97.833662,16.731383,Hlaingbwe,Kayin
Site 9274,98.111687,16.654399,Hlaingbwe,Kayin
Site 9275,98.090699,16.588183,Hlaingbwe,Kayin
Site 9276,98.036442,16.535043,Hlaingbwe,Kayin
Site 9277,98.064075,16.894391,Hlaingbwe,Kayin
Site 9278,97.921339,16.758955,Hlaingbwe,Kayin
Site 9279,97.96134,16.696383,Hlaingbwe,Kayin
Site 9280,97.918944,16.503512,Hlaingbwe,Kayin
Site 9281,97.917163,16.876634,Hlaingbwe,Kayin
Site 9282,97.898332,16.84088,Hlaingbwe,Kayin
Site 9283,97.454431,17.441846,Thandaunggyi,Kayin
Site 9284,97.174524,17.344338,Thandaunggyi,Kayin
Site 9285,97.38896,17.240902,Thandaunggyi,Kayin
Site 9286,97.187025,17.604202,Thandaunggyi,Kayin
Site 9287,97.155029,17.435305,Thandaunggyi,Kayin
Site 9288,97.222152,17.58257,Thandaunggyi,Kayin
Site 9289,96.791258,17.347375,Thandaunggyi,Kayin
Site 9290,97.271545,17.641249,Thandaunggyi,Kayin
Site 9291,97.263331,17.555205,Thandaunggyi,Kayin
Site 9292,97.242873,17.443714,Thandaunggyi,Kayin
Site 9293,97.032639,17.542042,Thandaunggyi,Kayin
Site 9294,97.263654,17.394377,Thandaunggyi,Kayin
Site 9295,97.477793,17.491017,Thandaunggyi,Kayin
Site 9296,97.423155,17.495505,Thandaunggyi,Kayin
Site 9297,97.010329,17.321196,Thandaunggyi,Kayin
Site 9298,96.965117,17.371498,Thandaunggyi,Kayin
Site 9299,97.243852,17.482874,Thandaunggyi,Kayin
Site 9300,97.164905,17.532685,Thandaunggyi,Kayin
Site 9301,98.027629,16.009719,Kyain Seikgyi,Kayin
Site 9302,98.054419,16.252283,Kyain Seikgyi,Kayin
Site 9303,98.015684,15.862151,Kyain Seikgyi,Kayin
Site 9304,98.018758,15.889118,Kyain Seikgyi,Kayin
Site 9305,98.37931,15.912243,Kyain Seikgyi,Kayin
Site 9306,98.183731,15.555384,Kyain Seikgyi,Kayin
Site 9307,98.046677,15.905564,Kyain Seikgyi,Kayin
Site 9308,97.872302,15.930121,Kyain Seikgyi,Kayin
Site 9309,97.910576,15.843332,Kyain Seikgyi,Kayin
Site 9310,98.243984,15.722123,Kyain Seikgyi,Kayin
Site 9311,97.765287,16.090116,Kyain Seikgyi,Kayin
Site 9312,98.046097,15.942604,Kyain Seikgyi,Kayin
Site 9313,97.973992,15.804783,Kyain Seikgyi,Kayin
Site 9314,98.072193,15.891648,Kyain Seikgyi,Kayin
Site 9315,97.896507,16.028867,Kyain Seikgyi,Kayin
Site 9316,98.005681,15.966476,Kyain Seikgyi,Kayin
Site 9317,98.055196,15.73579,Kyain Seikgyi,Kayin
Site 9318,98.056957,15.754184,Kyain Seikgyi,Kayin
Site 9319,98.666051,12.516809,Myeik,Tanintharyi
Site 9320,98.437259,12.356843,Myeik,Tanintharyi
Site 9321,98.617021,12.334653,Myeik,Tanintharyi
Site 9322,98.588173,12.521511,Myeik,Tanintharyi
Site 9323,98.691193,12.56046,Myeik,Tanintharyi
Site 9324,98.422808,12.554541,Myeik,Tanintharyi
Site 9325,98.776423,12.453668,Myeik,Tanintharyi
Site 9326,98.55258,12.386058,Myeik,Tanintharyi
Site 9327,98.643471,12.305359,Myeik,Tanintharyi
Site 9328,98.752349,12.447647,Myeik,Tanintharyi
Site 9329,98.565785,12.633524,Myeik,Tanintharyi
Site 9330,98.62843,12.270369,Myeik,Tanintharyi
Site 9331,98.649731,12.624543,Myeik,Tanintharyi
Site 9332,98.716314,12.628516,Myeik,Tanintharyi
Site 9333,98.5121,12.593984,Myeik,Tanintharyi
Site 9334,98.621878,12.626848,Myeik,Tanintharyi
Site 9335,98.68579,12.420431,Myeik,Tanintharyi
Site 9336,98.685291,12.568862,Myeik,Tanintharyi
Site 9337,98.415222,12.42328,Myeik,Tanintharyi
Site 9338,98.792478,12.427988,Myeik,Tanintharyi
Site 9339,98.510335,12.296238,Myeik,Tanintharyi
Site 9340,98.684874,12.522383,Myeik,Tanintharyi
Site 9341,98.677039,12.533658,Myeik,Tanintharyi
Site 9342,98.730357,12.44174,Myeik,Tanintharyi
Site 9343,98.56811,12.452259,Myeik,Tanintharyi
Site 9344,98.569434,12.250861,Myeik,Tanintharyi
Site 9345,98.598368,12.475859,Myeik,Tanintharyi
Site 9346,98.46245,12.516027,Myeik,Tanintharyi
Site 9347,98.494826,12.154858,Myeik,Tanintharyi
Site 9348,98.640502,12.381298,Myeik,Tanintharyi
Site 9349,98.612638,12.588692,Myeik,Tanintharyi
Site 9350,98.680986,12.231909,Myeik,Tanintharyi
Site 9351,98.659662,12.516993,Myeik,Tanintharyi
Site 9352,98.561463,12.54736,Myeik,Tanintharyi
Site 9353,98.631227,12.453112,Myeik,Tanintharyi
Site 9354,98.432181,12.483306,Myeik,Tanintharyi
Site 9355,98.705639,12.631467,Myeik,Tanintharyi
Site 9356,98.709571,12.655844,Myeik,Tanintharyi
Site 9357,98.622654,12.348197,Myeik,Tanintharyi
Site 9358,98.475098,12.522925,Myeik,Tanintharyi
Site 9359,98.725023,12.346083,Myeik,Tanintharyi
Site 9360,98.623431,12.439566,Myeik,Tanintharyi
Site 9361,98.384835,12.623475,Myeik,Tanintharyi
Site 9362,98.694951,12.545951,Myeik,Tanintharyi
Site 9363,98.483948,12.551559,Myeik,Tanintharyi
Site 9364,98.600308,12.542302,Myeik,Tanintharyi
Site 9365,98.61783,12.368718,Myeik,Tanintharyi
Site 9366,98.592256,12.512716,Myeik,Tanintharyi
Site 9367,98.490606,12.571102,Myeik,Tanintharyi
Site 9368,98.801053,12.281876,Myeik,Tanintharyi
Site 9369,98.756335,12.482612,Myeik,Tanintharyi
Site 9370,98.639899,12.390544,Myeik,Tanintharyi
Site 9371,98.727929,12.526072,Myeik,Tanintharyi
Site 9372,98.518631,12.404685,Myeik,Tanintharyi
Site 9373,98.577855,12.492584,Myeik,Tanintharyi
Site 9374,98.64185,12.32785,Myeik,Tanintharyi
Site 9375,98.640238,12.305097,Myeik,Tanintharyi
Site 9376,98.452539,12.587193,Myeik,Tanintharyi
Site 9377,98.515346,12.417435,Myeik,Tanintharyi
Site 9378,98.475782,12.616165,Myeik,Tanintharyi
Site 9379,98.647824,12.336497,Myeik,Tanintharyi
Site 9380,98.687755,12.418405,Myeik,Tanintharyi
Site 9381,98.632659,12.363445,Myeik,Tanintharyi
Site 9382,98.431635,12.463672,Myeik,Tanintharyi
Site 9383,98.636068,12.459746,Myeik,Tanintharyi
Site 9384,98.595205,12.625777,Myeik,Tanintharyi
Site 9385,98.345801,12.68822,Myeik,Tanintharyi
Site 9386,98.702262,12.524731,Myeik,Tanintharyi
Site 9387,98.691769,12.368728,Myeik,Tanintharyi
Site 9388,98.705188,12.369297,Myeik,Tanintharyi
Site 9389,98.687102,12.545661,Myeik,Tanintharyi
Site 9390,98.605278,12.565618,Myeik,Tanintharyi
Site 9391,98.52824,12.461893,Myeik,Tanintharyi
Site 9392,98.203168,14.175839,Dawei,Tanintharyi
Site 9393,98.149702,13.997038,Dawei,Tanintharyi
Site 9394,98.216427,14.027121,Dawei,Tanintharyi
Site 9395,98.170132,14.175968,Dawei,Tanintharyi
Site 9396,98.099879,14.053022,Dawei,Tanintharyi
Site 9397,98.157436,14.066112,Dawei,Tanintharyi
Site 9398,98.230488,14.015869,Dawei,Tanintharyi
Site 9399,98.369951,14.06757,Dawei,Tanintharyi
Site 9400,98.184354,13.919625,Dawei,Tanintharyi
Site 9401,98.123345,14.165807,Dawei,Tanintharyi
Site 9402,98.109749,13.897986,Dawei,Tanintharyi
Site 9403,98.092274,14.172941,Dawei,Tanintharyi
Site 9404,98.072554,14.049566,Dawei,Tanintharyi
Site 9405,98.151437,14.004223,Dawei,Tanintharyi
Site 9406,98.180294,13.921054,Dawei,Tanintharyi
Site 9407,98.200858,14.096958,Dawei,Tanintharyi
Site 9408,98.09573,14.004196,Dawei,Tanintharyi
Site 9409,98.073244,14.039112,Dawei,Tanintharyi
Site 9410,98.050775,14.002703,Dawei,Tanintharyi
Site 9411,98.331274,13.835351,Dawei,Tanintharyi
Site 9412,98.235821,13.890943,Dawei,Tanintharyi
Site 9413,98.263307,14.189651,Dawei,Tanintharyi
Site 9414,98.190046,14.105186,Dawei,Tanintharyi
Site 9415,98.169324,14.060565,Dawei,Tanintharyi
Site 9416,97.803705,14.236194,Dawei,Tanintharyi
Site 9417,98.06219,14.091652,Dawei,Tanintharyi
Site 9418,98.006386,14.26306,Dawei,Tanintharyi
Site 9419,98.199153,14.074906,Dawei,Tanintharyi
Site 9420,97.96609,14.133796,Dawei,Tanintharyi
Site 9421,98.041,13.922151,Dawei,Tanintharyi
Site 9422,98.279134,14.055425,Dawei,Tanintharyi
Site 9423,97.972591,14.196856,Dawei,Tanintharyi
Site 9424,98.004498,13.840627,Dawei,Tanintharyi
Site 9425,98.174074,14.023897,Dawei,Tanintharyi
Site 9426,98.205697,14.188201,Dawei,Tanintharyi
Site 9427,98.207956,14.089973,Dawei,Tanintharyi
Site 9428,98.233946,13.797172,Dawei,Tanintharyi
Site 9429,98.391084,14.192536,Dawei,Tanintharyi
Site 9430,98.214838,14.026693,Dawei,Tanintharyi
Site 9431,98.279236,14.076328,Dawei,Tanintharyi
Site 9432,98.369405,14.131458,Dawei,Tanintharyi
Site 9433,97.968357,14.188813,Dawei,Tanintharyi
Site 9434,98.45369,14.072163,Dawei,Tanintharyi
Site 9435,98.077658,14.219886,Dawei,Tanintharyi
Site 9436,98.077498,13.936372,Dawei,Tanintharyi
Site 9437,98.315508,14.165184,Dawei,Tanintharyi
Site 9438,97.953262,14.040083,Dawei,Tanintharyi
Site 9439,98.245589,14.052012,Dawei,Tanintharyi
Site 9440,97.993695,13.879159,Dawei,Tanintharyi
Site 9441,98.106978,13.907803,Dawei,Tanintharyi
Site 9442,98.226369,14.182888,Dawei,Tanintharyi
Site 9443,98.231944,14.00941,Dawei,Tanintharyi
Site 9444,98.244734,13.948567,Dawei,Tanintharyi
Site 9445,98.218237,14.154675,Dawei,Tanintharyi
Site 9446,98.161433,14.045277,Dawei,Tanintharyi
Site 9447,98.509543,10.050574,Kawthaung,Tanintharyi
Site 9448,98.359833,10.011967,Kawthaung,Tanintharyi
Site 9449,98.481069,10.011497,Kawthaung,Tanintharyi
Site 9450,98.524603,9.874972,Kawthaung,Tanintharyi
Site 9451,98.434506,10.187486,Kawthaung,Tanintharyi
Site 9452,98.499775,9.928251,Kawthaung,Tanintharyi
Site 9453,98.466796,10.046788,Kawthaung,Tanintharyi
Site 9454,98.524469,9.755138,Kawthaung,Tanintharyi
Site 9455,98.371656,10.017197,Kawthaung,Tanintharyi
Site 9456,98.612806,10.154785,Kawthaung,Tanintharyi
Site 9457,98.368798,9.820673,Kawthaung,Tanintharyi
Site 9458,98.590778,9.924489,Kawthaung,Tanintharyi
Site 9459,98.416782,9.909307,Kawthaung,Tanintharyi
Site 9460,98.482081,10.02126,Kawthaung,Tanintharyi
Site 9461,98.658726,9.998534,Kawthaung,Tanintharyi
Site 9462,98.624923,10.160115,Kawthaung,Tanintharyi
Site 9463,98.685488,10.241634,Kawthaung,Tanintharyi
Site 9464,98.555659,9.93733,Kawthaung,Tanintharyi
Site 9465,98.664771,10.05027,Kawthaung,Tanintharyi
Site 9466,98.615876,9.889845,Kawthaung,Tanintharyi
Site 9467,98.423614,9.908758,Kawthaung,Tanintharyi
Site 9468,98.507445,10.066198,Kawthaung,Tanintharyi
Site 9469,98.482741,9.998759,Kawthaung,Tanintharyi
Site 9470,98.703617,10.078586,Kawthaung,Tanintharyi
Site 9471,98.391516,10.058185,Kawthaung,Tanintharyi
Site 9472,98.619615,10.106097,Kawthaung,Tanintharyi
Site 9473,98.428515,10.011225,Kawthaung,Tanintharyi
Site 9474,98.580187,10.139745,Kawthaung,Tanintharyi
Site 9475,98.485278,9.954144,Kawthaung,Tanintharyi
Site 9476,98.631883,10.089846,Kawthaung,Tanintharyi
Site 9477,98.664661,10.073349,Kawthaung,Tanintharyi
Site 9478,98.760285,9.92931,Kawthaung,Tanintharyi
Site 9479,98.740069,9.973202,Kawthaung,Tanintharyi
Site 9480,98.54784,10.254718,Kawthaung,Tanintharyi
Site 9481,98.461416,10.127594,Kawthaung,Tanintharyi
Site 9482,98.663482,10.116846,Kawthaung,Tanintharyi
Site 9483,98.55755,9.869958,Kawthaung,Tanintharyi
Site 9484,98.267115,14.360751,Yebyu,Tanintharyi
Site 9485,98.14314,14.34387,Yebyu,Tanintharyi
Site 9486,97.966726,14.276622,Yebyu,Tanintharyi
Site 9487,98.231669,14.398274,Yebyu,Tanintharyi
Site 9488,98.202011,14.343844,Yebyu,Tanintharyi
Site 9489,98.361753,14.489132,Yebyu,Tanintharyi
Site 9490,98.260128,14.122921,Yebyu,Tanintharyi
Site 9491,98.372185,14.164463,Yebyu,Tanintharyi
Site 9492,98.175446,14.366294,Yebyu,Tanintharyi
Site 9493,98.315806,14.157299,Yebyu,Tanintharyi
Site 9494,98.327616,14.156633,Yebyu,Tanintharyi
Site 9495,98.206323,14.229517,Yebyu,Tanintharyi
Site 9496,98.257999,14.189579,Yebyu,Tanintharyi
Site 9497,98.478028,14.401319,Yebyu,Tanintharyi
Site 9498,98.215138,14.453106,Yebyu,Tanintharyi
Site 9499,98.182745,14.478641,Yebyu,Tanintharyi
Site 9500,98.319929,14.173277,Yebyu,Tanintharyi
Site 9501,98.210346,14.415088,Yebyu,Tanintharyi
Site 9502,98.161287,14.268384,Yebyu,Tanintharyi
Site 9503,98.22217,14.435188,Yebyu,Tanintharyi
Site 9504,98.179556,14.285892,Yebyu,Tanintharyi
Site 9505,98.419634,14.172052,Yebyu,Tanintharyi
Site 9506,98.248048,14.314178,Yebyu,Tanintharyi
Site 9507,98.174756,14.293821,Yebyu,Tanintharyi
Site 9508,98.511917,14.269124,Yebyu,Tanintharyi
Site 9509,98.146046,14.31591,Yebyu,Tanintharyi
Site 9510,98.109521,14.300405,Yebyu,Tanintharyi
Site 9511,98.322223,13.733629,Thayetchaung,Tanintharyi
Site 9512,98.119133,13.559459,Thayetchaung,Tanintharyi
Site 9513,98.425777,13.617106,Thayetchaung,Tanintharyi
Site 9514,98.323146,13.330435,Thayetchaung,Tanintharyi
Site 9515,98.121826,13.550969,Thayetchaung,Tanintharyi
Site 9516,98.330495,13.501857,Thayetchaung,Tanintharyi
Site 9517,98.420928,13.439856,Thayetchaung,Tanintharyi
Site 9518,98.286518,13.271816,Thayetchaung,Tanintharyi
Site 9519,98.390504,13.693324,Thayetchaung,Tanintharyi
Site 9520,98.606726,13.470118,Thayetchaung,Tanintharyi
Site 9521,98.275854,13.545588,Thayetchaung,Tanintharyi
Site 9522,98.258268,13.526893,Thayetchaung,Tanintharyi
Site 9523,98.340422,13.597037,Thayetchaung,Tanintharyi
Site 9524,98.537243,13.713555,Thayetchaung,Tanintharyi
Site 9525,98.477925,13.41882,Thayetchaung,Tanintharyi
Site 9526,98.306537,13.588006,Thayetchaung,Tanintharyi
Site 9527,98.456352,13.265982,Thayetchaung,Tanintharyi
Site 9528,98.428932,13.57955,Thayetchaung,Tanintharyi
Site 9529,98.534456,13.067838,Palaw,Tanintharyi
Site 9530,98.552083,12.946923,Palaw,Tanintharyi
Site 9531,98.469746,12.831412,Palaw,Tanintharyi
Site 9532,98.471388,12.802239,Palaw,Tanintharyi
Site 9533,98.399222,13.015614,Palaw,Tanintharyi
Site 9534,98.441746,12.871011,Palaw,Tanintharyi
Site 9535,98.39746,12.802536,Palaw,Tanintharyi
Site 9536,98.257686,12.915749,Palaw,Tanintharyi
Site 9537,98.409291,12.933437,Palaw,Tanintharyi
Site 9538,98.473918,12.860374,Palaw,Tanintharyi
Site 9539,98.32362,12.942325,Palaw,Tanintharyi
Site 9540,98.588949,13.037269,Palaw,Tanintharyi
Site 9541,98.56559,13.024002,Palaw,Tanintharyi
Site 9542,98.386709,12.862307,Palaw,Tanintharyi
Site 9543,98.436685,12.811002,Palaw,Tanintharyi
Site 9544,98.360909,12.854651,Palaw,Tanintharyi
Site 9545,98.636744,12.861868,Palaw,Tanintharyi
Site 9546,98.461197,13.109238,Palaw,Tanintharyi
Site 9547,99.053119,12.230839,Tanintharyi,Tanintharyi
Site 9548,99.229499,12.107208,Tanintharyi,Tanintharyi
Site 9549,99.1851,12.108109,Tanintharyi,Tanintharyi
Site 9550,99.080549,12.101994,Tanintharyi,Tanintharyi
Site 9551,98.927774,11.892204,Tanintharyi,Tanintharyi
Site 9552,98.911738,12.101587,Tanintharyi,Tanintharyi
Site 9553,99.025845,11.907341,Tanintharyi,Tanintharyi
Site 9554,99.184022,12.281998,Tanintharyi,Tanintharyi
Site 9555,98.930282,12.081326,Tanintharyi,Tanintharyi
Site 9556,98.797876,12.122047,Tanintharyi,Tanintharyi
Site 9557,98.891597,12.172238,Tanintharyi,Tanintharyi
Site 9558,99.063555,12.054473,Tanintharyi,Tanintharyi
Site 9559,98.903745,12.136662,Tanintharyi,Tanintharyi
Site 9560,99.264341,11.882193,Tanintharyi,Tanintharyi
Site 9561,99.090069,12.053702,Tanintharyi,Tanintharyi
Site 9562,98.852678,12.043833,Tanintharyi,Tanintharyi
Site 9563,98.722748,11.902566,Tanintharyi,Tanintharyi
Site 9564,98.928743,12.064593,Tanintharyi,Tanintharyi
Site 9565,98.919228,11.252004,Bokpyin,Tanintharyi
Site 9566,98.410186,11.260151,Bokpyin,Tanintharyi
Site 9567,98.72297,11.312677,Bokpyin,Tanintharyi
Site 9568,98.747673,11.280353,Bokpyin,Tanintharyi
Site 9569,98.543508,11.196862,Bokpyin,Tanintharyi
Site 9570,98.667747,11.069131,Bokpyin,Tanintharyi
Site 9571,98.682354,11.104089,Bokpyin,Tanintharyi
Site 9572,98.660887,11.009424,Bokpyin,Tanintharyi
Site 9573,98.673734,11.2295,Bokpyin,Tanintharyi
Site 9574,98.811758,11.229299,Bokpyin,Tanintharyi
Site 9575,98.784942,11.384893,Bokpyin,Tanintharyi
Site 9576,98.590799,11.187563,Bokpyin,Tanintharyi
Site 9577,98.762318,11.278464,Bokpyin,Tanintharyi
Site 9578,98.718302,11.387741,Bokpyin,Tanintharyi
Site 9579,98.987244,11.264807,Bokpyin,Tanintharyi
Site 9580,98.823288,11.358119,Bokpyin,Tanintharyi
Site 9581,98.866714,11.251047,Bokpyin,Tanintharyi
Site 9582,98.613991,11.288441,Bokpyin,Tanintharyi
Site 9583,97.96482,12.368223,Kyunsu,Tanintharyi
Site 9584,97.93352,12.311863,Kyunsu,Tanintharyi
Site 9585,98.057628,12.519543,Kyunsu,Tanintharyi
Site 9586,97.95062,12.637154,Kyunsu,Tanintharyi
Site 9587,97.820016,12.313686,Kyunsu,Tanintharyi
Site 9588,98.131329,12.392762,Kyunsu,Tanintharyi
Site 9589,98.133386,12.440694,Kyunsu,Tanintharyi
Site 9590,98.176077,12.261499,Kyunsu,Tanintharyi
Site 9591,98.145029,12.595422,Kyunsu,Tanintharyi
Site 9592,96.182276,19.557791,Pyinmana,Naypyidaw
Site 9593,96.481953,19.747353,Pyinmana,Naypyidaw
Site 9594,96.516928,19.852442,Pyinmana,Naypyidaw
Site 9595,96.336669,19.814062,Pyinmana,Naypyidaw
Site 9596,96.310651,19.716778,Pyinmana,Naypyidaw
Site 9597,96.150442,19.588855,Pyinmana,Naypyidaw
Site 9598,96.481462,19.697641,Pyinmana,Naypyidaw
Site 9599,96.204816,19.650156,Pyinmana,Naypyidaw
Site 9600,96.466835,19.768021,Pyinmana,Naypyidaw
Site 9601,95.94012,19.850265,Pyinmana,Naypyidaw
Site 9602,96.080764,19.855863,Pyinmana,Naypyidaw
Site 9603,96.117378,19.924456,Pyinmana,Naypyidaw
Site 9604,96.36048,19.714035,Pyinmana,Naypyidaw
Site 9605,96.209729,19.79816,Pyinmana,Naypyidaw
Site 9606,96.14152,19.76978,Pyinmana,Naypyidaw
Site 9607,96.093608,19.800009,Pyinmana,Naypyidaw
Site 9608,96.309829,19.997833,Pyinmana,Naypyidaw
Site 9609,96.225664,19.776253,Pyinmana,Naypyidaw
Site 9610,96.342079,19.58883,Pyinmana,Naypyidaw
Site 9611,96.504153,19.701443,Pyinmana,Naypyidaw
Site 9612,96.197172,19.828751,Pyinmana,Naypyidaw
Site 9613,96.149728,19.697666,Pyinmana,Naypyidaw
Site 9614,96.220491,19.559895,Pyinmana,Naypyidaw
Site 9615,96.29458,19.803692,Pyinmana,Naypyidaw
Site 9616,96.188455,19.737961,Pyinmana,Naypyidaw
Site 9617,96.21511,19.831286,Pyinmana,Naypyidaw
Site 9618,96.149473,19.831244,Pyinmana,Naypyidaw
Site 9619,96.216857,19.81711,Pyinmana,Naypyidaw
Site 9620,96.200407,19.291594,Pyinmana,Naypyidaw
Site 9621,96.257643,19.848989,Pyinmana,Naypyidaw
Site 9622,96.270823,19.622254,Pyinmana,Naypyidaw
Site 9623,96.041821,19.624787,Pyinmana,Naypyidaw
Site 9624,96.208675,19.844178,Pyinmana,Naypyidaw
Site 9625,96.280922,19.621042,Pyinmana,Naypyidaw
Site 9626,96.303889,19.429508,Pyinmana,Naypyidaw
Site 9627,96.314777,19.6888,Pyinmana,Naypyidaw
Site 9628,96.269417,19.565308,Pyinmana,Naypyidaw
Site 9629,96.127611,19.756629,Pyinmana,Naypyidaw
Site 9630,95.890631,19.845273,Pyinmana,Naypyidaw
Site 9631,96.23599,19.716877,Pyinmana,Naypyidaw
Site 9632,96.171195,19.84717,Pyinmana,Naypyidaw
Site 9633,95.945033,20.030895,Pyinmana,Naypyidaw
Site 9634,96.284443,19.846641,Pyinmana,Naypyidaw
Site 9635,96.400815,19.604341,Pyinmana,Naypyidaw
Site 9636,96.340088,19.667773,Pyinmana,Naypyidaw
Site 9637,96.325568,19.734455,Pyinmana,Naypyidaw
Site 9638,96.054395,19.824169,Pobbathiri,Naypyidaw
Site 9639,96.30363,19.664981,Pobbathiri,Naypyidaw
Site 9640,96.309308,19.701053,Pobbathiri,Naypyidaw
Site 9641,96.503134,19.733826,Pobbathiri,Naypyidaw
Site 9642,96.240621,19.713124,Pobbathiri,Naypyidaw
Site 9643,96.37197,19.717982,Pobbathiri,Naypyidaw
Site 9644,96.273033,19.726669,Pobbathiri,Naypyidaw
Site 9645,96.195895,19.740855,Pobbathiri,Naypyidaw
Site 9646,96.257416,19.635959,Pobbathiri,Naypyidaw
Site 9647,96.266054,19.816875,Pobbathiri,Naypyidaw
Site 9648,96.378953,19.822416,Pobbathiri,Naypyidaw
Site 9649,96.205064,19.802277,Pobbathiri,Naypyidaw
Site 9650,96.602058,19.665663,Pobbathiri,Naypyidaw
Site 9651,96.340292,19.693914,Pobbathiri,Naypyidaw
Site 9652,96.364496,19.681361,Pobbathiri,Naypyidaw
Site 9653,96.178503,19.790601,Pobbathiri,Naypyidaw
Site 9654,96.324213,19.648958,Pobbathiri,Naypyidaw
Site 9655,96.242296,19.705552,Pobbathiri,Naypyidaw
Site 9656,96.290818,19.850674,Pobbathiri,Naypyidaw
Site 9657,96.288364,19.783831,Pobbathiri,Naypyidaw
Site 9658,96.460947,19.876255,Pobbathiri,Naypyidaw
Site 9659,96.471163,19.754011,Pobbathiri,Naypyidaw
Site 9660,96.126938,19.624683,Pobbathiri,Naypyidaw
Site 9661,96.246386,19.897271,Pobbathiri,Naypyidaw
Site 9662,96.274687,19.580471,Pobbathiri,Naypyidaw
Site 9663,96.229061,19.640618,Pobbathiri,Naypyidaw
Site 9664,96.276973,19.62622,Pobbathiri,Naypyidaw
Site 9665,96.389182,19.786573,Pobbathiri,Naypyidaw
Site 9666,96.206615,19.714174,Pobbathiri,Naypyidaw
Site 9667,96.463891,19.676147,Pobbathiri,Naypyidaw
Site 9668,96.470494,19.814435,Pobbathiri,Naypyidaw
Site 9669,96.172516,19.843859,Pobbathiri,Naypyidaw
Site 9670,96.404926,19.840658,Pobbathiri,Naypyidaw
Site 9671,96.27582,19.553701,Pobbathiri,Naypyidaw
Site 9672,96.435285,19.720487,Pobbathiri,Naypyidaw
Site 9673,96.158184,19.930512,Pobbathiri,Naypyidaw
Site 9674,96.289349,19.873011,Pobbathiri,Naypyidaw
Site 9675,96.005289,19.501008,Lewe,Naypyidaw
Site 9676,95.885007,19.521581,Lewe,Naypyidaw
Site 9677,96.119417,19.803541,Lewe,Naypyidaw
Site 9678,96.016056,19.701823,Lewe,Naypyidaw
Site 9679,96.090215,19.534692,Lewe,Naypyidaw
Site 9680,96.377068,19.656182,Lewe,Naypyidaw
Site 9681,96.220415,19.430234,Lewe,Naypyidaw
Site 9682,96.053369,19.393807,Lewe,Naypyidaw
Site 9683,96.080128,19.686761,Lewe,Naypyidaw
Site 9684,95.958257,19.581033,Lewe,Naypyidaw
Site 9685,96.166439,19.609095,Lewe,Naypyidaw
Site 9686,96.090086,19.308306,Lewe,Naypyidaw
Site 9687,96.073467,19.465634,Lewe,Naypyidaw
Site 9688,96.247802,19.551357,Lewe,Naypyidaw
Site 9689,96.116915,19.667824,Lewe,Naypyidaw
Site 9690,95.918833,19.373939,Lewe,Naypyidaw
Site 9691,95.965279,19.525011,Lewe,Naypyidaw
Site 9692,96.040137,19.661176,Lewe,Naypyidaw
Site 9693,96.093191,19.571869,Lewe,Naypyidaw
Site 9694,96.076942,19.445488,Lewe,Naypyidaw
Site 9695,96.193845,19.608328,Lewe,Naypyidaw
Site 9696,96.031887,19.613741,Lewe,Naypyidaw
Site 9697,96.005497,19.398721,Lewe,Naypyidaw
Site 9698,96.08916,19.504855,Lewe,Naypyidaw
Site 9699,96.097116,19.667554,Lewe,Naypyidaw
Site 9700,95.852454,19.387747,Lewe,Naypyidaw
Site 9701,96.167623,19.733613,Lewe,Naypyidaw
Site 9702,96.325266,19.704306,Ottarathiri,Naypyidaw
Site 9703,96.091279,19.694558,Ottarathiri,Naypyidaw
Site 9704,96.157336,19.774777,Ottarathiri,Naypyidaw
Site 9705,96.061606,19.801464,Ottarathiri,Naypyidaw
Site 9706,96.222352,19.808615,Ottarathiri,Naypyidaw
Site 9707,96.026577,19.462278,Ottarathiri,Naypyidaw
Site 9708,96.2491,19.915981,Ottarathiri,Naypyidaw
Site 9709,96.052299,19.735045,Ottarathiri,Naypyidaw
Site 9710,96.377697,19.753183,Ottarathiri,Naypyidaw
Site 9711,96.292324,19.836139,Ottarathiri,Naypyidaw
Site 9712,96.268184,19.745949,Ottarathiri,Naypyidaw
Site 9713,96.187564,19.829386,Ottarathiri,Naypyidaw
Site 9714,96.186264,19.723016,Ottarathiri,Naypyidaw
Site 9715,96.090442,19.846815,Ottarathiri,Naypyidaw
Site 9716,95.89753,19.704032,Ottarathiri,Naypyidaw
Site 9717,96.271068,19.737726,Ottarathiri,Naypyidaw
Site 9718,96.22132,19.853112,Ottarathiri,Naypyidaw
Site 9719,96.126721,19.80832,Ottarathiri,Naypyidaw
Site 9720,96.317878,19.729936,Ottarathiri,Naypyidaw
Site 9721,96.251036,19.64925,Ottarathiri,Naypyidaw
Site 9722,96.309337,19.699759,Ottarathiri,Naypyidaw
Site 9723,96.297261,19.684507,Ottarathiri,Naypyidaw
Site 9724,96.199494,19.906759,Ottarathiri,Naypyidaw
Site 9725,96.330759,19.77988,Ottarathiri,Naypyidaw
Site 9726,96.287286,19.799071,Ottarathiri,Naypyidaw
Site 9727,96.262971,19.684001,Ottarathiri,Naypyidaw
Site 9728,96.136397,19.854515,Ottarathiri,Naypyidaw
Site 9729,96.225638,19.783167,Zeyarthiri,Naypyidaw
Site 9730,96.190845,19.474946,Zeyarthiri,Naypyidaw
Site 9731,96.180977,19.808639,Zeyarthiri,Naypyidaw
Site 9732,96.361183,19.735233,Zeyarthiri,Naypyidaw
Site 9733,96.322591,19.629245,Zeyarthiri,Naypyidaw
Site 9734,96.029453,19.5873,Zeyarthiri,Naypyidaw
Site 9735,96.15442,19.736753,Zeyarthiri,Naypyidaw
Site 9736,96.237839,19.662758,Zeyarthiri,Naypyidaw
Site 9737,96.254513,19.561649,Zeyarthiri,Naypyidaw
Site 9738,96.081591,19.615995,Zeyarthiri,Naypyidaw
Site 9739,96.233167,19.644718,Zeyarthiri,Naypyidaw
Site 9740,96.030297,19.693611,Zeyarthiri,Naypyidaw
Site 9741,96.190187,19.799351,Zeyarthiri,Naypyidaw
Site 9742,96.301589,19.620239,Zeyarthiri,Naypyidaw
Site 9743,96.210079,19.750133,Zeyarthiri,Naypyidaw
Site 9744,96.195404,19.565354,Zeyarthiri,Naypyidaw
Site 9745,96.081786,19.621207,Zeyarthiri,Naypyidaw
Site 9746,96.13111,19.790069,Zeyarthiri,Naypyidaw
Site 9747,96.174718,19.9927,Tatkon,Naypyidaw
Site 9748,96.022048,20.230654,Tatkon,Naypyidaw
Site 9749,96.192985,20.252097,Tatkon,Naypyidaw
Site 9750,96.054791,20.275266,Tatkon,Naypyidaw
Site 9751,96.129378,20.278421,Tatkon,Naypyidaw
Site 9752,96.097272,20.221423,Tatkon,Naypyidaw
Site 9753,96.091249,20.200202,Tatkon,Naypyidaw
Site 9754,96.102373,20.007637,Tatkon,Naypyidaw
Site 9755,96.047906,19.957906,Tatkon,Naypyidaw
Site 9756,96.072441,20.03546,Tatkon,Naypyidaw
Site 9757,95.76217,20.121744,Tatkon,Naypyidaw
Site 9758,96.101119,20.159712,Tatkon,Naypyidaw
Site 9759,96.018234,20.174332,Tatkon,Naypyidaw
Site 9760,96.063197,20.031285,Tatkon,Naypyidaw
Site 9761,96.196563,20.049164,Tatkon,Naypyidaw
Site 9762,96.211942,20.3173,Tatkon,Naypyidaw
Site 9763,96.219109,20.127767,Tatkon,Naypyidaw
Site 9764,96.118764,20.24977,Tatkon,Naypyidaw
Site 9765,96.195415,19.922113,Zabuthiri,Naypyidaw
Site 9766,95.945958,20.075714,Zabuthiri,Naypyidaw
Site 9767,96.007982,19.95837,Zabuthiri,Naypyidaw
Site 9768,96.325628,20.079523,Zabuthiri,Naypyidaw
Site 9769,96.018892,20.035404,Zabuthiri,Naypyidaw
Site 9770,96.264037,19.897676,Zabuthiri,Naypyidaw
Site 9771,96.037361,19.842198,Zabuthiri,Naypyidaw
Site 9772,96.267366,20.079394,Zabuthiri,Naypyidaw
Site 9773,96.03579,20.074631,Zabuthiri,Naypyidaw
Site 9774,96.134845,19.890949,Zabuthiri,Naypyidaw
Site 9775,96.117442,19.875023,Zabuthiri,Naypyidaw
Site 9776,96.218603,20.173807,Zabuthiri,Naypyidaw
Site 9777,96.1733,19.79075,Zabuthiri,Naypyidaw
Site 9778,96.363812,19.908638,Zabuthiri,Naypyidaw
Site 9779,96.077841,19.827356,Zabuthiri,Naypyidaw
Site 9780,96.305581,20.02299,Zabuthiri,Naypyidaw
Site 9781,95.946591,20.141718,Zabuthiri,Naypyidaw
Site 9782,96.255142,20.135696,Zabuthiri,Naypyidaw
Site 9783,96.090955,19.839733,Dekkhinathiri,Naypyidaw
Site 9784,95.974198,19.942149,Dekkhinathiri,Naypyidaw
Site 9785,95.998393,19.669511,Dekkhinathiri,Naypyidaw
Site 9786,96.283446,19.82486,Dekkhinathiri,Naypyidaw
Site 9787,96.000932,19.818573,Dekkhinathiri,Naypyidaw
Site 9788,96.180072,19.873142,Dekkhinathiri,Naypyidaw
Site 9789,96.193369,19.674667,Dekkhinathiri,Naypyidaw
Site 9790,96.212882,19.880399,Dekkhinathiri,Naypyidaw
Site 9791,95.960818,19.818097,Dekkhinathiri,Naypyidaw
Site 9792,97.241344,19.470019,Loikaw,Kayah
Site 9793,97.237158,19.614049,Loikaw,Kayah
Site 9794,97.06688,19.733344,Loikaw,Kayah
Site 9795,97.233764,19.538893,Loikaw,Kayah
Site 9796,97.083481,19.565987,Loikaw,Kayah
Site 9797,97.300684,19.730186,Loikaw,Kayah
Site 9798,97.217153,19.905534,Loikaw,Kayah
Site 9799,97.447044,19.806014,Loikaw,Kayah
Site 9800,97.079471,19.75434,Loikaw,Kayah
Site 9801,97.213326,19.564416,Loikaw,Kayah
Site 9802,97.052922,19.834202,Loikaw,Kayah
Site 9803,97.311557,19.69149,Loikaw,Kayah
Site 9804,97.247692,19.599863,Loikaw,Kayah
Site 9805,97.134533,19.465275,Loikaw,Kayah
Site 9806,97.220665,19.461013,Loikaw,Kayah
Site 9807,97.214458,19.713401,Loikaw,Kayah
Site 9808,97.297631,19.644585,Loikaw,Kayah
Site 9809,97.276231,19.536846,Loikaw,Kayah
Site 9810,97.054221,19.708585,Loikaw,Kayah
Site 9811,97.111909,19.633849,Loikaw,Kayah
Site 9812,97.11894,19.71376,Loikaw,Kayah
Site 9813,97.091049,19.812466,Loikaw,Kayah
Site 9814,97.390289,19.726945,Loikaw,Kayah
Site 9815,97.332319,19.612246,Loikaw,Kayah
Site 9816,97.256408,19.671852,Loikaw,Kayah
Site 9817,97.027091,19.788281,Loikaw,Kayah
Site 9818,97.310234,19.616785,Loikaw,Kayah
Site 9819,97.132856,19.410069,Loikaw,Kayah
Site 9820,97.196985,19.699315,Loikaw,Kayah
Site 9821,97.289116,19.79442,Loikaw,Kayah
Site 9822,97.20985,19.725374,Loikaw,Kayah
Site 9823,97.269461,19.601134,Loikaw,Kayah
Site 9824,97.116713,19.849118,Loikaw,Kayah
Site 9825,97.195063,19.967888,Loikaw,Kayah
Site 9826,97.283171,19.750469,Loikaw,Kayah
Site 9827,97.28405,19.508157,Loikaw,Kayah
Site 9828,97.093097,19.390958,Loikaw,Kayah
Site 9829,97.07669,19.737328,Loikaw,Kayah
Site 9830,97.195809,19.612987,Loikaw,Kayah
Site 9831,97.182028,19.500294,Loikaw,Kayah
Site 9832,97.500236,19.634762,Loikaw,Kayah
Site 9833,97.162356,19.44373,Loikaw,Kayah
Site 9834,97.326819,19.796508,Loikaw,Kayah
Site 9835,97.183057,19.723524,Loikaw,Kayah
Site 9836,97.160084,19.680953,Loikaw,Kayah
Site 9837,97.388393,19.551953,Loikaw,Kayah
Site 9838,97.232886,19.702595,Loikaw,Kayah
Site 9839,97.03918,19.70733,Loikaw,Kayah
Site 9840,97.096951,19.791441,Loikaw,Kayah
Site 9841,97.472637,19.683203,Loikaw,Kayah
Site 9842,97.187555,19.659461,Loikaw,Kayah
Site 9843,97.117417,19.679017,Loikaw,Kayah
Site 9844,97.14732,19.692924,Loikaw,Kayah
Site 9845,97.088953,19.649293,Loikaw,Kayah
Site 9846,97.186169,19.32938,Loikaw,Kayah
Site 9847,97.365047,19.362613,Demoso,Kayah
Site 9848,96.957191,19.493819,Demoso,Kayah
Site 9849,97.280638,19.651585,Demoso,Kayah
Site 9850,97.351682,19.473206,Demoso,Kayah
Site 9851,97.534843,19.479827,Demoso,Kayah
Site 9852,97.127326,19.562047,Demoso,Kayah
Site 9853,96.872607,19.302144,Demoso,Kayah
Site 9854,97.227603,19.474843,Demoso,Kayah
Site 9855,97.179294,19.311702,Demoso,Kayah
Site 9856,96.920033,19.477062,Demoso,Kayah
Site 9857,97.250732,19.48123,Demoso,Kayah
Site 9858,96.975633,19.483722,Demoso,Kayah
Site 9859,97.196812,19.396265,Demoso,Kayah
Site 9860,97.144516,19.616091,Demoso,Kayah
Site 9861,97.047893,19.487128,Demoso,Kayah
Site 9862,97.095485,19.533564,Demoso,Kayah
Site 9863,97.036554,19.41088,Demoso,Kayah
Site 9864,97.182388,19.464193,Demoso,Kayah
Site 9865,97.457051,19.045183,Bawlakhe,Kayah
Site 9866,97.306725,19.298587,Bawlakhe,Kayah
Site 9867,97.444301,19.195196,Bawlakhe,Kayah
Site 9868,97.267326,19.135598,Bawlakhe,Kayah
Site 9869,97.204565,19.063222,Bawlakhe,Kayah
Site 9870,97.28194,19.184007,Bawlakhe,Kayah
Site 9871,97.371647,19.077765,Bawlakhe,Kayah
Site 9872,97.062645,19.191194,Bawlakhe,Kayah
Site 9873,97.22061,19.216074,Bawlakhe,Kayah
Site 9874,97.571517,19.386318,Hpasawng,Kayah
Site 9875,97.386521,19.273828,Hpasawng,Kayah
Site 9876,97.55817,19.376678,Hpasawng,Kayah
Site 9877,97.540999,19.301244,Hpasawng,Kayah
Site 9878,97.669613,19.477139,Hpasawng,Kayah
Site 9879,97.539191,19.473228,Hpasawng,Kayah
Site 9880,97.575484,19.522755,Hpasawng,Kayah
Site 9881,97.546441,19.705979,Hpasawng,Kayah
Site 9882,97.606065,19.476669,Hpasawng,Kayah
Site 9883,93.61431,22.621941,Hakha,Chin
Site 9884,93.65539,22.924293,Hakha,Chin
Site 9885,93.62027,22.709922,Hakha,Chin
Site 9886,93.876102,22.651665,Hakha,Chin
Site 9887,93.806355,22.696086,Hakha,Chin
Site 9888,93.583477,22.700278,Hakha,Chin
Site 9889,93.609743,22.571066,Hakha,Chin
Site 9890,93.650349,22.663309,Hakha,Chin
Site 9891,93.642854,22.539498,Hakha,Chin
Site 9892,93.646641,22.693868,Hakha,Chin
Site 9893,93.635864,22.510031,Hakha,Chin
Site 9894,93.603257,22.903011,Hakha,Chin
Site 9895,93.779314,22.594398,Hakha,Chin
Site 9896,93.673823,22.672569,Hakha,Chin
Site 9897,93.40266,22.830974,Hakha,Chin
Site 9898,93.562455,22.526374,Hakha,Chin
Site 9899,93.603364,22.747594,Hakha,Chin
Site 9900,93.377944,22.696511,Hakha,Chin
Site 9901,93.534469,22.709724,Hakha,Chin
Site 9902,93.520448,22.540983,Hakha,Chin
Site 9903,93.479799,22.647,Hakha,Chin
Site 9904,93.604243,22.617951,Hakha,Chin
Site 9905,93.606472,22.638655,Hakha,Chin
Site 9906,93.434082,22.559222,Hakha,Chin
Site 9907,93.533799,22.741863,Hakha,Chin
Site 9908,93.604339,22.837335,Hakha,Chin
Site 9909,93.686236,22.781397,Hakha,Chin
Site 9910,93.733509,22.723441,Hakha,Chin
Site 9911,93.622151,22.591094,Hakha,Chin
Site 9912,93.572068,22.710863,Hakha,Chin
Site 9913,93.850758,22.79993,Hakha,Chin
Site 9914,93.641,22.683449,Hakha,Chin
Site 9915,93.704005,22.736916,Hakha,Chin
Site 9916,93.644156,22.819963,Hakha,Chin
Site 9917,93.594778,22.621108,Hakha,Chin
Site 9918,93.518564,22.589389,Hakha,Chin
Site 9919,93.494053,22.765575,Hakha,Chin
Site 9920,93.633299,22.902987,Falam,Chin
Site 9921,93.430105,22.952075,Falam,Chin
Site 9922,93.6007,23.070411,Falam,Chin
Site 9923,93.832434,22.915819,Falam,Chin
Site 9924,93.572989,22.769124,Falam,Chin
Site 9925,93.796459,23.013413,Falam,Chin
Site 9926,93.643243,22.92818,Falam,Chin
Site 9927,93.75215,22.85411,Falam,Chin
Site 9928,93.660494,22.671464,Falam,Chin
Site 9929,93.72774,23.036307,Falam,Chin
Site 9930,93.621669,22.804263,Falam,Chin
Site 9931,93.768191,22.881199,Falam,Chin
Site 9932,93.780344,22.898626,Falam,Chin
Site 9933,93.745762,22.837645,Falam,Chin
Site 9934,93.864577,23.037882,Falam,Chin
Site 9935,93.74707,22.7632,Falam,Chin
Site 9936,93.630306,23.093231,Falam,Chin
Site 9937,93.86105,23.003225,Falam,Chin
Site 9938,93.231488,21.513346,Matupi,Chin
Site 9939,93.692816,21.767726,Matupi,Chin
Site 9940,93.504851,21.375516,Matupi,Chin
Site 9941,93.470826,21.637851,Matupi,Chin
Site 9942,93.389218,21.596414,Matupi,Chin
Site 9943,93.588012,21.570358,Matupi,Chin
Site 9944,93.310961,21.55385,Matupi,Chin
Site 9945,93.413357,21.70342,Matupi,Chin
Site 9946,93.362623,21.509098,Matupi,Chin
Site 9947,93.748809,21.619301,Matupi,Chin
Site 9948,93.400106,21.835806,Matupi,Chin
Site 9949,93.404341,21.691019,Matupi,Chin
Site 9950,93.438485,21.604031,Matupi,Chin
Site 9951,93.406812,21.408005,Matupi,Chin
Site 9952,93.3793,21.561232,Matupi,Chin
Site 9953,93.465773,21.775463,Matupi,Chin
Site 9954,93.465303,21.771755,Matupi,Chin
Site 9955,93.282211,21.588089,Matupi,Chin
Site 9956,94.122966,21.566445,Mindat,Chin
Site 9957,93.823285,21.556007,Mindat,Chin
Site 9958,94.197281,21.330281,Mindat,Chin
Site 9959,94.253064,21.150207,Mindat,Chin
Site 9960,93.856809,21.410044,Mindat,Chin
Site 9961,93.912409,21.342434,Mindat,Chin
Site 9962,93.91361,21.384314,Mindat,Chin
Site 9963,93.826726,21.443013,Mindat,Chin
Site 9964,93.899559,21.452868,Mindat,Chin
Site 9965,93.879218,21.437772,Mindat,Chin
Site 9966,94.116076,21.328535,Mindat,Chin
Site 9967,94.123039,21.582401,Mindat,Chin
Site 9968,93.998812,21.259392,Mindat,Chin
Site 9969,94.008581,21.531963,Mindat,Chin
Site 9970,93.944655,21.442234,Mindat,Chin
Site 9971,94.077082,21.612822,Mindat,Chin
Site 9972,93.900811,21.446659,Mindat,Chin
Site 9973,94.002059,21.454347,Mindat,Chin
Site 9974,93.524503,22.992063,Thantlang,Chin
Site 9975,93.565832,22.793442,Thantlang,Chin
Site 9976,93.303175,22.765384,Thantlang,Chin
Site 9977,93.68971,22.727739,Thantlang,Chin
Site 9978,93.738304,22.893205,Thantlang,Chin
Site 9979,93.418728,22.634969,Thantlang,Chin
Site 9980,93.663335,22.83507,Thantlang,Chin
Site 9981,93.583914,22.832577,Thantlang,Chin
Site 9982,93.5719,22.778937,Thantlang,Chin
Site 9983,94.204917,21.39362,Kanpetlet,Chin
Site 9984,94.016063,21.411628,Kanpetlet,Chin
Site 9985,94.034084,21.392967,Kanpetlet,Chin
Site 9986,93.958001,21.295122,Kanpetlet,Chin
Site 9987,94.088068,21.393436,Kanpetlet,Chin
Site 9988,94.255821,21.232335,Kanpetlet,Chin
Site 9989,93.956178,21.081807,Kanpetlet,Chin
Site 9990,93.793216,20.941331,Kanpetlet,Chin
Site 9991,94.06779,21.106541,Kanpetlet,Chin
Site 9992,92.856184,21.3503,Paletwa,Chin
Site 9993,92.946914,21.074656,Paletwa,Chin
Site 9994,92.97051,21.264426,Paletwa,Chin
Site 9995,92.975438,21.277773,Paletwa,Chin
Site 9996,92.611287,21.190261,Paletwa,Chin
Site 9997,92.940556,21.221703,Paletwa,Chin
Site 9998,92.946824,21.278494,Paletwa,Chin
Site 9999,92.666757,21.00369,Paletwa,Chin
Site 10000,92.810076,21.258084,Paletwa,Chin